tarih,saat,haftanin_gunu,tatil,sicaklik_C,yuk_MW
2025-01-01 00:00,0,2,1,-1.2,446.7
2025-01-01 01:00,1,2,1,-0.8,464.3
2025-01-01 02:00,2,2,1,-3.1,499.6
2025-01-01 03:00,3,2,1,-2.6,563.1
2025-01-01 04:00,4,2,1,-2.4,619.4
2025-01-01 05:00,5,2,1,-1.2,631.4
2025-01-01 06:00,6,2,1,-0.4,665.5
2025-01-01 07:00,7,2,1,1.5,681.4
2025-01-01 08:00,8,2,1,2.4,671.4
2025-01-01 09:00,9,2,1,3.1,683.0
2025-01-01 10:00,10,2,1,4.5,696.1
2025-01-01 11:00,11,2,1,5.6,712.7
2025-01-01 12:00,12,2,1,6.2,721.8
2025-01-01 13:00,13,2,1,6.6,760.9
2025-01-01 14:00,14,2,1,7.4,792.7
2025-01-01 15:00,15,2,1,7.9,796.0
2025-01-01 16:00,16,2,1,7.4,802.8
2025-01-01 17:00,17,2,1,6.7,778.9
2025-01-01 18:00,18,2,1,4.9,741.8
2025-01-01 19:00,19,2,1,5.1,656.9
2025-01-01 20:00,20,2,1,4.0,575.5
2025-01-01 21:00,21,2,1,3.7,529.4
2025-01-01 22:00,22,2,1,2.8,452.8
2025-01-01 23:00,23,2,1,3.0,415.8
2025-01-02 00:00,0,3,0,2.9,498.2
2025-01-02 01:00,1,3,0,2.3,518.8
2025-01-02 02:00,2,3,0,2.7,567.9
2025-01-02 03:00,3,3,0,1.8,626.7
2025-01-02 04:00,4,3,0,2.6,684.1
2025-01-02 05:00,5,3,0,2.0,747.5
2025-01-02 06:00,6,3,0,2.7,781.7
2025-01-02 07:00,7,3,0,4.0,799.0
2025-01-02 08:00,8,3,0,5.0,819.7
2025-01-02 09:00,9,3,0,5.7,841.1
2025-01-02 10:00,10,3,0,6.1,821.9
2025-01-02 11:00,11,3,0,6.8,853.0
2025-01-02 12:00,12,3,0,8.1,874.3
2025-01-02 13:00,13,3,0,9.2,922.6
2025-01-02 14:00,14,3,0,9.3,975.5
2025-01-02 15:00,15,3,0,8.6,1003.6
2025-01-02 16:00,16,3,0,8.7,1003.7
2025-01-02 17:00,17,3,0,7.4,998.5
2025-01-02 18:00,18,3,0,6.3,928.5
2025-01-02 19:00,19,3,0,5.0,861.7
2025-01-02 20:00,20,3,0,4.5,768.5
2025-01-02 21:00,21,3,0,3.5,650.8
2025-01-02 22:00,22,3,0,2.7,563.5
2025-01-02 23:00,23,3,0,1.8,516.8
2025-01-03 00:00,0,4,0,0.5,508.7
2025-01-03 01:00,1,4,0,0.1,540.0
2025-01-03 02:00,2,4,0,0.5,581.7
2025-01-03 03:00,3,4,0,0.2,643.1
2025-01-03 04:00,4,4,0,0.7,712.8
2025-01-03 05:00,5,4,0,0.9,757.2
2025-01-03 06:00,6,4,0,2.1,784.6
2025-01-03 07:00,7,4,0,3.2,805.4
2025-01-03 08:00,8,4,0,4.6,796.1
2025-01-03 09:00,9,4,0,5.7,807.4
2025-01-03 10:00,10,4,0,7.6,820.0
2025-01-03 11:00,11,4,0,8.2,847.4
2025-01-03 12:00,12,4,0,8.7,883.5
2025-01-03 13:00,13,4,0,8.8,925.2
2025-01-03 14:00,14,4,0,9.5,952.8
2025-01-03 15:00,15,4,0,9.1,985.0
2025-01-03 16:00,16,4,0,8.5,1001.0
2025-01-03 17:00,17,4,0,8.4,959.9
2025-01-03 18:00,18,4,0,8.4,912.8
2025-01-03 19:00,19,4,0,7.8,832.9
2025-01-03 20:00,20,4,0,5.1,745.2
2025-01-03 21:00,21,4,0,3.4,651.8
2025-01-03 22:00,22,4,0,1.6,578.1
2025-01-03 23:00,23,4,0,-0.1,545.5
2025-01-04 00:00,0,5,0,-1.2,503.0
2025-01-04 01:00,1,5,0,-0.8,516.4
2025-01-04 02:00,2,5,0,-1.4,562.1
2025-01-04 03:00,3,5,0,-2.0,619.9
2025-01-04 04:00,4,5,0,-1.5,668.3
2025-01-04 05:00,5,5,0,-1.1,706.2
2025-01-04 06:00,6,5,0,-0.4,732.5
2025-01-04 07:00,7,5,0,0.0,760.2
2025-01-04 08:00,8,5,0,1.0,755.1
2025-01-04 09:00,9,5,0,2.2,772.5
2025-01-04 10:00,10,5,0,2.1,767.1
2025-01-04 11:00,11,5,0,2.1,785.9
2025-01-04 12:00,12,5,0,3.6,815.5
2025-01-04 13:00,13,5,0,4.8,823.8
2025-01-04 14:00,14,5,0,4.9,857.7
2025-01-04 15:00,15,5,0,4.4,884.5
2025-01-04 16:00,16,5,0,4.2,886.8
2025-01-04 17:00,17,5,0,3.1,874.7
2025-01-04 18:00,18,5,0,2.3,850.0
2025-01-04 19:00,19,5,0,2.5,756.4
2025-01-04 20:00,20,5,0,1.7,681.6
2025-01-04 21:00,21,5,0,1.4,598.2
2025-01-04 22:00,22,5,0,0.2,531.2
2025-01-04 23:00,23,5,0,-0.5,482.2
2025-01-05 00:00,0,6,0,-0.6,460.2
2025-01-05 01:00,1,6,0,-2.0,467.7
2025-01-05 02:00,2,6,0,-2.7,505.7
2025-01-05 03:00,3,6,0,-2.9,557.9
2025-01-05 04:00,4,6,0,-2.6,627.6
2025-01-05 05:00,5,6,0,-1.2,667.9
2025-01-05 06:00,6,6,0,-0.2,698.6
2025-01-05 07:00,7,6,0,-0.3,718.1
2025-01-05 08:00,8,6,0,0.5,701.3
2025-01-05 09:00,9,6,0,1.0,702.4
2025-01-05 10:00,10,6,0,1.5,707.7
2025-01-05 11:00,11,6,0,3.7,726.9
2025-01-05 12:00,12,6,0,3.9,755.6
2025-01-05 13:00,13,6,0,4.6,797.3
2025-01-05 14:00,14,6,0,4.6,832.5
2025-01-05 15:00,15,6,0,5.3,837.6
2025-01-05 16:00,16,6,0,5.4,843.5
2025-01-05 17:00,17,6,0,5.0,835.5
2025-01-05 18:00,18,6,0,4.4,774.8
2025-01-05 19:00,19,6,0,4.2,707.0
2025-01-05 20:00,20,6,0,2.7,625.8
2025-01-05 21:00,21,6,0,1.2,563.8
2025-01-05 22:00,22,6,0,-0.5,507.5
2025-01-05 23:00,23,6,0,-0.7,472.1
2025-01-06 00:00,0,0,0,-1.7,520.3
2025-01-06 01:00,1,0,0,-3.0,568.4
2025-01-06 02:00,2,0,0,-3.6,603.6
2025-01-06 03:00,3,0,0,-2.2,655.6
2025-01-06 04:00,4,0,0,-2.1,719.1
2025-01-06 05:00,5,0,0,-1.2,762.0
2025-01-06 06:00,6,0,0,-0.4,804.8
2025-01-06 07:00,7,0,0,0.4,825.4
2025-01-06 08:00,8,0,0,0.9,844.2
2025-01-06 09:00,9,0,0,1.8,847.3
2025-01-06 10:00,10,0,0,2.6,872.0
2025-01-06 11:00,11,0,0,2.2,891.7
2025-01-06 12:00,12,0,0,4.6,914.1
2025-01-06 13:00,13,0,0,5.8,949.8
2025-01-06 14:00,14,0,0,6.2,983.5
2025-01-06 15:00,15,0,0,6.2,1012.8
2025-01-06 16:00,16,0,0,5.6,1003.8
2025-01-06 17:00,17,0,0,5.7,966.8
2025-01-06 18:00,18,0,0,5.0,909.7
2025-01-06 19:00,19,0,0,4.4,842.0
2025-01-06 20:00,20,0,0,2.6,750.2
2025-01-06 21:00,21,0,0,1.8,660.2
2025-01-06 22:00,22,0,0,1.9,574.2
2025-01-06 23:00,23,0,0,0.7,521.0
2025-01-07 00:00,0,1,0,0.3,504.8
2025-01-07 01:00,1,1,0,-0.4,527.0
2025-01-07 02:00,2,1,0,-0.2,577.8
2025-01-07 03:00,3,1,0,0.3,629.9
2025-01-07 04:00,4,1,0,0.3,690.1
2025-01-07 05:00,5,1,0,0.3,733.3
2025-01-07 06:00,6,1,0,1.0,770.8
2025-01-07 07:00,7,1,0,1.8,786.7
2025-01-07 08:00,8,1,0,2.3,809.4
2025-01-07 09:00,9,1,0,3.6,820.4
2025-01-07 10:00,10,1,0,4.8,842.1
2025-01-07 11:00,11,1,0,5.2,869.5
2025-01-07 12:00,12,1,0,5.9,910.9
2025-01-07 13:00,13,1,0,8.2,939.7
2025-01-07 14:00,14,1,0,9.0,970.2
2025-01-07 15:00,15,1,0,9.1,994.7
2025-01-07 16:00,16,1,0,10.3,978.4
2025-01-07 17:00,17,1,0,9.5,954.5
2025-01-07 18:00,18,1,0,7.2,891.6
2025-01-07 19:00,19,1,0,5.2,834.1
2025-01-07 20:00,20,1,0,3.2,736.3
2025-01-07 21:00,21,1,0,2.3,637.7
2025-01-07 22:00,22,1,0,1.8,592.2
2025-01-07 23:00,23,1,0,-0.5,549.1
2025-01-08 00:00,0,2,0,-0.7,526.8
2025-01-08 01:00,1,2,0,-2.1,535.8
2025-01-08 02:00,2,2,0,-2.3,596.3
2025-01-08 03:00,3,2,0,-2.2,646.3
2025-01-08 04:00,4,2,0,-1.8,725.4
2025-01-08 05:00,5,2,0,-1.4,751.9
2025-01-08 06:00,6,2,0,-0.7,774.6
2025-01-08 07:00,7,2,0,-0.6,794.6
2025-01-08 08:00,8,2,0,0.5,812.9
2025-01-08 09:00,9,2,0,2.1,811.5
2025-01-08 10:00,10,2,0,3.7,824.0
2025-01-08 11:00,11,2,0,6.2,837.6
2025-01-08 12:00,12,2,0,7.6,884.0
2025-01-08 13:00,13,2,0,8.5,916.5
2025-01-08 14:00,14,2,0,9.8,950.7
2025-01-08 15:00,15,2,0,10.0,980.9
2025-01-08 16:00,16,2,0,8.9,992.2
2025-01-08 17:00,17,2,0,7.1,974.1
2025-01-08 18:00,18,2,0,7.1,915.9
2025-01-08 19:00,19,2,0,6.5,825.0
2025-01-08 20:00,20,2,0,6.0,735.3
2025-01-08 21:00,21,2,0,4.6,628.2
2025-01-08 22:00,22,2,0,3.7,569.3
2025-01-08 23:00,23,2,0,3.8,510.1
2025-01-09 00:00,0,3,0,3.0,523.5
2025-01-09 01:00,1,3,0,1.5,547.2
2025-01-09 02:00,2,3,0,0.8,569.0
2025-01-09 03:00,3,3,0,1.3,622.5
2025-01-09 04:00,4,3,0,0.7,694.5
2025-01-09 05:00,5,3,0,-0.5,760.4
2025-01-09 06:00,6,3,0,-1.3,812.6
2025-01-09 07:00,7,3,0,-1.3,853.1
2025-01-09 08:00,8,3,0,0.1,832.6
2025-01-09 09:00,9,3,0,1.2,848.6
2025-01-09 10:00,10,3,0,1.8,850.8
2025-01-09 11:00,11,3,0,2.0,869.3
2025-01-09 12:00,12,3,0,2.8,892.6
2025-01-09 13:00,13,3,0,3.4,943.2
2025-01-09 14:00,14,3,0,3.5,989.5
2025-01-09 15:00,15,3,0,3.5,1003.9
2025-01-09 16:00,16,3,0,3.0,1002.0
2025-01-09 17:00,17,3,0,3.7,973.5
2025-01-09 18:00,18,3,0,1.7,924.6
2025-01-09 19:00,19,3,0,1.0,842.7
2025-01-09 20:00,20,3,0,-0.5,744.2
2025-01-09 21:00,21,3,0,-1.0,654.5
2025-01-09 22:00,22,3,0,-2.1,572.7
2025-01-09 23:00,23,3,0,-2.8,525.4
2025-01-10 00:00,0,4,0,-3.3,519.9
2025-01-10 01:00,1,4,0,-3.8,545.1
2025-01-10 02:00,2,4,0,-3.5,600.0
2025-01-10 03:00,3,4,0,-4.5,661.7
2025-01-10 04:00,4,4,0,-3.7,715.9
2025-01-10 05:00,5,4,0,-3.4,758.8
2025-01-10 06:00,6,4,0,-2.5,787.5
2025-01-10 07:00,7,4,0,-0.7,795.2
2025-01-10 08:00,8,4,0,0.9,798.5
2025-01-10 09:00,9,4,0,3.1,786.1
2025-01-10 10:00,10,4,0,2.7,808.3
2025-01-10 11:00,11,4,0,3.1,836.4
2025-01-10 12:00,12,4,0,4.5,864.3
2025-01-10 13:00,13,4,0,4.5,924.4
2025-01-10 14:00,14,4,0,4.8,973.5
2025-01-10 15:00,15,4,0,5.9,987.8
2025-01-10 16:00,16,4,0,6.3,995.3
2025-01-10 17:00,17,4,0,5.3,1003.7
2025-01-10 18:00,18,4,0,4.9,954.0
2025-01-10 19:00,19,4,0,4.4,856.8
2025-01-10 20:00,20,4,0,3.5,762.9
2025-01-10 21:00,21,4,0,2.3,663.8
2025-01-10 22:00,22,4,0,1.3,592.2
2025-01-10 23:00,23,4,0,-0.6,538.8
2025-01-11 00:00,0,5,0,-1.4,497.4
2025-01-11 01:00,1,5,0,-2.6,526.5
2025-01-11 02:00,2,5,0,-2.7,566.0
2025-01-11 03:00,3,5,0,-2.6,610.8
2025-01-11 04:00,4,5,0,-3.0,661.6
2025-01-11 05:00,5,5,0,-2.2,688.7
2025-01-11 06:00,6,5,0,-1.4,732.2
2025-01-11 07:00,7,5,0,-0.6,738.3
2025-01-11 08:00,8,5,0,0.8,758.3
2025-01-11 09:00,9,5,0,1.6,764.6
2025-01-11 10:00,10,5,0,2.5,780.1
2025-01-11 11:00,11,5,0,3.5,788.7
2025-01-11 12:00,12,5,0,4.3,832.8
2025-01-11 13:00,13,5,0,5.6,858.7
2025-01-11 14:00,14,5,0,4.5,891.3
2025-01-11 15:00,15,5,0,4.5,926.6
2025-01-11 16:00,16,5,0,3.1,937.4
2025-01-11 17:00,17,5,0,2.5,898.6
2025-01-11 18:00,18,5,0,2.1,845.9
2025-01-11 19:00,19,5,0,1.3,770.1
2025-01-11 20:00,20,5,0,0.9,706.2
2025-01-11 21:00,21,5,0,0.1,604.8
2025-01-11 22:00,22,5,0,-2.6,549.0
2025-01-11 23:00,23,5,0,-4.1,531.7
2025-01-12 00:00,0,6,0,-4.0,481.9
2025-01-12 01:00,1,6,0,-3.7,511.0
2025-01-12 02:00,2,6,0,-4.0,542.8
2025-01-12 03:00,3,6,0,-5.0,609.6
2025-01-12 04:00,4,6,0,-3.6,648.3
2025-01-12 05:00,5,6,0,-4.4,681.7
2025-01-12 06:00,6,6,0,-3.6,709.5
2025-01-12 07:00,7,6,0,-2.8,730.1
2025-01-12 08:00,8,6,0,-1.6,734.0
2025-01-12 09:00,9,6,0,-1.3,747.7
2025-01-12 10:00,10,6,0,-0.5,762.1
2025-01-12 11:00,11,6,0,1.2,775.9
2025-01-12 12:00,12,6,0,1.7,803.4
2025-01-12 13:00,13,6,0,1.5,829.4
2025-01-12 14:00,14,6,0,2.0,840.9
2025-01-12 15:00,15,6,0,2.2,857.4
2025-01-12 16:00,16,6,0,2.0,880.2
2025-01-12 17:00,17,6,0,1.2,856.7
2025-01-12 18:00,18,6,0,0.9,788.0
2025-01-12 19:00,19,6,0,0.1,718.9
2025-01-12 20:00,20,6,0,-1.6,656.0
2025-01-12 21:00,21,6,0,-2.4,581.4
2025-01-12 22:00,22,6,0,-3.4,510.4
2025-01-12 23:00,23,6,0,-4.2,480.6
2025-01-13 00:00,0,0,0,-6.1,555.0
2025-01-13 01:00,1,0,0,-7.1,592.2
2025-01-13 02:00,2,0,0,-7.1,622.7
2025-01-13 03:00,3,0,0,-6.6,688.3
2025-01-13 04:00,4,0,0,-6.2,734.9
2025-01-13 05:00,5,0,0,-5.7,781.3
2025-01-13 06:00,6,0,0,-4.5,816.3
2025-01-13 07:00,7,0,0,-3.1,837.0
2025-01-13 08:00,8,0,0,-1.0,843.4
2025-01-13 09:00,9,0,0,0.3,848.6
2025-01-13 10:00,10,0,0,1.0,881.1
2025-01-13 11:00,11,0,0,2.2,879.2
2025-01-13 12:00,12,0,0,1.9,924.9
2025-01-13 13:00,13,0,0,2.6,963.6
2025-01-13 14:00,14,0,0,2.8,991.2
2025-01-13 15:00,15,0,0,3.0,1024.1
2025-01-13 16:00,16,0,0,3.2,1017.3
2025-01-13 17:00,17,0,0,2.8,990.9
2025-01-13 18:00,18,0,0,1.4,932.1
2025-01-13 19:00,19,0,0,0.4,856.0
2025-01-13 20:00,20,0,0,-1.0,768.3
2025-01-13 21:00,21,0,0,-2.0,679.3
2025-01-13 22:00,22,0,0,-2.7,607.9
2025-01-13 23:00,23,0,0,-4.2,581.9
2025-01-14 00:00,0,1,0,-4.5,555.8
2025-01-14 01:00,1,1,0,-4.3,571.2
2025-01-14 02:00,2,1,0,-4.8,611.6
2025-01-14 03:00,3,1,0,-4.4,670.9
2025-01-14 04:00,4,1,0,-5.1,747.1
2025-01-14 05:00,5,1,0,-5.0,783.5
2025-01-14 06:00,6,1,0,-3.7,819.9
2025-01-14 07:00,7,1,0,-3.9,858.0
2025-01-14 08:00,8,1,0,-3.1,866.2
2025-01-14 09:00,9,1,0,-2.5,878.0
2025-01-14 10:00,10,1,0,-0.7,878.7
2025-01-14 11:00,11,1,0,1.0,921.1
2025-01-14 12:00,12,1,0,1.5,960.3
2025-01-14 13:00,13,1,0,2.3,988.6
2025-01-14 14:00,14,1,0,1.2,1042.0
2025-01-14 15:00,15,1,0,2.0,1041.5
2025-01-14 16:00,16,1,0,2.1,1046.5
2025-01-14 17:00,17,1,0,2.6,1011.2
2025-01-14 18:00,18,1,0,0.6,946.0
2025-01-14 19:00,19,1,0,0.1,853.2
2025-01-14 20:00,20,1,0,-1.0,764.4
2025-01-14 21:00,21,1,0,-3.5,695.9
2025-01-14 22:00,22,1,0,-4.9,623.9
2025-01-14 23:00,23,1,0,-5.7,598.5
2025-01-15 00:00,0,2,0,-5.9,582.9
2025-01-15 01:00,1,2,0,-6.3,593.1
2025-01-15 02:00,2,2,0,-6.9,636.7
2025-01-15 03:00,3,2,0,-6.7,694.6
2025-01-15 04:00,4,2,0,-6.5,740.2
2025-01-15 05:00,5,2,0,-6.4,758.7
2025-01-15 06:00,6,2,0,-6.3,803.0
2025-01-15 07:00,7,2,0,-5.2,833.3
2025-01-15 08:00,8,2,0,-4.0,845.8
2025-01-15 09:00,9,2,0,-1.8,839.1
2025-01-15 10:00,10,2,0,-0.9,849.9
2025-01-15 11:00,11,2,0,1.1,885.2
2025-01-15 12:00,12,2,0,2.2,932.0
2025-01-15 13:00,13,2,0,3.6,968.2
2025-01-15 14:00,14,2,0,3.5,1000.9
2025-01-15 15:00,15,2,0,3.1,1008.9
2025-01-15 16:00,16,2,0,2.8,1012.7
2025-01-15 17:00,17,2,0,3.0,986.6
2025-01-15 18:00,18,2,0,2.6,912.6
2025-01-15 19:00,19,2,0,2.2,839.4
2025-01-15 20:00,20,2,0,1.5,746.2
2025-01-15 21:00,21,2,0,1.1,645.8
2025-01-15 22:00,22,2,0,0.1,568.4
2025-01-15 23:00,23,2,0,-1.1,521.3
2025-01-16 00:00,0,3,0,-1.7,532.3
2025-01-16 01:00,1,3,0,-2.3,559.7
2025-01-16 02:00,2,3,0,-1.6,588.3
2025-01-16 03:00,3,3,0,-1.9,651.9
2025-01-16 04:00,4,3,0,-1.7,712.4
2025-01-16 05:00,5,3,0,-1.5,760.2
2025-01-16 06:00,6,3,0,-0.2,786.6
2025-01-16 07:00,7,3,0,1.1,804.8
2025-01-16 08:00,8,3,0,2.4,807.0
2025-01-16 09:00,9,3,0,2.6,814.5
2025-01-16 10:00,10,3,0,2.7,847.6
2025-01-16 11:00,11,3,0,3.8,875.1
2025-01-16 12:00,12,3,0,5.0,923.8
2025-01-16 13:00,13,3,0,6.5,942.1
2025-01-16 14:00,14,3,0,5.8,987.9
2025-01-16 15:00,15,3,0,5.8,990.8
2025-01-16 16:00,16,3,0,4.6,994.6
2025-01-16 17:00,17,3,0,3.6,978.2
2025-01-16 18:00,18,3,0,2.9,933.0
2025-01-16 19:00,19,3,0,2.7,843.1
2025-01-16 20:00,20,3,0,1.4,733.6
2025-01-16 21:00,21,3,0,-0.0,643.7
2025-01-16 22:00,22,3,0,-1.2,579.1
2025-01-16 23:00,23,3,0,-1.4,537.2
2025-01-17 00:00,0,4,0,-0.8,521.1
2025-01-17 01:00,1,4,0,-2.4,553.0
2025-01-17 02:00,2,4,0,-3.0,596.8
2025-01-17 03:00,3,4,0,-3.3,665.7
2025-01-17 04:00,4,4,0,-2.5,713.9
2025-01-17 05:00,5,4,0,-1.8,753.2
2025-01-17 06:00,6,4,0,-0.3,788.8
2025-01-17 07:00,7,4,0,-0.1,803.5
2025-01-17 08:00,8,4,0,0.8,823.4
2025-01-17 09:00,9,4,0,1.6,831.8
2025-01-17 10:00,10,4,0,1.9,861.1
2025-01-17 11:00,11,4,0,2.8,873.6
2025-01-17 12:00,12,4,0,2.9,912.7
2025-01-17 13:00,13,4,0,4.9,938.4
2025-01-17 14:00,14,4,0,5.5,966.8
2025-01-17 15:00,15,4,0,5.0,997.8
2025-01-17 16:00,16,4,0,4.5,994.2
2025-01-17 17:00,17,4,0,5.2,962.2
2025-01-17 18:00,18,4,0,4.2,909.7
2025-01-17 19:00,19,4,0,3.8,824.0
2025-01-17 20:00,20,4,0,3.2,740.3
2025-01-17 21:00,21,4,0,2.8,648.9
2025-01-17 22:00,22,4,0,2.1,565.7
2025-01-17 23:00,23,4,0,0.9,509.9
2025-01-18 00:00,0,5,0,-0.3,473.3
2025-01-18 01:00,1,5,0,-2.1,490.9
2025-01-18 02:00,2,5,0,-2.5,534.2
2025-01-18 03:00,3,5,0,-2.6,588.9
2025-01-18 04:00,4,5,0,-2.7,646.6
2025-01-18 05:00,5,5,0,-2.4,697.9
2025-01-18 06:00,6,5,0,-2.5,746.9
2025-01-18 07:00,7,5,0,-0.3,737.6
2025-01-18 08:00,8,5,0,0.3,749.7
2025-01-18 09:00,9,5,0,0.7,756.2
2025-01-18 10:00,10,5,0,1.4,763.9
2025-01-18 11:00,11,5,0,2.3,800.1
2025-01-18 12:00,12,5,0,3.6,830.7
2025-01-18 13:00,13,5,0,2.8,859.5
2025-01-18 14:00,14,5,0,3.5,902.4
2025-01-18 15:00,15,5,0,3.3,931.4
2025-01-18 16:00,16,5,0,3.1,925.9
2025-01-18 17:00,17,5,0,3.4,905.0
2025-01-18 18:00,18,5,0,3.3,844.1
2025-01-18 19:00,19,5,0,2.0,781.6
2025-01-18 20:00,20,5,0,1.1,669.4
2025-01-18 21:00,21,5,0,1.2,592.0
2025-01-18 22:00,22,5,0,1.0,534.3
2025-01-18 23:00,23,5,0,0.5,487.2
2025-01-19 00:00,0,6,0,-0.4,452.4
2025-01-19 01:00,1,6,0,-0.5,472.4
2025-01-19 02:00,2,6,0,-0.7,509.8
2025-01-19 03:00,3,6,0,-1.2,557.6
2025-01-19 04:00,4,6,0,-1.8,597.5
2025-01-19 05:00,5,6,0,-1.1,644.3
2025-01-19 06:00,6,6,0,-0.2,675.3
2025-01-19 07:00,7,6,0,1.3,702.5
2025-01-19 08:00,8,6,0,1.9,693.4
2025-01-19 09:00,9,6,0,3.7,695.4
2025-01-19 10:00,10,6,0,4.4,698.1
2025-01-19 11:00,11,6,0,6.1,716.5
2025-01-19 12:00,12,6,0,7.2,740.7
2025-01-19 13:00,13,6,0,7.3,770.1
2025-01-19 14:00,14,6,0,7.1,806.0
2025-01-19 15:00,15,6,0,7.1,823.9
2025-01-19 16:00,16,6,0,6.7,834.9
2025-01-19 17:00,17,6,0,6.8,805.3
2025-01-19 18:00,18,6,0,5.7,757.8
2025-01-19 19:00,19,6,0,4.0,686.6
2025-01-19 20:00,20,6,0,3.0,618.0
2025-01-19 21:00,21,6,0,3.0,552.4
2025-01-19 22:00,22,6,0,2.9,484.6
2025-01-19 23:00,23,6,0,1.5,425.1
2025-01-20 00:00,0,0,0,0.4,491.3
2025-01-20 01:00,1,0,0,-0.1,513.6
2025-01-20 02:00,2,0,0,-0.9,562.4
2025-01-20 03:00,3,0,0,-1.3,632.3
2025-01-20 04:00,4,0,0,-1.4,689.8
2025-01-20 05:00,5,0,0,-1.6,762.3
2025-01-20 06:00,6,0,0,-1.4,797.2
2025-01-20 07:00,7,0,0,-0.9,819.3
2025-01-20 08:00,8,0,0,0.2,806.6
2025-01-20 09:00,9,0,0,0.6,823.2
2025-01-20 10:00,10,0,0,1.7,845.5
2025-01-20 11:00,11,0,0,2.1,874.8
2025-01-20 12:00,12,0,0,2.4,895.2
2025-01-20 13:00,13,0,0,2.4,950.1
2025-01-20 14:00,14,0,0,5.3,968.7
2025-01-20 15:00,15,0,0,6.2,976.1
2025-01-20 16:00,16,0,0,6.8,978.0
2025-01-20 17:00,17,0,0,6.9,960.9
2025-01-20 18:00,18,0,0,6.0,915.1
2025-01-20 19:00,19,0,0,5.2,834.9
2025-01-20 20:00,20,0,0,4.3,732.6
2025-01-20 21:00,21,0,0,3.5,634.7
2025-01-20 22:00,22,0,0,2.7,573.3
2025-01-20 23:00,23,0,0,2.6,519.1
2025-01-21 00:00,0,1,0,-0.1,531.8
2025-01-21 01:00,1,1,0,-1.1,562.7
2025-01-21 02:00,2,1,0,-1.2,607.5
2025-01-21 03:00,3,1,0,-1.6,673.0
2025-01-21 04:00,4,1,0,-1.6,726.0
2025-01-21 05:00,5,1,0,-0.3,765.2
2025-01-21 06:00,6,1,0,0.4,805.0
2025-01-21 07:00,7,1,0,2.2,793.7
2025-01-21 08:00,8,1,0,3.1,796.7
2025-01-21 09:00,9,1,0,4.1,817.7
2025-01-21 10:00,10,1,0,4.4,821.4
2025-01-21 11:00,11,1,0,4.1,842.3
2025-01-21 12:00,12,1,0,4.7,877.3
2025-01-21 13:00,13,1,0,5.3,925.0
2025-01-21 14:00,14,1,0,5.5,944.1
2025-01-21 15:00,15,1,0,4.8,974.8
2025-01-21 16:00,16,1,0,5.1,972.9
2025-01-21 17:00,17,1,0,4.7,940.7
2025-01-21 18:00,18,1,0,4.1,892.0
2025-01-21 19:00,19,1,0,2.8,830.1
2025-01-21 20:00,20,1,0,2.8,732.2
2025-01-21 21:00,21,1,0,2.6,633.8
2025-01-21 22:00,22,1,0,1.7,564.8
2025-01-21 23:00,23,1,0,0.7,522.3
2025-01-22 00:00,0,2,0,-0.1,524.0
2025-01-22 01:00,1,2,0,0.3,542.1
2025-01-22 02:00,2,2,0,1.5,596.1
2025-01-22 03:00,3,2,0,1.2,635.9
2025-01-22 04:00,4,2,0,1.0,696.1
2025-01-22 05:00,5,2,0,0.2,762.2
2025-01-22 06:00,6,2,0,2.4,779.2
2025-01-22 07:00,7,2,0,2.4,804.5
2025-01-22 08:00,8,2,0,3.8,803.3
2025-01-22 09:00,9,2,0,5.0,815.3
2025-01-22 10:00,10,2,0,6.8,828.6
2025-01-22 11:00,11,2,0,7.1,846.7
2025-01-22 12:00,12,2,0,6.8,874.6
2025-01-22 13:00,13,2,0,7.4,906.9
2025-01-22 14:00,14,2,0,8.0,931.9
2025-01-22 15:00,15,2,0,8.7,958.1
2025-01-22 16:00,16,2,0,7.5,971.4
2025-01-22 17:00,17,2,0,6.7,936.9
2025-01-22 18:00,18,2,0,5.9,890.8
2025-01-22 19:00,19,2,0,4.2,817.2
2025-01-22 20:00,20,2,0,3.1,739.6
2025-01-22 21:00,21,2,0,2.5,636.0
2025-01-22 22:00,22,2,0,1.4,551.9
2025-01-22 23:00,23,2,0,-0.5,506.2
2025-01-23 00:00,0,3,0,-1.1,504.4
2025-01-23 01:00,1,3,0,-1.3,534.0
2025-01-23 02:00,2,3,0,-1.4,590.2
2025-01-23 03:00,3,3,0,-1.1,619.7
2025-01-23 04:00,4,3,0,-2.0,686.2
2025-01-23 05:00,5,3,0,-1.3,722.6
2025-01-23 06:00,6,3,0,-0.4,764.2
2025-01-23 07:00,7,3,0,0.2,773.0
2025-01-23 08:00,8,3,0,1.1,778.5
2025-01-23 09:00,9,3,0,1.6,806.3
2025-01-23 10:00,10,3,0,3.4,798.9
2025-01-23 11:00,11,3,0,4.1,819.5
2025-01-23 12:00,12,3,0,4.4,856.2
2025-01-23 13:00,13,3,0,5.1,903.8
2025-01-23 14:00,14,3,0,5.6,952.5
2025-01-23 15:00,15,3,0,6.1,985.5
2025-01-23 16:00,16,3,0,5.4,998.9
2025-01-23 17:00,17,3,0,4.6,958.1
2025-01-23 18:00,18,3,0,4.2,915.3
2025-01-23 19:00,19,3,0,4.7,802.2
2025-01-23 20:00,20,3,0,3.9,712.9
2025-01-23 21:00,21,3,0,2.0,622.0
2025-01-23 22:00,22,3,0,1.1,570.9
2025-01-23 23:00,23,3,0,-0.4,530.2
2025-01-24 00:00,0,4,0,-2.3,528.3
2025-01-24 01:00,1,4,0,-3.4,527.0
2025-01-24 02:00,2,4,0,-4.1,563.3
2025-01-24 03:00,3,4,0,-3.9,638.3
2025-01-24 04:00,4,4,0,-3.0,678.8
2025-01-24 05:00,5,4,0,-1.9,753.2
2025-01-24 06:00,6,4,0,-0.8,763.3
2025-01-24 07:00,7,4,0,-0.2,790.3
2025-01-24 08:00,8,4,0,0.8,803.2
2025-01-24 09:00,9,4,0,1.8,803.8
2025-01-24 10:00,10,4,0,3.7,801.9
2025-01-24 11:00,11,4,0,4.2,836.1
2025-01-24 12:00,12,4,0,4.7,870.3
2025-01-24 13:00,13,4,0,6.2,913.9
2025-01-24 14:00,14,4,0,6.9,946.2
2025-01-24 15:00,15,4,0,6.7,987.9
2025-01-24 16:00,16,4,0,6.6,987.2
2025-01-24 17:00,17,4,0,6.2,958.6
2025-01-24 18:00,18,4,0,5.7,901.1
2025-01-24 19:00,19,4,0,5.3,819.4
2025-01-24 20:00,20,4,0,4.5,730.1
2025-01-24 21:00,21,4,0,3.2,640.1
2025-01-24 22:00,22,4,0,1.8,558.6
2025-01-24 23:00,23,4,0,-0.2,548.3
2025-01-25 00:00,0,5,0,-1.3,488.2
2025-01-25 01:00,1,5,0,-1.3,495.1
2025-01-25 02:00,2,5,0,-1.6,528.0
2025-01-25 03:00,3,5,0,-2.1,589.6
2025-01-25 04:00,4,5,0,-2.2,640.5
2025-01-25 05:00,5,5,0,-2.3,700.5
2025-01-25 06:00,6,5,0,-1.5,723.2
2025-01-25 07:00,7,5,0,0.5,727.7
2025-01-25 08:00,8,5,0,2.5,739.7
2025-01-25 09:00,9,5,0,4.2,743.4
2025-01-25 10:00,10,5,0,5.6,739.4
2025-01-25 11:00,11,5,0,6.4,770.2
2025-01-25 12:00,12,5,0,6.4,791.6
2025-01-25 13:00,13,5,0,6.9,830.2
2025-01-25 14:00,14,5,0,7.0,860.3
2025-01-25 15:00,15,5,0,7.6,873.1
2025-01-25 16:00,16,5,0,7.5,890.0
2025-01-25 17:00,17,5,0,6.6,870.6
2025-01-25 18:00,18,5,0,6.2,820.3
2025-01-25 19:00,19,5,0,7.1,728.6
2025-01-25 20:00,20,5,0,5.5,663.5
2025-01-25 21:00,21,5,0,5.0,589.6
2025-01-25 22:00,22,5,0,4.2,523.7
2025-01-25 23:00,23,5,0,3.1,470.6
2025-01-26 00:00,0,6,0,1.7,436.3
2025-01-26 01:00,1,6,0,1.0,445.3
2025-01-26 02:00,2,6,0,0.6,490.8
2025-01-26 03:00,3,6,0,0.9,521.9
2025-01-26 04:00,4,6,0,1.3,578.6
2025-01-26 05:00,5,6,0,1.8,616.6
2025-01-26 06:00,6,6,0,1.9,656.3
2025-01-26 07:00,7,6,0,2.8,666.7
2025-01-26 08:00,8,6,0,3.4,674.6
2025-01-26 09:00,9,6,0,3.7,693.8
2025-01-26 10:00,10,6,0,5.2,703.6
2025-01-26 11:00,11,6,0,5.7,724.7
2025-01-26 12:00,12,6,0,5.7,751.8
2025-01-26 13:00,13,6,0,6.4,797.2
2025-01-26 14:00,14,6,0,5.6,819.2
2025-01-26 15:00,15,6,0,5.6,840.6
2025-01-26 16:00,16,6,0,5.8,842.0
2025-01-26 17:00,17,6,0,5.1,808.4
2025-01-26 18:00,18,6,0,4.6,776.3
2025-01-26 19:00,19,6,0,5.0,691.2
2025-01-26 20:00,20,6,0,4.9,600.8
2025-01-26 21:00,21,6,0,4.3,538.1
2025-01-26 22:00,22,6,0,3.6,469.3
2025-01-26 23:00,23,6,0,2.2,424.1
2025-01-27 00:00,0,0,0,1.2,472.0
2025-01-27 01:00,1,0,0,0.3,498.0
2025-01-27 02:00,2,0,0,-0.1,549.0
2025-01-27 03:00,3,0,0,-0.3,609.9
2025-01-27 04:00,4,0,0,-0.7,673.5
2025-01-27 05:00,5,0,0,0.6,720.9
2025-01-27 06:00,6,0,0,0.5,773.1
2025-01-27 07:00,7,0,0,1.5,776.0
2025-01-27 08:00,8,0,0,3.0,787.0
2025-01-27 09:00,9,0,0,3.9,791.7
2025-01-27 10:00,10,0,0,4.5,808.6
2025-01-27 11:00,11,0,0,5.4,844.8
2025-01-27 12:00,12,0,0,7.3,854.6
2025-01-27 13:00,13,0,0,8.2,895.5
2025-01-27 14:00,14,0,0,8.4,934.4
2025-01-27 15:00,15,0,0,8.7,958.9
2025-01-27 16:00,16,0,0,8.4,950.5
2025-01-27 17:00,17,0,0,6.7,942.7
2025-01-27 18:00,18,0,0,6.2,885.8
2025-01-27 19:00,19,0,0,5.9,818.5
2025-01-27 20:00,20,0,0,5.6,727.5
2025-01-27 21:00,21,0,0,4.4,623.5
2025-01-27 22:00,22,0,0,2.4,571.2
2025-01-27 23:00,23,0,0,2.1,524.1
2025-01-28 00:00,0,1,0,1.1,505.4
2025-01-28 01:00,1,1,0,0.8,531.3
2025-01-28 02:00,2,1,0,1.0,564.6
2025-01-28 03:00,3,1,0,1.0,621.0
2025-01-28 04:00,4,1,0,0.9,677.1
2025-01-28 05:00,5,1,0,0.9,742.5
2025-01-28 06:00,6,1,0,1.1,761.0
2025-01-28 07:00,7,1,0,1.9,781.5
2025-01-28 08:00,8,1,0,2.5,812.6
2025-01-28 09:00,9,1,0,3.7,824.8
2025-01-28 10:00,10,1,0,3.5,844.1
2025-01-28 11:00,11,1,0,3.8,885.1
2025-01-28 12:00,12,1,0,4.6,926.6
2025-01-28 13:00,13,1,0,4.7,954.3
2025-01-28 14:00,14,1,0,4.8,980.4
2025-01-28 15:00,15,1,0,4.3,1013.8
2025-01-28 16:00,16,1,0,4.5,1005.6
2025-01-28 17:00,17,1,0,5.1,945.4
2025-01-28 18:00,18,1,0,3.9,897.9
2025-01-28 19:00,19,1,0,3.7,828.4
2025-01-28 20:00,20,1,0,1.9,734.9
2025-01-28 21:00,21,1,0,0.9,663.7
2025-01-28 22:00,22,1,0,-1.3,595.9
2025-01-28 23:00,23,1,0,-2.0,551.9
2025-01-29 00:00,0,2,0,-2.7,528.8
2025-01-29 01:00,1,2,0,-3.3,558.1
2025-01-29 02:00,2,2,0,-2.9,602.3
2025-01-29 03:00,3,2,0,-2.7,651.9
2025-01-29 04:00,4,2,0,-2.6,716.5
2025-01-29 05:00,5,2,0,-2.7,775.8
2025-01-29 06:00,6,2,0,-2.1,826.5
2025-01-29 07:00,7,2,0,-1.6,860.4
2025-01-29 08:00,8,2,0,-0.9,845.1
2025-01-29 09:00,9,2,0,1.0,855.8
2025-01-29 10:00,10,2,0,2.6,852.2
2025-01-29 11:00,11,2,0,3.7,892.1
2025-01-29 12:00,12,2,0,4.8,923.9
2025-01-29 13:00,13,2,0,4.6,952.6
2025-01-29 14:00,14,2,0,5.0,1001.8
2025-01-29 15:00,15,2,0,4.1,1023.1
2025-01-29 16:00,16,2,0,3.6,1012.5
2025-01-29 17:00,17,2,0,3.4,991.2
2025-01-29 18:00,18,2,0,3.0,926.9
2025-01-29 19:00,19,2,0,2.6,832.8
2025-01-29 20:00,20,2,0,1.8,735.6
2025-01-29 21:00,21,2,0,0.7,646.3
2025-01-29 22:00,22,2,0,-0.3,562.4
2025-01-29 23:00,23,2,0,-0.5,530.5
2025-01-30 00:00,0,3,0,-0.5,542.1
2025-01-30 01:00,1,3,0,-2.1,546.5
2025-01-30 02:00,2,3,0,-2.4,597.9
2025-01-30 03:00,3,3,0,-1.8,638.5
2025-01-30 04:00,4,3,0,-1.9,689.7
2025-01-30 05:00,5,3,0,-1.4,761.2
2025-01-30 06:00,6,3,0,-1.2,802.5
2025-01-30 07:00,7,3,0,-1.2,839.4
2025-01-30 08:00,8,3,0,-0.2,831.2
2025-01-30 09:00,9,3,0,0.6,846.0
2025-01-30 10:00,10,3,0,1.5,855.3
2025-01-30 11:00,11,3,0,1.6,894.2
2025-01-30 12:00,12,3,0,1.7,941.0
2025-01-30 13:00,13,3,0,2.3,970.1
2025-01-30 14:00,14,3,0,2.4,1003.4
2025-01-30 15:00,15,3,0,2.9,1004.7
2025-01-30 16:00,16,3,0,2.1,1032.0
2025-01-30 17:00,17,3,0,2.2,997.8
2025-01-30 18:00,18,3,0,1.9,925.7
2025-01-30 19:00,19,3,0,1.1,844.4
2025-01-30 20:00,20,3,0,0.5,735.2
2025-01-30 21:00,21,3,0,-0.6,657.6
2025-01-30 22:00,22,3,0,-1.8,590.0
2025-01-30 23:00,23,3,0,-2.8,545.1
2025-01-31 00:00,0,4,0,-4.4,541.3
2025-01-31 01:00,1,4,0,-5.1,552.0
2025-01-31 02:00,2,4,0,-5.0,610.1
2025-01-31 03:00,3,4,0,-6.1,674.2
2025-01-31 04:00,4,4,0,-5.6,731.1
2025-01-31 05:00,5,4,0,-5.5,795.8
2025-01-31 06:00,6,4,0,-5.1,834.6
2025-01-31 07:00,7,4,0,-4.2,839.5
2025-01-31 08:00,8,4,0,-3.1,850.3
2025-01-31 09:00,9,4,0,-1.3,841.4
2025-01-31 10:00,10,4,0,-0.3,861.2
2025-01-31 11:00,11,4,0,1.6,881.2
2025-01-31 12:00,12,4,0,2.4,905.3
2025-01-31 13:00,13,4,0,3.3,946.6
2025-01-31 14:00,14,4,0,4.1,975.1
2025-01-31 15:00,15,4,0,3.7,1013.2
2025-01-31 16:00,16,4,0,2.9,1028.6
2025-01-31 17:00,17,4,0,2.5,977.2
2025-01-31 18:00,18,4,0,2.3,935.3
2025-01-31 19:00,19,4,0,1.9,844.2
2025-01-31 20:00,20,4,0,0.7,766.8
2025-01-31 21:00,21,4,0,0.7,660.6
2025-01-31 22:00,22,4,0,-0.5,582.0
2025-01-31 23:00,23,4,0,-1.9,540.0
2025-02-01 00:00,0,5,0,-2.0,484.5
2025-02-01 01:00,1,5,0,-2.0,503.0
2025-02-01 02:00,2,5,0,-3.0,536.0
2025-02-01 03:00,3,5,0,-2.7,588.3
2025-02-01 04:00,4,5,0,-3.3,655.2
2025-02-01 05:00,5,5,0,-2.9,719.2
2025-02-01 06:00,6,5,0,-0.9,727.9
2025-02-01 07:00,7,5,0,0.6,735.0
2025-02-01 08:00,8,5,0,2.0,734.1
2025-02-01 09:00,9,5,0,3.3,743.3
2025-02-01 10:00,10,5,0,3.8,760.6
2025-02-01 11:00,11,5,0,4.9,777.4
2025-02-01 12:00,12,5,0,6.0,811.6
2025-02-01 13:00,13,5,0,5.9,859.1
2025-02-01 14:00,14,5,0,6.4,892.2
2025-02-01 15:00,15,5,0,6.9,899.4
2025-02-01 16:00,16,5,0,6.8,918.6
2025-02-01 17:00,17,5,0,6.6,894.7
2025-02-01 18:00,18,5,0,5.8,872.9
2025-02-01 19:00,19,5,0,4.3,784.6
2025-02-01 20:00,20,5,0,3.3,685.5
2025-02-01 21:00,21,5,0,1.1,604.2
2025-02-01 22:00,22,5,0,-0.3,536.9
2025-02-01 23:00,23,5,0,-0.6,472.7
2025-02-02 00:00,0,6,0,-0.3,436.7
2025-02-02 01:00,1,6,0,-0.7,440.8
2025-02-02 02:00,2,6,0,-2.5,499.6
2025-02-02 03:00,3,6,0,-1.9,538.7
2025-02-02 04:00,4,6,0,-1.4,607.1
2025-02-02 05:00,5,6,0,-1.1,645.7
2025-02-02 06:00,6,6,0,-0.0,664.6
2025-02-02 07:00,7,6,0,1.1,688.6
2025-02-02 08:00,8,6,0,1.3,714.7
2025-02-02 09:00,9,6,0,1.6,713.6
2025-02-02 10:00,10,6,0,3.3,709.8
2025-02-02 11:00,11,6,0,2.9,738.0
2025-02-02 12:00,12,6,0,4.1,757.4
2025-02-02 13:00,13,6,0,5.0,788.1
2025-02-02 14:00,14,6,0,6.0,817.4
2025-02-02 15:00,15,6,0,7.2,827.2
2025-02-02 16:00,16,6,0,7.8,838.1
2025-02-02 17:00,17,6,0,8.3,811.9
2025-02-02 18:00,18,6,0,8.1,753.0
2025-02-02 19:00,19,6,0,7.5,694.0
2025-02-02 20:00,20,6,0,7.1,615.9
2025-02-02 21:00,21,6,0,5.9,545.8
2025-02-02 22:00,22,6,0,4.2,487.6
2025-02-02 23:00,23,6,0,3.2,462.7
2025-02-03 00:00,0,0,0,1.3,517.6
2025-02-03 01:00,1,0,0,0.3,536.9
2025-02-03 02:00,2,0,0,1.1,576.3
2025-02-03 03:00,3,0,0,1.3,629.5
2025-02-03 04:00,4,0,0,1.2,686.0
2025-02-03 05:00,5,0,0,1.2,737.3
2025-02-03 06:00,6,0,0,0.7,783.6
2025-02-03 07:00,7,0,0,1.2,785.6
2025-02-03 08:00,8,0,0,1.7,782.3
2025-02-03 09:00,9,0,0,2.7,794.6
2025-02-03 10:00,10,0,0,3.8,825.4
2025-02-03 11:00,11,0,0,4.7,831.2
2025-02-03 12:00,12,0,0,4.4,890.8
2025-02-03 13:00,13,0,0,5.9,928.1
2025-02-03 14:00,14,0,0,6.6,980.7
2025-02-03 15:00,15,0,0,6.7,1003.5
2025-02-03 16:00,16,0,0,6.4,990.2
2025-02-03 17:00,17,0,0,6.2,984.3
2025-02-03 18:00,18,0,0,6.3,908.6
2025-02-03 19:00,19,0,0,5.8,831.4
2025-02-03 20:00,20,0,0,4.1,735.7
2025-02-03 21:00,21,0,0,2.3,639.7
2025-02-03 22:00,22,0,0,-0.2,572.7
2025-02-03 23:00,23,0,0,-1.0,529.7
2025-02-04 00:00,0,1,0,-1.4,511.9
2025-02-04 01:00,1,1,0,-1.2,524.5
2025-02-04 02:00,2,1,0,-1.6,565.5
2025-02-04 03:00,3,1,0,-1.2,614.1
2025-02-04 04:00,4,1,0,-1.7,691.8
2025-02-04 05:00,5,1,0,-1.0,750.8
2025-02-04 06:00,6,1,0,-0.5,789.9
2025-02-04 07:00,7,1,0,-0.1,797.9
2025-02-04 08:00,8,1,0,-0.1,825.8
2025-02-04 09:00,9,1,0,1.6,826.5
2025-02-04 10:00,10,1,0,1.3,857.0
2025-02-04 11:00,11,1,0,2.7,867.0
2025-02-04 12:00,12,1,0,3.0,887.3
2025-02-04 13:00,13,1,0,4.1,940.9
2025-02-04 14:00,14,1,0,4.2,992.9
2025-02-04 15:00,15,1,0,4.8,1017.9
2025-02-04 16:00,16,1,0,4.5,1026.1
2025-02-04 17:00,17,1,0,3.5,981.1
2025-02-04 18:00,18,1,0,2.6,918.3
2025-02-04 19:00,19,1,0,0.9,831.3
2025-02-04 20:00,20,1,0,0.1,747.4
2025-02-04 21:00,21,1,0,-0.2,671.2
2025-02-04 22:00,22,1,0,-0.9,593.0
2025-02-04 23:00,23,1,0,-1.8,536.6
2025-02-05 00:00,0,2,0,-1.8,525.4
2025-02-05 01:00,1,2,0,-3.1,562.7
2025-02-05 02:00,2,2,0,-3.1,598.7
2025-02-05 03:00,3,2,0,-3.3,667.6
2025-02-05 04:00,4,2,0,-3.4,724.3
2025-02-05 05:00,5,2,0,-2.6,773.1
2025-02-05 06:00,6,2,0,-2.7,805.5
2025-02-05 07:00,7,2,0,-1.9,811.6
2025-02-05 08:00,8,2,0,-0.7,815.5
2025-02-05 09:00,9,2,0,-0.3,818.3
2025-02-05 10:00,10,2,0,0.6,841.9
2025-02-05 11:00,11,2,0,2.0,857.2
2025-02-05 12:00,12,2,0,3.4,896.3
2025-02-05 13:00,13,2,0,3.5,942.7
2025-02-05 14:00,14,2,0,4.5,970.4
2025-02-05 15:00,15,2,0,4.5,989.7
2025-02-05 16:00,16,2,0,4.4,991.6
2025-02-05 17:00,17,2,0,3.7,964.3
2025-02-05 18:00,18,2,0,3.6,908.4
2025-02-05 19:00,19,2,0,2.3,819.7
2025-02-05 20:00,20,2,0,1.6,726.8
2025-02-05 21:00,21,2,0,0.8,640.4
2025-02-05 22:00,22,2,0,0.2,540.0
2025-02-05 23:00,23,2,0,-1.4,505.4
2025-02-06 00:00,0,3,0,-1.7,483.3
2025-02-06 01:00,1,3,0,-2.3,517.0
2025-02-06 02:00,2,3,0,-1.8,552.0
2025-02-06 03:00,3,3,0,-2.2,623.7
2025-02-06 04:00,4,3,0,-2.4,688.3
2025-02-06 05:00,5,3,0,-2.0,729.1
2025-02-06 06:00,6,3,0,-1.6,764.4
2025-02-06 07:00,7,3,0,-0.8,796.8
2025-02-06 08:00,8,3,0,-0.6,813.3
2025-02-06 09:00,9,3,0,-0.8,837.3
2025-02-06 10:00,10,3,0,-0.6,851.0
2025-02-06 11:00,11,3,0,0.1,866.9
2025-02-06 12:00,12,3,0,1.3,901.9
2025-02-06 13:00,13,3,0,1.8,947.4
2025-02-06 14:00,14,3,0,1.7,982.9
2025-02-06 15:00,15,3,0,1.9,1016.1
2025-02-06 16:00,16,3,0,1.9,1015.2
2025-02-06 17:00,17,3,0,3.2,980.8
2025-02-06 18:00,18,3,0,3.4,923.6
2025-02-06 19:00,19,3,0,2.7,851.2
2025-02-06 20:00,20,3,0,0.9,772.1
2025-02-06 21:00,21,3,0,-0.2,680.8
2025-02-06 22:00,22,3,0,-1.4,602.9
2025-02-06 23:00,23,3,0,-2.0,536.1
2025-02-07 00:00,0,4,0,-1.4,526.7
2025-02-07 01:00,1,4,0,-2.1,547.9
2025-02-07 02:00,2,4,0,-3.7,592.3
2025-02-07 03:00,3,4,0,-3.8,657.6
2025-02-07 04:00,4,4,0,-4.7,723.8
2025-02-07 05:00,5,4,0,-3.7,775.2
2025-02-07 06:00,6,4,0,-2.4,796.7
2025-02-07 07:00,7,4,0,-1.3,809.3
2025-02-07 08:00,8,4,0,-1.2,818.0
2025-02-07 09:00,9,4,0,-0.2,823.0
2025-02-07 10:00,10,4,0,1.6,827.9
2025-02-07 11:00,11,4,0,2.0,860.2
2025-02-07 12:00,12,4,0,2.5,904.3
2025-02-07 13:00,13,4,0,3.3,937.4
2025-02-07 14:00,14,4,0,4.1,947.5
2025-02-07 15:00,15,4,0,4.3,1003.4
2025-02-07 16:00,16,4,0,4.4,995.0
2025-02-07 17:00,17,4,0,4.2,976.8
2025-02-07 18:00,18,4,0,3.2,914.3
2025-02-07 19:00,19,4,0,2.4,825.2
2025-02-07 20:00,20,4,0,1.6,717.8
2025-02-07 21:00,21,4,0,-0.1,640.8
2025-02-07 22:00,22,4,0,-0.9,579.9
2025-02-07 23:00,23,4,0,-1.8,521.2
2025-02-08 00:00,0,5,0,-2.3,471.8
2025-02-08 01:00,1,5,0,-2.7,482.1
2025-02-08 02:00,2,5,0,-3.7,542.9
2025-02-08 03:00,3,5,0,-4.5,584.8
2025-02-08 04:00,4,5,0,-4.2,644.3
2025-02-08 05:00,5,5,0,-3.8,695.3
2025-02-08 06:00,6,5,0,-3.0,740.5
2025-02-08 07:00,7,5,0,-2.5,754.5
2025-02-08 08:00,8,5,0,-2.2,774.9
2025-02-08 09:00,9,5,0,-1.0,784.2
2025-02-08 10:00,10,5,0,0.1,781.9
2025-02-08 11:00,11,5,0,1.5,806.4
2025-02-08 12:00,12,5,0,3.0,824.9
2025-02-08 13:00,13,5,0,4.4,855.9
2025-02-08 14:00,14,5,0,5.4,863.5
2025-02-08 15:00,15,5,0,4.9,892.2
2025-02-08 16:00,16,5,0,3.6,899.1
2025-02-08 17:00,17,5,0,2.8,863.7
2025-02-08 18:00,18,5,0,1.5,809.6
2025-02-08 19:00,19,5,0,0.0,753.7
2025-02-08 20:00,20,5,0,-0.5,663.1
2025-02-08 21:00,21,5,0,-2.4,594.6
2025-02-08 22:00,22,5,0,-2.7,536.5
2025-02-08 23:00,23,5,0,-3.0,489.3
2025-02-09 00:00,0,6,0,-2.1,455.1
2025-02-09 01:00,1,6,0,-2.0,476.4
2025-02-09 02:00,2,6,0,-1.2,511.6
2025-02-09 03:00,3,6,0,-1.7,546.3
2025-02-09 04:00,4,6,0,-2.0,610.7
2025-02-09 05:00,5,6,0,-1.1,670.4
2025-02-09 06:00,6,6,0,-1.2,674.5
2025-02-09 07:00,7,6,0,0.3,698.1
2025-02-09 08:00,8,6,0,1.0,712.5
2025-02-09 09:00,9,6,0,0.9,720.8
2025-02-09 10:00,10,6,0,3.0,710.0
2025-02-09 11:00,11,6,0,3.3,738.4
2025-02-09 12:00,12,6,0,5.7,755.0
2025-02-09 13:00,13,6,0,5.4,802.4
2025-02-09 14:00,14,6,0,5.2,823.8
2025-02-09 15:00,15,6,0,5.5,853.9
2025-02-09 16:00,16,6,0,5.4,837.1
2025-02-09 17:00,17,6,0,4.0,822.8
2025-02-09 18:00,18,6,0,3.5,787.6
2025-02-09 19:00,19,6,0,2.8,723.6
2025-02-09 20:00,20,6,0,2.1,642.5
2025-02-09 21:00,21,6,0,0.1,566.6
2025-02-09 22:00,22,6,0,-1.2,496.9
2025-02-09 23:00,23,6,0,-2.2,462.6
2025-02-10 00:00,0,0,0,-2.4,513.6
2025-02-10 01:00,1,0,0,-2.9,528.7
2025-02-10 02:00,2,0,0,-3.5,589.0
2025-02-10 03:00,3,0,0,-3.9,645.9
2025-02-10 04:00,4,0,0,-2.8,692.7
2025-02-10 05:00,5,0,0,-2.9,743.8
2025-02-10 06:00,6,0,0,-2.0,787.0
2025-02-10 07:00,7,0,0,-2.5,817.6
2025-02-10 08:00,8,0,0,-0.4,816.1
2025-02-10 09:00,9,0,0,0.9,831.2
2025-02-10 10:00,10,0,0,0.9,842.8
2025-02-10 11:00,11,0,0,2.3,866.5
2025-02-10 12:00,12,0,0,4.0,903.6
2025-02-10 13:00,13,0,0,5.1,939.0
2025-02-10 14:00,14,0,0,5.6,972.7
2025-02-10 15:00,15,0,0,6.2,991.0
2025-02-10 16:00,16,0,0,5.6,996.2
2025-02-10 17:00,17,0,0,5.1,966.6
2025-02-10 18:00,18,0,0,4.2,922.3
2025-02-10 19:00,19,0,0,3.4,834.4
2025-02-10 20:00,20,0,0,1.8,737.2
2025-02-10 21:00,21,0,0,1.7,642.2
2025-02-10 22:00,22,0,0,0.6,581.7
2025-02-10 23:00,23,0,0,-1.1,534.2
2025-02-11 00:00,0,1,0,-1.9,545.2
2025-02-11 01:00,1,1,0,-2.3,541.8
2025-02-11 02:00,2,1,0,-2.7,588.0
2025-02-11 03:00,3,1,0,-2.1,642.8
2025-02-11 04:00,4,1,0,-2.2,704.6
2025-02-11 05:00,5,1,0,-2.3,751.8
2025-02-11 06:00,6,1,0,-1.3,788.2
2025-02-11 07:00,7,1,0,0.3,801.2
2025-02-11 08:00,8,1,0,0.6,824.0
2025-02-11 09:00,9,1,0,0.7,828.9
2025-02-11 10:00,10,1,0,1.4,835.5
2025-02-11 11:00,11,1,0,2.4,860.4
2025-02-11 12:00,12,1,0,2.6,908.1
2025-02-11 13:00,13,1,0,3.4,923.4
2025-02-11 14:00,14,1,0,3.3,964.9
2025-02-11 15:00,15,1,0,4.1,979.5
2025-02-11 16:00,16,1,0,3.3,1004.0
2025-02-11 17:00,17,1,0,2.4,975.1
2025-02-11 18:00,18,1,0,1.9,921.5
2025-02-11 19:00,19,1,0,1.5,839.1
2025-02-11 20:00,20,1,0,1.2,748.1
2025-02-11 21:00,21,1,0,-0.2,659.1
2025-02-11 22:00,22,1,0,-1.2,575.0
2025-02-11 23:00,23,1,0,-1.8,527.8
2025-02-12 00:00,0,2,0,-1.7,522.6
2025-02-12 01:00,1,2,0,-2.8,532.7
2025-02-12 02:00,2,2,0,-3.9,610.1
2025-02-12 03:00,3,2,0,-3.7,653.6
2025-02-12 04:00,4,2,0,-3.7,708.0
2025-02-12 05:00,5,2,0,-2.5,741.6
2025-02-12 06:00,6,2,0,-1.8,769.8
2025-02-12 07:00,7,2,0,-0.8,796.1
2025-02-12 08:00,8,2,0,-0.3,816.7
2025-02-12 09:00,9,2,0,1.0,812.3
2025-02-12 10:00,10,2,0,2.8,816.1
2025-02-12 11:00,11,2,0,3.6,847.8
2025-02-12 12:00,12,2,0,3.7,881.5
2025-02-12 13:00,13,2,0,4.9,910.7
2025-02-12 14:00,14,2,0,5.1,943.6
2025-02-12 15:00,15,2,0,5.3,985.7
2025-02-12 16:00,16,2,0,4.7,987.7
2025-02-12 17:00,17,2,0,4.9,960.5
2025-02-12 18:00,18,2,0,3.8,912.7
2025-02-12 19:00,19,2,0,2.7,820.3
2025-02-12 20:00,20,2,0,1.8,700.9
2025-02-12 21:00,21,2,0,0.6,622.4
2025-02-12 22:00,22,2,0,-1.7,563.9
2025-02-12 23:00,23,2,0,-2.4,502.3
2025-02-13 00:00,0,3,0,-3.8,507.7
2025-02-13 01:00,1,3,0,-4.2,536.6
2025-02-13 02:00,2,3,0,-4.7,587.1
2025-02-13 03:00,3,3,0,-4.9,629.4
2025-02-13 04:00,4,3,0,-5.1,699.5
2025-02-13 05:00,5,3,0,-5.3,760.8
2025-02-13 06:00,6,3,0,-4.4,791.6
2025-02-13 07:00,7,3,0,-3.4,804.8
2025-02-13 08:00,8,3,0,-1.7,811.9
2025-02-13 09:00,9,3,0,-0.3,850.1
2025-02-13 10:00,10,3,0,0.4,861.7
2025-02-13 11:00,11,3,0,2.1,884.7
2025-02-13 12:00,12,3,0,4.3,897.1
2025-02-13 13:00,13,3,0,5.3,922.0
2025-02-13 14:00,14,3,0,5.6,964.2
2025-02-13 15:00,15,3,0,5.2,989.5
2025-02-13 16:00,16,3,0,5.1,978.7
2025-02-13 17:00,17,3,0,3.8,961.3
2025-02-13 18:00,18,3,0,3.7,908.4
2025-02-13 19:00,19,3,0,2.7,823.5
2025-02-13 20:00,20,3,0,1.4,736.8
2025-02-13 21:00,21,3,0,0.5,654.7
2025-02-13 22:00,22,3,0,-1.2,583.3
2025-02-13 23:00,23,3,0,-3.2,553.4
2025-02-14 00:00,0,4,0,-4.1,541.9
2025-02-14 01:00,1,4,0,-3.9,564.0
2025-02-14 02:00,2,4,0,-4.8,596.1
2025-02-14 03:00,3,4,0,-4.3,644.5
2025-02-14 04:00,4,4,0,-5.3,719.4
2025-02-14 05:00,5,4,0,-4.8,772.6
2025-02-14 06:00,6,4,0,-3.8,816.8
2025-02-14 07:00,7,4,0,-1.8,836.8
2025-02-14 08:00,8,4,0,-1.9,856.2
2025-02-14 09:00,9,4,0,-0.8,854.9
2025-02-14 10:00,10,4,0,-0.2,863.1
2025-02-14 11:00,11,4,0,1.0,884.1
2025-02-14 12:00,12,4,0,1.5,926.4
2025-02-14 13:00,13,4,0,2.3,956.8
2025-02-14 14:00,14,4,0,2.3,1000.9
2025-02-14 15:00,15,4,0,2.2,1019.3
2025-02-14 16:00,16,4,0,2.4,1009.9
2025-02-14 17:00,17,4,0,3.0,967.5
2025-02-14 18:00,18,4,0,2.6,898.6
2025-02-14 19:00,19,4,0,1.8,809.5
2025-02-14 20:00,20,4,0,0.6,705.6
2025-02-14 21:00,21,4,0,0.6,615.8
2025-02-14 22:00,22,4,0,-1.6,547.6
2025-02-14 23:00,23,4,0,-3.7,503.2
2025-02-15 00:00,0,5,0,-4.8,470.6
2025-02-15 01:00,1,5,0,-5.1,482.2
2025-02-15 02:00,2,5,0,-4.8,505.3
2025-02-15 03:00,3,5,0,-4.5,580.4
2025-02-15 04:00,4,5,0,-3.9,629.9
2025-02-15 05:00,5,5,0,-3.3,675.0
2025-02-15 06:00,6,5,0,-2.9,704.3
2025-02-15 07:00,7,5,0,-2.7,703.9
2025-02-15 08:00,8,5,0,-1.4,729.3
2025-02-15 09:00,9,5,0,-0.9,724.4
2025-02-15 10:00,10,5,0,0.5,749.9
2025-02-15 11:00,11,5,0,1.9,751.0
2025-02-15 12:00,12,5,0,2.4,765.9
2025-02-15 13:00,13,5,0,2.9,827.3
2025-02-15 14:00,14,5,0,3.0,869.9
2025-02-15 15:00,15,5,0,3.6,897.1
2025-02-15 16:00,16,5,0,3.6,914.6
2025-02-15 17:00,17,5,0,2.9,896.6
2025-02-15 18:00,18,5,0,2.5,834.7
2025-02-15 19:00,19,5,0,2.6,752.2
2025-02-15 20:00,20,5,0,1.8,662.9
2025-02-15 21:00,21,5,0,0.9,608.5
2025-02-15 22:00,22,5,0,-0.4,542.4
2025-02-15 23:00,23,5,0,-1.9,494.0
2025-02-16 00:00,0,6,0,-2.6,489.7
2025-02-16 01:00,1,6,0,-3.1,497.3
2025-02-16 02:00,2,6,0,-3.7,520.0
2025-02-16 03:00,3,6,0,-3.1,569.0
2025-02-16 04:00,4,6,0,-3.1,606.4
2025-02-16 05:00,5,6,0,-2.7,637.2
2025-02-16 06:00,6,6,0,-2.0,678.9
2025-02-16 07:00,7,6,0,-0.8,696.9
2025-02-16 08:00,8,6,0,-0.9,705.5
2025-02-16 09:00,9,6,0,0.3,707.5
2025-02-16 10:00,10,6,0,2.2,722.3
2025-02-16 11:00,11,6,0,2.5,733.2
2025-02-16 12:00,12,6,0,3.6,757.2
2025-02-16 13:00,13,6,0,3.9,784.4
2025-02-16 14:00,14,6,0,3.8,816.9
2025-02-16 15:00,15,6,0,4.1,838.0
2025-02-16 16:00,16,6,0,4.0,825.1
2025-02-16 17:00,17,6,0,2.4,817.4
2025-02-16 18:00,18,6,0,1.5,754.4
2025-02-16 19:00,19,6,0,1.2,678.2
2025-02-16 20:00,20,6,0,-0.0,585.1
2025-02-16 21:00,21,6,0,-1.4,516.8
2025-02-16 22:00,22,6,0,-2.6,447.9
2025-02-16 23:00,23,6,0,-3.7,425.1
2025-02-17 00:00,0,0,0,-3.9,475.7
2025-02-17 01:00,1,0,0,-5.0,502.7
2025-02-17 02:00,2,0,0,-6.0,564.3
2025-02-17 03:00,3,0,0,-5.7,625.7
2025-02-17 04:00,4,0,0,-4.9,674.3
2025-02-17 05:00,5,0,0,-4.0,730.5
2025-02-17 06:00,6,0,0,-2.8,793.5
2025-02-17 07:00,7,0,0,-2.3,823.2
2025-02-17 08:00,8,0,0,-2.2,831.2
2025-02-17 09:00,9,0,0,-1.5,832.3
2025-02-17 10:00,10,0,0,-0.3,832.7
2025-02-17 11:00,11,0,0,-0.3,864.9
2025-02-17 12:00,12,0,0,0.5,921.5
2025-02-17 13:00,13,0,0,1.6,943.5
2025-02-17 14:00,14,0,0,1.7,1000.7
2025-02-17 15:00,15,0,0,3.1,1009.2
2025-02-17 16:00,16,0,0,3.5,1025.0
2025-02-17 17:00,17,0,0,2.5,998.7
2025-02-17 18:00,18,0,0,1.2,935.9
2025-02-17 19:00,19,0,0,0.1,858.0
2025-02-17 20:00,20,0,0,-0.3,779.4
2025-02-17 21:00,21,0,0,-1.0,687.0
2025-02-17 22:00,22,0,0,-2.3,609.3
2025-02-17 23:00,23,0,0,-3.0,542.9
2025-02-18 00:00,0,1,0,-3.2,538.0
2025-02-18 01:00,1,1,0,-3.5,549.1
2025-02-18 02:00,2,1,0,-4.8,596.3
2025-02-18 03:00,3,1,0,-5.5,648.7
2025-02-18 04:00,4,1,0,-5.8,704.3
2025-02-18 05:00,5,1,0,-6.3,750.9
2025-02-18 06:00,6,1,0,-5.0,773.1
2025-02-18 07:00,7,1,0,-4.4,816.3
2025-02-18 08:00,8,1,0,-3.7,822.7
2025-02-18 09:00,9,1,0,-3.0,829.7
2025-02-18 10:00,10,1,0,-1.7,843.2
2025-02-18 11:00,11,1,0,-0.2,873.7
2025-02-18 12:00,12,1,0,1.1,906.5
2025-02-18 13:00,13,1,0,2.6,938.6
2025-02-18 14:00,14,1,0,2.5,968.5
2025-02-18 15:00,15,1,0,3.7,1006.5
2025-02-18 16:00,16,1,0,5.1,996.5
2025-02-18 17:00,17,1,0,4.5,954.3
2025-02-18 18:00,18,1,0,3.6,899.4
2025-02-18 19:00,19,1,0,3.2,824.6
2025-02-18 20:00,20,1,0,3.0,722.0
2025-02-18 21:00,21,1,0,1.8,643.2
2025-02-18 22:00,22,1,0,0.3,579.6
2025-02-18 23:00,23,1,0,0.6,526.6
2025-02-19 00:00,0,2,0,-0.5,509.0
2025-02-19 01:00,1,2,0,-2.7,537.8
2025-02-19 02:00,2,2,0,-2.8,560.2
2025-02-19 03:00,3,2,0,-2.3,612.3
2025-02-19 04:00,4,2,0,-1.1,680.9
2025-02-19 05:00,5,2,0,0.3,721.0
2025-02-19 06:00,6,2,0,2.8,754.2
2025-02-19 07:00,7,2,0,3.2,756.7
2025-02-19 08:00,8,2,0,3.4,775.5
2025-02-19 09:00,9,2,0,3.5,766.4
2025-02-19 10:00,10,2,0,5.6,780.9
2025-02-19 11:00,11,2,0,6.2,809.6
2025-02-19 12:00,12,2,0,6.0,844.1
2025-02-19 13:00,13,2,0,5.3,896.4
2025-02-19 14:00,14,2,0,5.8,945.5
2025-02-19 15:00,15,2,0,5.7,975.5
2025-02-19 16:00,16,2,0,5.8,973.2
2025-02-19 17:00,17,2,0,4.9,948.0
2025-02-19 18:00,18,2,0,3.8,896.1
2025-02-19 19:00,19,2,0,3.3,816.9
2025-02-19 20:00,20,2,0,2.3,719.6
2025-02-19 21:00,21,2,0,1.6,609.6
2025-02-19 22:00,22,2,0,0.5,527.0
2025-02-19 23:00,23,2,0,-0.6,490.4
2025-02-20 00:00,0,3,0,-1.1,468.9
2025-02-20 01:00,1,3,0,-1.9,484.2
2025-02-20 02:00,2,3,0,-2.2,540.9
2025-02-20 03:00,3,3,0,-2.0,603.0
2025-02-20 04:00,4,3,0,-2.2,672.5
2025-02-20 05:00,5,3,0,-1.8,725.6
2025-02-20 06:00,6,3,0,-1.1,764.3
2025-02-20 07:00,7,3,0,0.1,779.0
2025-02-20 08:00,8,3,0,1.3,786.9
2025-02-20 09:00,9,3,0,2.4,795.0
2025-02-20 10:00,10,3,0,3.7,816.5
2025-02-20 11:00,11,3,0,4.5,844.6
2025-02-20 12:00,12,3,0,5.6,856.9
2025-02-20 13:00,13,3,0,5.7,923.5
2025-02-20 14:00,14,3,0,5.0,954.7
2025-02-20 15:00,15,3,0,5.5,988.2
2025-02-20 16:00,16,3,0,4.2,1016.0
2025-02-20 17:00,17,3,0,3.8,983.9
2025-02-20 18:00,18,3,0,4.1,915.9
2025-02-20 19:00,19,3,0,3.7,833.0
2025-02-20 20:00,20,3,0,2.2,737.1
2025-02-20 21:00,21,3,0,1.6,636.7
2025-02-20 22:00,22,3,0,0.7,542.6
2025-02-20 23:00,23,3,0,-0.7,506.5
2025-02-21 00:00,0,4,0,-1.5,480.4
2025-02-21 01:00,1,4,0,-2.4,496.2
2025-02-21 02:00,2,4,0,-2.9,548.9
2025-02-21 03:00,3,4,0,-2.8,609.8
2025-02-21 04:00,4,4,0,-3.6,680.9
2025-02-21 05:00,5,4,0,-2.6,736.3
2025-02-21 06:00,6,4,0,-0.7,774.7
2025-02-21 07:00,7,4,0,0.0,795.4
2025-02-21 08:00,8,4,0,0.4,810.4
2025-02-21 09:00,9,4,0,1.2,802.3
2025-02-21 10:00,10,4,0,3.0,822.4
2025-02-21 11:00,11,4,0,3.7,856.0
2025-02-21 12:00,12,4,0,4.8,874.2
2025-02-21 13:00,13,4,0,6.9,895.5
2025-02-21 14:00,14,4,0,6.8,972.3
2025-02-21 15:00,15,4,0,7.0,992.8
2025-02-21 16:00,16,4,0,6.5,985.8
2025-02-21 17:00,17,4,0,5.9,973.9
2025-02-21 18:00,18,4,0,5.3,895.2
2025-02-21 19:00,19,4,0,4.0,824.3
2025-02-21 20:00,20,4,0,3.4,729.5
2025-02-21 21:00,21,4,0,2.5,634.5
2025-02-21 22:00,22,4,0,2.1,546.4
2025-02-21 23:00,23,4,0,1.5,501.5
2025-02-22 00:00,0,5,0,1.0,441.0
2025-02-22 01:00,1,5,0,1.3,470.5
2025-02-22 02:00,2,5,0,0.7,522.7
2025-02-22 03:00,3,5,0,0.9,556.4
2025-02-22 04:00,4,5,0,0.6,605.8
2025-02-22 05:00,5,5,0,1.8,635.3
2025-02-22 06:00,6,5,0,1.9,684.4
2025-02-22 07:00,7,5,0,3.3,700.3
2025-02-22 08:00,8,5,0,3.7,717.1
2025-02-22 09:00,9,5,0,4.9,714.2
2025-02-22 10:00,10,5,0,5.2,720.9
2025-02-22 11:00,11,5,0,5.7,746.7
2025-02-22 12:00,12,5,0,6.0,787.4
2025-02-22 13:00,13,5,0,6.9,822.0
2025-02-22 14:00,14,5,0,7.6,866.7
2025-02-22 15:00,15,5,0,8.2,897.6
2025-02-22 16:00,16,5,0,8.3,895.5
2025-02-22 17:00,17,5,0,7.7,857.1
2025-02-22 18:00,18,5,0,7.5,797.4
2025-02-22 19:00,19,5,0,7.6,726.5
2025-02-22 20:00,20,5,0,6.3,645.6
2025-02-22 21:00,21,5,0,4.8,588.3
2025-02-22 22:00,22,5,0,4.1,522.0
2025-02-22 23:00,23,5,0,4.3,474.4
2025-02-23 00:00,0,6,0,3.5,437.2
2025-02-23 01:00,1,6,0,2.6,461.1
2025-02-23 02:00,2,6,0,1.6,500.3
2025-02-23 03:00,3,6,0,1.0,529.4
2025-02-23 04:00,4,6,0,0.5,602.2
2025-02-23 05:00,5,6,0,0.4,637.8
2025-02-23 06:00,6,6,0,1.7,665.2
2025-02-23 07:00,7,6,0,3.3,654.4
2025-02-23 08:00,8,6,0,4.3,660.3
2025-02-23 09:00,9,6,0,5.4,671.6
2025-02-23 10:00,10,6,0,6.9,682.1
2025-02-23 11:00,11,6,0,7.8,695.2
2025-02-23 12:00,12,6,0,8.7,728.8
2025-02-23 13:00,13,6,0,9.7,747.9
2025-02-23 14:00,14,6,0,10.0,782.1
2025-02-23 15:00,15,6,0,10.9,813.7
2025-02-23 16:00,16,6,0,12.6,783.9
2025-02-23 17:00,17,6,0,12.1,771.0
2025-02-23 18:00,18,6,0,11.6,729.6
2025-02-23 19:00,19,6,0,10.1,641.1
2025-02-23 20:00,20,6,0,8.8,567.5
2025-02-23 21:00,21,6,0,7.8,512.1
2025-02-23 22:00,22,6,0,6.9,457.9
2025-02-23 23:00,23,6,0,5.8,403.9
2025-02-24 00:00,0,0,0,4.3,475.3
2025-02-24 01:00,1,0,0,3.8,494.2
2025-02-24 02:00,2,0,0,3.0,528.6
2025-02-24 03:00,3,0,0,3.1,580.0
2025-02-24 04:00,4,0,0,3.1,630.1
2025-02-24 05:00,5,0,0,3.4,675.4
2025-02-24 06:00,6,0,0,3.9,696.8
2025-02-24 07:00,7,0,0,3.4,739.2
2025-02-24 08:00,8,0,0,5.1,751.8
2025-02-24 09:00,9,0,0,5.6,768.3
2025-02-24 10:00,10,0,0,6.9,771.7
2025-02-24 11:00,11,0,0,8.2,791.1
2025-02-24 12:00,12,0,0,8.6,823.7
2025-02-24 13:00,13,0,0,8.5,884.1
2025-02-24 14:00,14,0,0,9.2,915.3
2025-02-24 15:00,15,0,0,8.8,948.1
2025-02-24 16:00,16,0,0,8.6,953.4
2025-02-24 17:00,17,0,0,8.5,929.0
2025-02-24 18:00,18,0,0,7.6,856.7
2025-02-24 19:00,19,0,0,5.8,780.5
2025-02-24 20:00,20,0,0,4.5,697.3
2025-02-24 21:00,21,0,0,3.8,592.1
2025-02-24 22:00,22,0,0,2.3,528.9
2025-02-24 23:00,23,0,0,1.9,491.7
2025-02-25 00:00,0,1,0,0.3,487.6
2025-02-25 01:00,1,1,0,-0.8,509.2
2025-02-25 02:00,2,1,0,-2.2,557.2
2025-02-25 03:00,3,1,0,-2.8,627.3
2025-02-25 04:00,4,1,0,-1.6,678.9
2025-02-25 05:00,5,1,0,-0.8,728.3
2025-02-25 06:00,6,1,0,-0.3,759.0
2025-02-25 07:00,7,1,0,0.2,786.9
2025-02-25 08:00,8,1,0,2.0,785.4
2025-02-25 09:00,9,1,0,3.0,798.5
2025-02-25 10:00,10,1,0,3.5,826.6
2025-02-25 11:00,11,1,0,5.4,838.0
2025-02-25 12:00,12,1,0,5.5,873.5
2025-02-25 13:00,13,1,0,6.3,917.7
2025-02-25 14:00,14,1,0,7.1,941.2
2025-02-25 15:00,15,1,0,7.8,967.3
2025-02-25 16:00,16,1,0,8.9,951.5
2025-02-25 17:00,17,1,0,9.0,923.4
2025-02-25 18:00,18,1,0,7.9,871.9
2025-02-25 19:00,19,1,0,7.7,787.2
2025-02-25 20:00,20,1,0,6.9,708.5
2025-02-25 21:00,21,1,0,5.1,613.5
2025-02-25 22:00,22,1,0,3.3,549.5
2025-02-25 23:00,23,1,0,1.9,489.8
2025-02-26 00:00,0,2,0,-0.1,488.3
2025-02-26 01:00,1,2,0,-0.5,505.2
2025-02-26 02:00,2,2,0,-0.5,544.8
2025-02-26 03:00,3,2,0,-0.3,601.1
2025-02-26 04:00,4,2,0,-0.7,666.9
2025-02-26 05:00,5,2,0,-0.3,724.3
2025-02-26 06:00,6,2,0,1.1,756.7
2025-02-26 07:00,7,2,0,2.1,764.0
2025-02-26 08:00,8,2,0,3.0,776.6
2025-02-26 09:00,9,2,0,3.5,786.2
2025-02-26 10:00,10,2,0,4.6,813.2
2025-02-26 11:00,11,2,0,6.3,834.8
2025-02-26 12:00,12,2,0,7.1,856.1
2025-02-26 13:00,13,2,0,9.1,894.6
2025-02-26 14:00,14,2,0,10.9,909.3
2025-02-26 15:00,15,2,0,11.3,938.1
2025-02-26 16:00,16,2,0,10.1,955.9
2025-02-26 17:00,17,2,0,9.5,911.9
2025-02-26 18:00,18,2,0,9.5,861.0
2025-02-26 19:00,19,2,0,8.3,781.5
2025-02-26 20:00,20,2,0,6.8,679.9
2025-02-26 21:00,21,2,0,5.7,593.8
2025-02-26 22:00,22,2,0,6.2,508.3
2025-02-26 23:00,23,2,0,4.9,484.9
2025-02-27 00:00,0,3,0,2.9,486.3
2025-02-27 01:00,1,3,0,2.4,518.7
2025-02-27 02:00,2,3,0,2.1,538.4
2025-02-27 03:00,3,3,0,2.4,593.1
2025-02-27 04:00,4,3,0,2.5,655.5
2025-02-27 05:00,5,3,0,3.0,694.7
2025-02-27 06:00,6,3,0,3.3,751.6
2025-02-27 07:00,7,3,0,4.6,778.6
2025-02-27 08:00,8,3,0,5.5,788.7
2025-02-27 09:00,9,3,0,6.7,781.4
2025-02-27 10:00,10,3,0,7.2,808.8
2025-02-27 11:00,11,3,0,8.9,812.4
2025-02-27 12:00,12,3,0,9.8,861.7
2025-02-27 13:00,13,3,0,10.1,917.9
2025-02-27 14:00,14,3,0,10.4,938.2
2025-02-27 15:00,15,3,0,9.8,973.1
2025-02-27 16:00,16,3,0,9.2,980.2
2025-02-27 17:00,17,3,0,9.3,948.1
2025-02-27 18:00,18,3,0,8.9,884.5
2025-02-27 19:00,19,3,0,8.5,799.1
2025-02-27 20:00,20,3,0,7.9,694.9
2025-02-27 21:00,21,3,0,6.6,600.7
2025-02-27 22:00,22,3,0,5.5,544.8
2025-02-27 23:00,23,3,0,5.6,478.0
2025-02-28 00:00,0,4,0,4.7,465.2
2025-02-28 01:00,1,4,0,3.0,481.9
2025-02-28 02:00,2,4,0,2.5,539.6
2025-02-28 03:00,3,4,0,2.0,592.6
2025-02-28 04:00,4,4,0,2.0,660.7
2025-02-28 05:00,5,4,0,2.4,716.7
2025-02-28 06:00,6,4,0,2.3,740.5
2025-02-28 07:00,7,4,0,3.3,768.9
2025-02-28 08:00,8,4,0,4.1,768.7
2025-02-28 09:00,9,4,0,5.4,775.5
2025-02-28 10:00,10,4,0,6.0,791.4
2025-02-28 11:00,11,4,0,6.3,813.9
2025-02-28 12:00,12,4,0,6.8,844.6
2025-02-28 13:00,13,4,0,8.4,887.9
2025-02-28 14:00,14,4,0,7.6,936.9
2025-02-28 15:00,15,4,0,8.4,951.9
2025-02-28 16:00,16,4,0,8.2,958.9
2025-02-28 17:00,17,4,0,8.4,927.2
2025-02-28 18:00,18,4,0,7.5,871.6
2025-02-28 19:00,19,4,0,6.8,790.2
2025-02-28 20:00,20,4,0,6.0,704.2
2025-02-28 21:00,21,4,0,6.2,604.2
2025-02-28 22:00,22,4,0,4.9,544.7
2025-02-28 23:00,23,4,0,4.0,488.9
2025-03-01 00:00,0,5,0,2.7,454.7
2025-03-01 01:00,1,5,0,2.2,459.4
2025-03-01 02:00,2,5,0,1.2,491.0
2025-03-01 03:00,3,5,0,1.0,544.0
2025-03-01 04:00,4,5,0,1.2,603.4
2025-03-01 05:00,5,5,0,1.9,655.7
2025-03-01 06:00,6,5,0,1.9,680.1
2025-03-01 07:00,7,5,0,2.1,693.9
2025-03-01 08:00,8,5,0,3.7,692.4
2025-03-01 09:00,9,5,0,4.4,709.3
2025-03-01 10:00,10,5,0,5.5,713.6
2025-03-01 11:00,11,5,0,6.2,725.8
2025-03-01 12:00,12,5,0,6.0,763.3
2025-03-01 13:00,13,5,0,6.6,802.9
2025-03-01 14:00,14,5,0,6.9,872.5
2025-03-01 15:00,15,5,0,8.1,876.7
2025-03-01 16:00,16,5,0,6.7,897.6
2025-03-01 17:00,17,5,0,6.0,864.5
2025-03-01 18:00,18,5,0,5.7,793.8
2025-03-01 19:00,19,5,0,4.6,735.3
2025-03-01 20:00,20,5,0,2.3,663.9
2025-03-01 21:00,21,5,0,1.7,587.0
2025-03-01 22:00,22,5,0,0.8,517.5
2025-03-01 23:00,23,5,0,-0.7,472.8
2025-03-02 00:00,0,6,0,-2.0,422.2
2025-03-02 01:00,1,6,0,-2.9,461.8
2025-03-02 02:00,2,6,0,-3.2,494.0
2025-03-02 03:00,3,6,0,-3.4,551.9
2025-03-02 04:00,4,6,0,-3.6,587.9
2025-03-02 05:00,5,6,0,-2.9,626.6
2025-03-02 06:00,6,6,0,-1.6,661.2
2025-03-02 07:00,7,6,0,-1.1,687.5
2025-03-02 08:00,8,6,0,0.9,697.6
2025-03-02 09:00,9,6,0,1.9,699.9
2025-03-02 10:00,10,6,0,3.3,708.0
2025-03-02 11:00,11,6,0,4.5,718.3
2025-03-02 12:00,12,6,0,5.7,740.2
2025-03-02 13:00,13,6,0,6.4,770.4
2025-03-02 14:00,14,6,0,5.4,815.2
2025-03-02 15:00,15,6,0,5.0,850.7
2025-03-02 16:00,16,6,0,5.4,835.6
2025-03-02 17:00,17,6,0,4.4,814.0
2025-03-02 18:00,18,6,0,3.9,754.2
2025-03-02 19:00,19,6,0,2.2,705.2
2025-03-02 20:00,20,6,0,0.9,628.5
2025-03-02 21:00,21,6,0,0.8,552.3
2025-03-02 22:00,22,6,0,-0.0,499.7
2025-03-02 23:00,23,6,0,-1.5,457.8
2025-03-03 00:00,0,0,0,-2.5,528.0
2025-03-03 01:00,1,0,0,-4.1,561.2
2025-03-03 02:00,2,0,0,-4.2,598.0
2025-03-03 03:00,3,0,0,-4.4,659.4
2025-03-03 04:00,4,0,0,-3.8,719.3
2025-03-03 05:00,5,0,0,-2.9,767.1
2025-03-03 06:00,6,0,0,-2.4,795.3
2025-03-03 07:00,7,0,0,-2.1,794.2
2025-03-03 08:00,8,0,0,-1.8,811.8
2025-03-03 09:00,9,0,0,-1.0,811.7
2025-03-03 10:00,10,0,0,0.2,821.2
2025-03-03 11:00,11,0,0,2.0,836.6
2025-03-03 12:00,12,0,0,2.3,904.6
2025-03-03 13:00,13,0,0,3.2,928.6
2025-03-03 14:00,14,0,0,3.1,962.9
2025-03-03 15:00,15,0,0,2.9,990.2
2025-03-03 16:00,16,0,0,3.3,998.7
2025-03-03 17:00,17,0,0,3.2,949.1
2025-03-03 18:00,18,0,0,2.3,903.6
2025-03-03 19:00,19,0,0,1.2,823.1
2025-03-03 20:00,20,0,0,0.9,744.0
2025-03-03 21:00,21,0,0,-0.2,652.2
2025-03-03 22:00,22,0,0,-1.4,587.0
2025-03-03 23:00,23,0,0,-3.0,539.2
2025-03-04 00:00,0,1,0,-2.1,534.0
2025-03-04 01:00,1,1,0,-1.6,535.3
2025-03-04 02:00,2,1,0,-1.7,574.6
2025-03-04 03:00,3,1,0,-0.6,624.9
2025-03-04 04:00,4,1,0,-0.2,688.7
2025-03-04 05:00,5,1,0,-0.1,754.9
2025-03-04 06:00,6,1,0,0.8,775.5
2025-03-04 07:00,7,1,0,2.5,803.5
2025-03-04 08:00,8,1,0,2.7,801.2
2025-03-04 09:00,9,1,0,4.4,798.4
2025-03-04 10:00,10,1,0,6.1,812.6
2025-03-04 11:00,11,1,0,7.9,838.2
2025-03-04 12:00,12,1,0,8.9,876.7
2025-03-04 13:00,13,1,0,10.1,894.8
2025-03-04 14:00,14,1,0,9.3,933.4
2025-03-04 15:00,15,1,0,9.3,955.7
2025-03-04 16:00,16,1,0,9.7,943.6
2025-03-04 17:00,17,1,0,9.6,925.3
2025-03-04 18:00,18,1,0,9.0,860.3
2025-03-04 19:00,19,1,0,7.4,784.5
2025-03-04 20:00,20,1,0,6.2,701.0
2025-03-04 21:00,21,1,0,4.1,597.0
2025-03-04 22:00,22,1,0,2.9,534.9
2025-03-04 23:00,23,1,0,2.1,497.1
2025-03-05 00:00,0,2,0,1.1,498.4
2025-03-05 01:00,1,2,0,0.7,539.2
2025-03-05 02:00,2,2,0,0.3,580.7
2025-03-05 03:00,3,2,0,0.6,624.6
2025-03-05 04:00,4,2,0,0.5,681.2
2025-03-05 05:00,5,2,0,-0.1,729.8
2025-03-05 06:00,6,2,0,-0.2,772.0
2025-03-05 07:00,7,2,0,0.2,776.6
2025-03-05 08:00,8,2,0,1.2,794.1
2025-03-05 09:00,9,2,0,2.4,801.9
2025-03-05 10:00,10,2,0,3.0,821.0
2025-03-05 11:00,11,2,0,4.1,841.6
2025-03-05 12:00,12,2,0,4.6,867.7
2025-03-05 13:00,13,2,0,5.6,899.0
2025-03-05 14:00,14,2,0,5.3,942.9
2025-03-05 15:00,15,2,0,6.2,975.5
2025-03-05 16:00,16,2,0,6.3,967.7
2025-03-05 17:00,17,2,0,5.7,941.5
2025-03-05 18:00,18,2,0,4.5,882.9
2025-03-05 19:00,19,2,0,4.0,789.6
2025-03-05 20:00,20,2,0,2.8,724.6
2025-03-05 21:00,21,2,0,2.2,638.6
2025-03-05 22:00,22,2,0,2.3,558.9
2025-03-05 23:00,23,2,0,1.5,509.9
2025-03-06 00:00,0,3,0,1.0,516.0
2025-03-06 01:00,1,3,0,0.7,510.5
2025-03-06 02:00,2,3,0,0.0,549.1
2025-03-06 03:00,3,3,0,1.1,611.3
2025-03-06 04:00,4,3,0,1.1,681.3
2025-03-06 05:00,5,3,0,2.0,713.1
2025-03-06 06:00,6,3,0,2.8,738.7
2025-03-06 07:00,7,3,0,3.3,768.0
2025-03-06 08:00,8,3,0,5.1,781.8
2025-03-06 09:00,9,3,0,6.4,795.2
2025-03-06 10:00,10,3,0,7.0,805.7
2025-03-06 11:00,11,3,0,7.6,831.5
2025-03-06 12:00,12,3,0,7.3,873.2
2025-03-06 13:00,13,3,0,7.4,927.7
2025-03-06 14:00,14,3,0,8.4,951.4
2025-03-06 15:00,15,3,0,9.1,950.6
2025-03-06 16:00,16,3,0,8.5,971.8
2025-03-06 17:00,17,3,0,8.6,925.4
2025-03-06 18:00,18,3,0,8.6,868.8
2025-03-06 19:00,19,3,0,8.3,800.1
2025-03-06 20:00,20,3,0,8.1,694.8
2025-03-06 21:00,21,3,0,5.9,611.7
2025-03-06 22:00,22,3,0,5.1,521.7
2025-03-06 23:00,23,3,0,3.6,490.4
2025-03-07 00:00,0,4,0,3.3,471.5
2025-03-07 01:00,1,4,0,2.3,493.2
2025-03-07 02:00,2,4,0,2.0,539.0
2025-03-07 03:00,3,4,0,2.5,585.0
2025-03-07 04:00,4,4,0,1.7,648.1
2025-03-07 05:00,5,4,0,1.8,711.1
2025-03-07 06:00,6,4,0,2.1,734.1
2025-03-07 07:00,7,4,0,2.9,742.6
2025-03-07 08:00,8,4,0,3.0,766.7
2025-03-07 09:00,9,4,0,4.6,762.8
2025-03-07 10:00,10,4,0,6.9,778.3
2025-03-07 11:00,11,4,0,7.7,807.3
2025-03-07 12:00,12,4,0,8.9,845.7
2025-03-07 13:00,13,4,0,7.9,897.4
2025-03-07 14:00,14,4,0,7.7,936.2
2025-03-07 15:00,15,4,0,8.3,972.8
2025-03-07 16:00,16,4,0,8.4,961.5
2025-03-07 17:00,17,4,0,8.4,932.0
2025-03-07 18:00,18,4,0,8.6,865.5
2025-03-07 19:00,19,4,0,7.8,795.9
2025-03-07 20:00,20,4,0,6.7,704.4
2025-03-07 21:00,21,4,0,5.4,600.9
2025-03-07 22:00,22,4,0,4.4,543.1
2025-03-07 23:00,23,4,0,2.2,501.1
2025-03-08 00:00,0,5,0,2.4,439.8
2025-03-08 01:00,1,5,0,0.5,460.8
2025-03-08 02:00,2,5,0,-0.8,508.8
2025-03-08 03:00,3,5,0,-0.8,565.6
2025-03-08 04:00,4,5,0,-0.1,621.4
2025-03-08 05:00,5,5,0,0.7,660.7
2025-03-08 06:00,6,5,0,2.2,682.2
2025-03-08 07:00,7,5,0,2.8,699.7
2025-03-08 08:00,8,5,0,3.4,709.7
2025-03-08 09:00,9,5,0,4.7,693.4
2025-03-08 10:00,10,5,0,5.1,696.1
2025-03-08 11:00,11,5,0,6.2,724.9
2025-03-08 12:00,12,5,0,7.4,759.2
2025-03-08 13:00,13,5,0,8.2,804.6
2025-03-08 14:00,14,5,0,7.4,849.2
2025-03-08 15:00,15,5,0,7.4,874.6
2025-03-08 16:00,16,5,0,6.1,864.6
2025-03-08 17:00,17,5,0,6.2,860.2
2025-03-08 18:00,18,5,0,5.4,799.9
2025-03-08 19:00,19,5,0,5.2,717.4
2025-03-08 20:00,20,5,0,5.1,637.5
2025-03-08 21:00,21,5,0,3.2,558.9
2025-03-08 22:00,22,5,0,2.8,494.2
2025-03-08 23:00,23,5,0,2.1,445.0
2025-03-09 00:00,0,6,0,2.3,414.1
2025-03-09 01:00,1,6,0,0.9,427.4
2025-03-09 02:00,2,6,0,-0.3,479.1
2025-03-09 03:00,3,6,0,-0.9,527.9
2025-03-09 04:00,4,6,0,-1.8,593.3
2025-03-09 05:00,5,6,0,-1.2,628.7
2025-03-09 06:00,6,6,0,-1.0,666.8
2025-03-09 07:00,7,6,0,0.0,651.1
2025-03-09 08:00,8,6,0,1.3,666.9
2025-03-09 09:00,9,6,0,2.9,663.8
2025-03-09 10:00,10,6,0,3.2,689.4
2025-03-09 11:00,11,6,0,4.6,702.9
2025-03-09 12:00,12,6,0,6.0,720.3
2025-03-09 13:00,13,6,0,6.0,776.2
2025-03-09 14:00,14,6,0,6.1,803.9
2025-03-09 15:00,15,6,0,5.4,842.6
2025-03-09 16:00,16,6,0,6.1,827.6
2025-03-09 17:00,17,6,0,6.6,787.1
2025-03-09 18:00,18,6,0,5.5,749.1
2025-03-09 19:00,19,6,0,4.6,684.1
2025-03-09 20:00,20,6,0,3.9,618.2
2025-03-09 21:00,21,6,0,3.3,518.6
2025-03-09 22:00,22,6,0,2.3,467.9
2025-03-09 23:00,23,6,0,2.3,403.4
2025-03-10 00:00,0,0,0,1.1,477.0
2025-03-10 01:00,1,0,0,0.9,493.4
2025-03-10 02:00,2,0,0,0.6,533.2
2025-03-10 03:00,3,0,0,0.6,599.6
2025-03-10 04:00,4,0,0,0.3,655.4
2025-03-10 05:00,5,0,0,-0.3,721.7
2025-03-10 06:00,6,0,0,0.0,740.8
2025-03-10 07:00,7,0,0,1.2,760.4
2025-03-10 08:00,8,0,0,1.7,786.3
2025-03-10 09:00,9,0,0,1.7,781.2
2025-03-10 10:00,10,0,0,2.7,787.9
2025-03-10 11:00,11,0,0,3.8,811.1
2025-03-10 12:00,12,0,0,4.1,846.3
2025-03-10 13:00,13,0,0,4.7,891.3
2025-03-10 14:00,14,0,0,5.4,934.0
2025-03-10 15:00,15,0,0,5.8,953.9
2025-03-10 16:00,16,0,0,6.3,932.9
2025-03-10 17:00,17,0,0,6.6,928.0
2025-03-10 18:00,18,0,0,6.0,871.7
2025-03-10 19:00,19,0,0,4.7,799.6
2025-03-10 20:00,20,0,0,2.7,697.5
2025-03-10 21:00,21,0,0,2.4,604.8
2025-03-10 22:00,22,0,0,1.6,526.2
2025-03-10 23:00,23,0,0,1.3,488.9
2025-03-11 00:00,0,1,0,0.1,480.3
2025-03-11 01:00,1,1,0,-0.4,508.1
2025-03-11 02:00,2,1,0,-1.3,560.2
2025-03-11 03:00,3,1,0,-1.9,619.3
2025-03-11 04:00,4,1,0,-2.6,696.5
2025-03-11 05:00,5,1,0,-2.2,757.1
2025-03-11 06:00,6,1,0,-1.2,771.8
2025-03-11 07:00,7,1,0,0.2,789.3
2025-03-11 08:00,8,1,0,1.3,787.8
2025-03-11 09:00,9,1,0,2.3,791.1
2025-03-11 10:00,10,1,0,4.5,789.4
2025-03-11 11:00,11,1,0,6.5,815.9
2025-03-11 12:00,12,1,0,7.9,829.7
2025-03-11 13:00,13,1,0,8.6,869.8
2025-03-11 14:00,14,1,0,9.7,912.2
2025-03-11 15:00,15,1,0,9.3,939.0
2025-03-11 16:00,16,1,0,8.4,945.5
2025-03-11 17:00,17,1,0,8.4,916.5
2025-03-11 18:00,18,1,0,7.8,870.9
2025-03-11 19:00,19,1,0,7.6,783.4
2025-03-11 20:00,20,1,0,6.1,681.9
2025-03-11 21:00,21,1,0,5.2,610.8
2025-03-11 22:00,22,1,0,3.5,529.8
2025-03-11 23:00,23,1,0,2.3,498.0
2025-03-12 00:00,0,2,0,1.9,498.6
2025-03-12 01:00,1,2,0,1.2,496.3
2025-03-12 02:00,2,2,0,0.3,546.3
2025-03-12 03:00,3,2,0,-0.7,616.9
2025-03-12 04:00,4,2,0,-0.8,686.6
2025-03-12 05:00,5,2,0,-0.9,743.0
2025-03-12 06:00,6,2,0,-1.1,776.4
2025-03-12 07:00,7,2,0,-0.1,790.5
2025-03-12 08:00,8,2,0,0.4,797.1
2025-03-12 09:00,9,2,0,2.3,787.7
2025-03-12 10:00,10,2,0,4.6,811.8
2025-03-12 11:00,11,2,0,6.2,818.3
2025-03-12 12:00,12,2,0,8.7,857.3
2025-03-12 13:00,13,2,0,8.6,892.7
2025-03-12 14:00,14,2,0,8.0,936.0
2025-03-12 15:00,15,2,0,8.0,956.3
2025-03-12 16:00,16,2,0,6.8,960.1
2025-03-12 17:00,17,2,0,6.6,934.0
2025-03-12 18:00,18,2,0,6.5,877.2
2025-03-12 19:00,19,2,0,6.2,779.4
2025-03-12 20:00,20,2,0,5.8,690.4
2025-03-12 21:00,21,2,0,4.6,578.8
2025-03-12 22:00,22,2,0,3.5,525.1
2025-03-12 23:00,23,2,0,2.7,497.1
2025-03-13 00:00,0,3,0,2.0,478.2
2025-03-13 01:00,1,3,0,1.9,494.5
2025-03-13 02:00,2,3,0,1.2,545.7
2025-03-13 03:00,3,3,0,1.1,593.4
2025-03-13 04:00,4,3,0,0.8,672.8
2025-03-13 05:00,5,3,0,1.7,717.8
2025-03-13 06:00,6,3,0,2.4,762.7
2025-03-13 07:00,7,3,0,3.3,766.9
2025-03-13 08:00,8,3,0,4.0,794.8
2025-03-13 09:00,9,3,0,3.9,814.0
2025-03-13 10:00,10,3,0,4.7,845.4
2025-03-13 11:00,11,3,0,4.4,851.1
2025-03-13 12:00,12,3,0,5.2,874.7
2025-03-13 13:00,13,3,0,5.2,901.5
2025-03-13 14:00,14,3,0,6.4,954.4
2025-03-13 15:00,15,3,0,6.3,979.9
2025-03-13 16:00,16,3,0,6.1,986.3
2025-03-13 17:00,17,3,0,5.5,955.9
2025-03-13 18:00,18,3,0,4.3,910.8
2025-03-13 19:00,19,3,0,2.6,835.9
2025-03-13 20:00,20,3,0,0.3,747.7
2025-03-13 21:00,21,3,0,-1.0,675.0
2025-03-13 22:00,22,3,0,-3.1,596.7
2025-03-13 23:00,23,3,0,-3.2,543.9
2025-03-14 00:00,0,4,0,-4.5,519.6
2025-03-14 01:00,1,4,0,-5.3,546.7
2025-03-14 02:00,2,4,0,-5.5,586.7
2025-03-14 03:00,3,4,0,-5.6,647.3
2025-03-14 04:00,4,4,0,-4.6,699.3
2025-03-14 05:00,5,4,0,-4.1,746.6
2025-03-14 06:00,6,4,0,-3.6,764.2
2025-03-14 07:00,7,4,0,-2.7,769.7
2025-03-14 08:00,8,4,0,-0.6,796.8
2025-03-14 09:00,9,4,0,1.0,791.8
2025-03-14 10:00,10,4,0,1.0,813.5
2025-03-14 11:00,11,4,0,1.9,829.5
2025-03-14 12:00,12,4,0,2.4,865.1
2025-03-14 13:00,13,4,0,3.2,894.1
2025-03-14 14:00,14,4,0,4.1,934.5
2025-03-14 15:00,15,4,0,4.4,978.8
2025-03-14 16:00,16,4,0,4.7,962.4
2025-03-14 17:00,17,4,0,5.4,923.2
2025-03-14 18:00,18,4,0,3.8,873.6
2025-03-14 19:00,19,4,0,3.1,807.0
2025-03-14 20:00,20,4,0,2.2,706.3
2025-03-14 21:00,21,4,0,1.6,599.0
2025-03-14 22:00,22,4,0,0.7,513.0
2025-03-14 23:00,23,4,0,0.4,481.6
2025-03-15 00:00,0,5,0,-0.3,433.0
2025-03-15 01:00,1,5,0,-0.6,445.9
2025-03-15 02:00,2,5,0,-1.8,513.6
2025-03-15 03:00,3,5,0,-1.8,566.8
2025-03-15 04:00,4,5,0,-2.3,639.3
2025-03-15 05:00,5,5,0,-1.4,689.0
2025-03-15 06:00,6,5,0,0.3,707.4
2025-03-15 07:00,7,5,0,1.2,709.2
2025-03-15 08:00,8,5,0,2.5,712.5
2025-03-15 09:00,9,5,0,4.0,717.0
2025-03-15 10:00,10,5,0,5.9,742.0
2025-03-15 11:00,11,5,0,7.3,746.8
2025-03-15 12:00,12,5,0,8.9,774.4
2025-03-15 13:00,13,5,0,9.2,800.6
2025-03-15 14:00,14,5,0,9.5,825.5
2025-03-15 15:00,15,5,0,8.8,865.3
2025-03-15 16:00,16,5,0,10.0,875.6
2025-03-15 17:00,17,5,0,8.9,859.2
2025-03-15 18:00,18,5,0,8.8,816.5
2025-03-15 19:00,19,5,0,8.0,735.0
2025-03-15 20:00,20,5,0,7.1,643.8
2025-03-15 21:00,21,5,0,5.4,550.9
2025-03-15 22:00,22,5,0,4.3,483.7
2025-03-15 23:00,23,5,0,3.4,443.7
2025-03-16 00:00,0,6,0,3.0,398.5
2025-03-16 01:00,1,6,0,2.2,415.2
2025-03-16 02:00,2,6,0,1.9,443.8
2025-03-16 03:00,3,6,0,1.2,503.5
2025-03-16 04:00,4,6,0,2.1,533.2
2025-03-16 05:00,5,6,0,2.1,589.5
2025-03-16 06:00,6,6,0,4.9,591.4
2025-03-16 07:00,7,6,0,5.5,613.8
2025-03-16 08:00,8,6,0,6.0,610.6
2025-03-16 09:00,9,6,0,7.1,619.0
2025-03-16 10:00,10,6,0,8.0,639.6
2025-03-16 11:00,11,6,0,9.6,642.6
2025-03-16 12:00,12,6,0,11.1,662.4
2025-03-16 13:00,13,6,0,11.3,698.7
2025-03-16 14:00,14,6,0,11.3,740.0
2025-03-16 15:00,15,6,0,11.0,772.4
2025-03-16 16:00,16,6,0,11.1,767.1
2025-03-16 17:00,17,6,0,11.2,731.1
2025-03-16 18:00,18,6,0,11.0,699.2
2025-03-16 19:00,19,6,0,10.0,623.6
2025-03-16 20:00,20,6,0,9.0,533.9
2025-03-16 21:00,21,6,0,8.3,471.3
2025-03-16 22:00,22,6,0,8.0,406.4
2025-03-16 23:00,23,6,0,7.0,377.5
2025-03-17 00:00,0,0,0,6.9,425.7
2025-03-17 01:00,1,0,0,6.0,438.8
2025-03-17 02:00,2,0,0,5.6,482.4
2025-03-17 03:00,3,0,0,6.1,536.3
2025-03-17 04:00,4,0,0,5.6,607.4
2025-03-17 05:00,5,0,0,4.9,660.9
2025-03-17 06:00,6,0,0,4.9,711.0
2025-03-17 07:00,7,0,0,5.6,724.0
2025-03-17 08:00,8,0,0,5.9,738.2
2025-03-17 09:00,9,0,0,6.9,758.4
2025-03-17 10:00,10,0,0,8.7,755.6
2025-03-17 11:00,11,0,0,9.4,786.3
2025-03-17 12:00,12,0,0,11.0,822.4
2025-03-17 13:00,13,0,0,12.1,865.3
2025-03-17 14:00,14,0,0,11.9,931.5
2025-03-17 15:00,15,0,0,12.5,950.8
2025-03-17 16:00,16,0,0,12.9,935.7
2025-03-17 17:00,17,0,0,13.0,898.3
2025-03-17 18:00,18,0,0,12.4,829.6
2025-03-17 19:00,19,0,0,11.6,749.0
2025-03-17 20:00,20,0,0,10.3,670.6
2025-03-17 21:00,21,0,0,8.6,588.1
2025-03-17 22:00,22,0,0,7.5,499.0
2025-03-17 23:00,23,0,0,6.9,472.5
2025-03-18 00:00,0,1,0,5.8,451.8
2025-03-18 01:00,1,1,0,6.1,463.7
2025-03-18 02:00,2,1,0,5.4,505.2
2025-03-18 03:00,3,1,0,5.4,579.5
2025-03-18 04:00,4,1,0,4.7,649.2
2025-03-18 05:00,5,1,0,5.9,692.7
2025-03-18 06:00,6,1,0,7.0,720.8
2025-03-18 07:00,7,1,0,8.5,728.1
2025-03-18 08:00,8,1,0,8.7,738.9
2025-03-18 09:00,9,1,0,10.5,733.7
2025-03-18 10:00,10,1,0,11.7,747.1
2025-03-18 11:00,11,1,0,12.3,788.4
2025-03-18 12:00,12,1,0,12.8,806.0
2025-03-18 13:00,13,1,0,12.5,852.9
2025-03-18 14:00,14,1,0,12.7,919.0
2025-03-18 15:00,15,1,0,13.4,922.9
2025-03-18 16:00,16,1,0,12.7,927.2
2025-03-18 17:00,17,1,0,12.5,890.3
2025-03-18 18:00,18,1,0,11.1,838.7
2025-03-18 19:00,19,1,0,8.7,747.0
2025-03-18 20:00,20,1,0,7.7,656.8
2025-03-18 21:00,21,1,0,7.6,581.5
2025-03-18 22:00,22,1,0,7.3,500.5
2025-03-18 23:00,23,1,0,5.9,447.2
2025-03-19 00:00,0,2,0,6.0,442.7
2025-03-19 01:00,1,2,0,5.9,466.5
2025-03-19 02:00,2,2,0,5.7,519.3
2025-03-19 03:00,3,2,0,5.3,577.2
2025-03-19 04:00,4,2,0,6.0,635.8
2025-03-19 05:00,5,2,0,6.3,687.5
2025-03-19 06:00,6,2,0,6.6,718.2
2025-03-19 07:00,7,2,0,8.0,734.1
2025-03-19 08:00,8,2,0,8.5,749.7
2025-03-19 09:00,9,2,0,9.9,761.6
2025-03-19 10:00,10,2,0,11.7,754.8
2025-03-19 11:00,11,2,0,12.2,773.2
2025-03-19 12:00,12,2,0,13.0,790.3
2025-03-19 13:00,13,2,0,13.9,838.9
2025-03-19 14:00,14,2,0,13.1,888.5
2025-03-19 15:00,15,2,0,12.9,913.7
2025-03-19 16:00,16,2,0,12.4,920.4
2025-03-19 17:00,17,2,0,11.6,876.6
2025-03-19 18:00,18,2,0,10.4,833.0
2025-03-19 19:00,19,2,0,10.3,739.0
2025-03-19 20:00,20,2,0,8.7,658.8
2025-03-19 21:00,21,2,0,7.6,566.8
2025-03-19 22:00,22,2,0,6.9,492.7
2025-03-19 23:00,23,2,0,6.8,470.2
2025-03-20 00:00,0,3,0,5.1,467.2
2025-03-20 01:00,1,3,0,3.7,499.0
2025-03-20 02:00,2,3,0,2.6,528.9
2025-03-20 03:00,3,3,0,2.3,601.9
2025-03-20 04:00,4,3,0,3.0,652.7
2025-03-20 05:00,5,3,0,3.3,726.7
2025-03-20 06:00,6,3,0,4.0,759.6
2025-03-20 07:00,7,3,0,5.8,770.4
2025-03-20 08:00,8,3,0,6.5,787.3
2025-03-20 09:00,9,3,0,7.6,778.8
2025-03-20 10:00,10,3,0,9.8,772.0
2025-03-20 11:00,11,3,0,11.2,793.1
2025-03-20 12:00,12,3,0,11.5,817.3
2025-03-20 13:00,13,3,0,11.7,879.7
2025-03-20 14:00,14,3,0,12.7,907.4
2025-03-20 15:00,15,3,0,12.1,915.1
2025-03-20 16:00,16,3,0,11.4,928.8
2025-03-20 17:00,17,3,0,11.5,894.4
2025-03-20 18:00,18,3,0,11.6,840.3
2025-03-20 19:00,19,3,0,11.7,764.2
2025-03-20 20:00,20,3,0,10.1,667.2
2025-03-20 21:00,21,3,0,9.3,570.9
2025-03-20 22:00,22,3,0,6.2,519.3
2025-03-20 23:00,23,3,0,4.7,478.2
2025-03-21 00:00,0,4,0,5.8,435.9
2025-03-21 01:00,1,4,0,6.1,466.2
2025-03-21 02:00,2,4,0,6.0,504.0
2025-03-21 03:00,3,4,0,5.3,559.7
2025-03-21 04:00,4,4,0,4.6,622.3
2025-03-21 05:00,5,4,0,5.6,686.4
2025-03-21 06:00,6,4,0,6.1,719.8
2025-03-21 07:00,7,4,0,6.4,738.3
2025-03-21 08:00,8,4,0,7.8,751.3
2025-03-21 09:00,9,4,0,9.2,750.7
2025-03-21 10:00,10,4,0,9.8,775.2
2025-03-21 11:00,11,4,0,10.5,795.6
2025-03-21 12:00,12,4,0,12.6,823.6
2025-03-21 13:00,13,4,0,12.6,866.8
2025-03-21 14:00,14,4,0,13.5,881.0
2025-03-21 15:00,15,4,0,13.2,922.0
2025-03-21 16:00,16,4,0,12.5,931.5
2025-03-21 17:00,17,4,0,11.4,897.8
2025-03-21 18:00,18,4,0,10.7,850.7
2025-03-21 19:00,19,4,0,9.9,762.0
2025-03-21 20:00,20,4,0,9.4,668.6
2025-03-21 21:00,21,4,0,7.9,590.8
2025-03-21 22:00,22,4,0,7.1,529.8
2025-03-21 23:00,23,4,0,5.8,480.9
2025-03-22 00:00,0,5,0,4.7,415.8
2025-03-22 01:00,1,5,0,4.4,426.8
2025-03-22 02:00,2,5,0,4.3,484.0
2025-03-22 03:00,3,5,0,3.2,543.7
2025-03-22 04:00,4,5,0,3.5,583.3
2025-03-22 05:00,5,5,0,2.8,632.3
2025-03-22 06:00,6,5,0,2.8,678.5
2025-03-22 07:00,7,5,0,4.7,685.6
2025-03-22 08:00,8,5,0,6.5,693.4
2025-03-22 09:00,9,5,0,7.4,707.0
2025-03-22 10:00,10,5,0,8.8,718.6
2025-03-22 11:00,11,5,0,10.5,734.9
2025-03-22 12:00,12,5,0,12.3,747.1
2025-03-22 13:00,13,5,0,13.9,765.8
2025-03-22 14:00,14,5,0,13.8,801.1
2025-03-22 15:00,15,5,0,13.8,833.3
2025-03-22 16:00,16,5,0,13.6,828.1
2025-03-22 17:00,17,5,0,11.7,796.9
2025-03-22 18:00,18,5,0,10.6,756.2
2025-03-22 19:00,19,5,0,9.9,679.0
2025-03-22 20:00,20,5,0,8.8,575.6
2025-03-22 21:00,21,5,0,7.4,513.9
2025-03-22 22:00,22,5,0,5.6,456.6
2025-03-22 23:00,23,5,0,4.3,413.5
2025-03-23 00:00,0,6,0,3.6,391.1
2025-03-23 01:00,1,6,0,2.8,415.2
2025-03-23 02:00,2,6,0,3.1,450.5
2025-03-23 03:00,3,6,0,3.5,491.8
2025-03-23 04:00,4,6,0,2.8,532.3
2025-03-23 05:00,5,6,0,3.8,556.9
2025-03-23 06:00,6,6,0,4.4,604.7
2025-03-23 07:00,7,6,0,5.7,616.3
2025-03-23 08:00,8,6,0,6.2,633.8
2025-03-23 09:00,9,6,0,7.8,630.4
2025-03-23 10:00,10,6,0,8.3,632.4
2025-03-23 11:00,11,6,0,9.9,638.3
2025-03-23 12:00,12,6,0,10.7,683.6
2025-03-23 13:00,13,6,0,11.1,710.2
2025-03-23 14:00,14,6,0,10.7,759.3
2025-03-23 15:00,15,6,0,9.9,789.0
2025-03-23 16:00,16,6,0,10.3,795.9
2025-03-23 17:00,17,6,0,9.2,787.2
2025-03-23 18:00,18,6,0,7.9,746.6
2025-03-23 19:00,19,6,0,7.4,679.4
2025-03-23 20:00,20,6,0,6.4,604.9
2025-03-23 21:00,21,6,0,5.8,536.7
2025-03-23 22:00,22,6,0,4.0,477.3
2025-03-23 23:00,23,6,0,1.8,430.3
2025-03-24 00:00,0,0,0,0.7,504.8
2025-03-24 01:00,1,0,0,0.8,523.0
2025-03-24 02:00,2,0,0,0.4,559.1
2025-03-24 03:00,3,0,0,0.6,615.2
2025-03-24 04:00,4,0,0,1.1,672.9
2025-03-24 05:00,5,0,0,1.7,711.2
2025-03-24 06:00,6,0,0,2.5,738.8
2025-03-24 07:00,7,0,0,3.2,757.1
2025-03-24 08:00,8,0,0,4.4,758.9
2025-03-24 09:00,9,0,0,5.6,742.1
2025-03-24 10:00,10,0,0,6.3,768.0
2025-03-24 11:00,11,0,0,7.7,773.5
2025-03-24 12:00,12,0,0,8.6,819.0
2025-03-24 13:00,13,0,0,9.2,859.4
2025-03-24 14:00,14,0,0,9.5,905.7
2025-03-24 15:00,15,0,0,10.2,916.6
2025-03-24 16:00,16,0,0,10.0,925.5
2025-03-24 17:00,17,0,0,10.3,882.6
2025-03-24 18:00,18,0,0,9.1,844.7
2025-03-24 19:00,19,0,0,8.6,759.8
2025-03-24 20:00,20,0,0,6.8,660.9
2025-03-24 21:00,21,0,0,5.8,563.3
2025-03-24 22:00,22,0,0,4.5,496.2
2025-03-24 23:00,23,0,0,3.3,467.0
2025-03-25 00:00,0,1,0,2.1,454.5
2025-03-25 01:00,1,1,0,1.5,467.8
2025-03-25 02:00,2,1,0,1.5,517.1
2025-03-25 03:00,3,1,0,0.3,597.8
2025-03-25 04:00,4,1,0,0.4,656.0
2025-03-25 05:00,5,1,0,1.0,710.0
2025-03-25 06:00,6,1,0,2.1,730.0
2025-03-25 07:00,7,1,0,3.2,764.9
2025-03-25 08:00,8,1,0,3.6,771.9
2025-03-25 09:00,9,1,0,5.3,773.6
2025-03-25 10:00,10,1,0,5.8,794.0
2025-03-25 11:00,11,1,0,7.1,814.8
2025-03-25 12:00,12,1,0,8.1,841.9
2025-03-25 13:00,13,1,0,8.5,870.8
2025-03-25 14:00,14,1,0,8.4,915.9
2025-03-25 15:00,15,1,0,8.5,942.7
2025-03-25 16:00,16,1,0,9.3,939.6
2025-03-25 17:00,17,1,0,9.3,912.2
2025-03-25 18:00,18,1,0,8.3,868.4
2025-03-25 19:00,19,1,0,8.0,792.6
2025-03-25 20:00,20,1,0,8.1,695.5
2025-03-25 21:00,21,1,0,8.3,584.2
2025-03-25 22:00,22,1,0,6.2,522.7
2025-03-25 23:00,23,1,0,5.7,477.2
2025-03-26 00:00,0,2,0,5.5,467.4
2025-03-26 01:00,1,2,0,4.3,487.4
2025-03-26 02:00,2,2,0,2.8,552.6
2025-03-26 03:00,3,2,0,3.4,604.8
2025-03-26 04:00,4,2,0,3.3,655.5
2025-03-26 05:00,5,2,0,2.7,705.1
2025-03-26 06:00,6,2,0,2.7,730.3
2025-03-26 07:00,7,2,0,4.0,749.5
2025-03-26 08:00,8,2,0,6.4,756.6
2025-03-26 09:00,9,2,0,7.9,734.2
2025-03-26 10:00,10,2,0,8.4,757.7
2025-03-26 11:00,11,2,0,10.2,777.4
2025-03-26 12:00,12,2,0,9.8,835.3
2025-03-26 13:00,13,2,0,11.1,852.6
2025-03-26 14:00,14,2,0,12.0,892.1
2025-03-26 15:00,15,2,0,13.2,914.5
2025-03-26 16:00,16,2,0,13.6,911.0
2025-03-26 17:00,17,2,0,13.8,882.3
2025-03-26 18:00,18,2,0,13.1,813.6
2025-03-26 19:00,19,2,0,12.0,745.9
2025-03-26 20:00,20,2,0,11.0,656.7
2025-03-26 21:00,21,2,0,11.0,554.0
2025-03-26 22:00,22,2,0,9.6,481.8
2025-03-26 23:00,23,2,0,8.5,446.4
2025-03-27 00:00,0,3,0,7.4,440.0
2025-03-27 01:00,1,3,0,7.1,477.7
2025-03-27 02:00,2,3,0,6.9,522.2
2025-03-27 03:00,3,3,0,7.9,566.8
2025-03-27 04:00,4,3,0,9.3,607.3
2025-03-27 05:00,5,3,0,10.2,665.4
2025-03-27 06:00,6,3,0,11.2,692.2
2025-03-27 07:00,7,3,0,11.7,712.1
2025-03-27 08:00,8,3,0,11.6,723.8
2025-03-27 09:00,9,3,0,12.6,722.9
2025-03-27 10:00,10,3,0,13.6,734.8
2025-03-27 11:00,11,3,0,13.7,768.8
2025-03-27 12:00,12,3,0,14.5,791.2
2025-03-27 13:00,13,3,0,15.7,849.2
2025-03-27 14:00,14,3,0,15.4,892.5
2025-03-27 15:00,15,3,0,16.0,914.3
2025-03-27 16:00,16,3,0,15.9,920.1
2025-03-27 17:00,17,3,0,15.1,901.2
2025-03-27 18:00,18,3,0,14.4,846.4
2025-03-27 19:00,19,3,0,13.9,761.4
2025-03-27 20:00,20,3,0,12.7,655.6
2025-03-27 21:00,21,3,0,11.6,573.3
2025-03-27 22:00,22,3,0,11.2,498.6
2025-03-27 23:00,23,3,0,10.5,444.6
2025-03-28 00:00,0,4,0,10.0,420.0
2025-03-28 01:00,1,4,0,8.9,463.0
2025-03-28 02:00,2,4,0,8.8,504.2
2025-03-28 03:00,3,4,0,9.4,570.2
2025-03-28 04:00,4,4,0,8.9,625.2
2025-03-28 05:00,5,4,0,8.1,693.6
2025-03-28 06:00,6,4,0,8.2,738.5
2025-03-28 07:00,7,4,0,8.8,746.5
2025-03-28 08:00,8,4,0,9.1,764.6
2025-03-28 09:00,9,4,0,9.1,792.9
2025-03-28 10:00,10,4,0,11.1,770.0
2025-03-28 11:00,11,4,0,11.7,786.9
2025-03-28 12:00,12,4,0,12.0,802.9
2025-03-28 13:00,13,4,0,10.9,868.5
2025-03-28 14:00,14,4,0,11.8,885.2
2025-03-28 15:00,15,4,0,11.0,900.9
2025-03-28 16:00,16,4,0,11.7,904.9
2025-03-28 17:00,17,4,0,11.7,891.7
2025-03-28 18:00,18,4,0,11.2,822.0
2025-03-28 19:00,19,4,0,10.2,750.2
2025-03-28 20:00,20,4,0,9.8,682.3
2025-03-28 21:00,21,4,0,8.4,587.3
2025-03-28 22:00,22,4,0,7.6,507.0
2025-03-28 23:00,23,4,0,6.3,458.9
2025-03-29 00:00,0,5,0,5.4,414.0
2025-03-29 01:00,1,5,0,5.8,437.3
2025-03-29 02:00,2,5,0,6.0,459.5
2025-03-29 03:00,3,5,0,5.2,518.1
2025-03-29 04:00,4,5,0,4.8,583.3
2025-03-29 05:00,5,5,0,5.2,630.6
2025-03-29 06:00,6,5,0,5.8,675.0
2025-03-29 07:00,7,5,0,6.9,703.3
2025-03-29 08:00,8,5,0,7.6,697.8
2025-03-29 09:00,9,5,0,8.0,712.1
2025-03-29 10:00,10,5,0,9.5,712.8
2025-03-29 11:00,11,5,0,10.3,728.2
2025-03-29 12:00,12,5,0,11.6,750.7
2025-03-29 13:00,13,5,0,11.7,790.9
2025-03-29 14:00,14,5,0,13.0,818.3
2025-03-29 15:00,15,5,0,13.2,817.9
2025-03-29 16:00,16,5,0,13.2,829.6
2025-03-29 17:00,17,5,0,13.0,801.8
2025-03-29 18:00,18,5,0,11.4,746.2
2025-03-29 19:00,19,5,0,11.0,682.7
2025-03-29 20:00,20,5,0,9.7,620.4
2025-03-29 21:00,21,5,0,7.9,539.8
2025-03-29 22:00,22,5,0,7.1,478.3
2025-03-29 23:00,23,5,0,7.2,446.3
2025-03-30 00:00,0,6,1,6.1,329.3
2025-03-30 01:00,1,6,1,6.4,347.1
2025-03-30 02:00,2,6,1,4.6,379.9
2025-03-30 03:00,3,6,1,4.6,424.6
2025-03-30 04:00,4,6,1,4.4,476.8
2025-03-30 05:00,5,6,1,4.9,509.3
2025-03-30 06:00,6,6,1,6.9,525.2
2025-03-30 07:00,7,6,1,8.1,539.4
2025-03-30 08:00,8,6,1,8.1,557.5
2025-03-30 09:00,9,6,1,10.0,558.2
2025-03-30 10:00,10,6,1,10.3,573.6
2025-03-30 11:00,11,6,1,10.9,575.6
2025-03-30 12:00,12,6,1,11.2,610.4
2025-03-30 13:00,13,6,1,11.9,623.8
2025-03-30 14:00,14,6,1,12.2,658.7
2025-03-30 15:00,15,6,1,13.3,662.1
2025-03-30 16:00,16,6,1,13.4,657.0
2025-03-30 17:00,17,6,1,13.3,643.7
2025-03-30 18:00,18,6,1,12.6,585.4
2025-03-30 19:00,19,6,1,12.4,520.3
2025-03-30 20:00,20,6,1,10.7,468.6
2025-03-30 21:00,21,6,1,8.8,408.2
2025-03-30 22:00,22,6,1,8.3,371.6
2025-03-30 23:00,23,6,1,7.7,343.7
2025-03-31 00:00,0,0,1,7.1,374.2
2025-03-31 01:00,1,0,1,7.8,377.6
2025-03-31 02:00,2,0,1,6.7,424.1
2025-03-31 03:00,3,0,1,7.4,469.0
2025-03-31 04:00,4,0,1,8.4,522.0
2025-03-31 05:00,5,0,1,7.9,555.9
2025-03-31 06:00,6,0,1,8.8,579.9
2025-03-31 07:00,7,0,1,10.1,572.3
2025-03-31 08:00,8,0,1,10.8,569.2
2025-03-31 09:00,9,0,1,11.7,586.6
2025-03-31 10:00,10,0,1,12.6,607.5
2025-03-31 11:00,11,0,1,13.0,614.2
2025-03-31 12:00,12,0,1,12.9,640.7
2025-03-31 13:00,13,0,1,14.0,665.3
2025-03-31 14:00,14,0,1,14.5,702.8
2025-03-31 15:00,15,0,1,14.6,720.7
2025-03-31 16:00,16,0,1,14.7,727.5
2025-03-31 17:00,17,0,1,13.8,712.4
2025-03-31 18:00,18,0,1,12.7,670.0
2025-03-31 19:00,19,0,1,12.3,603.8
2025-03-31 20:00,20,0,1,11.3,527.1
2025-03-31 21:00,21,0,1,10.5,455.7
2025-03-31 22:00,22,0,1,10.1,407.4
2025-03-31 23:00,23,0,1,10.1,370.3
2025-04-01 00:00,0,1,1,8.8,367.8
2025-04-01 01:00,1,1,1,7.8,392.3
2025-04-01 02:00,2,1,1,6.4,432.6
2025-04-01 03:00,3,1,1,5.9,494.6
2025-04-01 04:00,4,1,1,6.3,520.3
2025-04-01 05:00,5,1,1,6.3,557.3
2025-04-01 06:00,6,1,1,8.2,594.4
2025-04-01 07:00,7,1,1,8.8,613.8
2025-04-01 08:00,8,1,1,8.6,624.2
2025-04-01 09:00,9,1,1,9.1,631.2
2025-04-01 10:00,10,1,1,11.3,620.5
2025-04-01 11:00,11,1,1,11.7,654.0
2025-04-01 12:00,12,1,1,12.5,664.6
2025-04-01 13:00,13,1,1,12.6,699.8
2025-04-01 14:00,14,1,1,12.3,750.1
2025-04-01 15:00,15,1,1,13.2,770.5
2025-04-01 16:00,16,1,1,12.3,770.8
2025-04-01 17:00,17,1,1,10.8,750.3
2025-04-01 18:00,18,1,1,9.8,710.8
2025-04-01 19:00,19,1,1,8.6,631.7
2025-04-01 20:00,20,1,1,8.0,557.6
2025-04-01 21:00,21,1,1,7.1,488.0
2025-04-01 22:00,22,1,1,6.9,425.9
2025-04-01 23:00,23,1,1,5.8,382.2
2025-04-02 00:00,0,2,0,5.4,453.5
2025-04-02 01:00,1,2,0,5.1,479.9
2025-04-02 02:00,2,2,0,5.4,524.7
2025-04-02 03:00,3,2,0,4.5,569.7
2025-04-02 04:00,4,2,0,4.4,629.9
2025-04-02 05:00,5,2,0,3.2,685.6
2025-04-02 06:00,6,2,0,3.4,731.4
2025-04-02 07:00,7,2,0,3.6,766.6
2025-04-02 08:00,8,2,0,4.1,767.3
2025-04-02 09:00,9,2,0,6.2,752.4
2025-04-02 10:00,10,2,0,8.0,769.9
2025-04-02 11:00,11,2,0,8.1,787.9
2025-04-02 12:00,12,2,0,10.1,807.3
2025-04-02 13:00,13,2,0,11.5,847.2
2025-04-02 14:00,14,2,0,12.1,897.0
2025-04-02 15:00,15,2,0,12.2,934.0
2025-04-02 16:00,16,2,0,12.0,932.1
2025-04-02 17:00,17,2,0,11.6,907.7
2025-04-02 18:00,18,2,0,11.3,845.2
2025-04-02 19:00,19,2,0,10.4,764.5
2025-04-02 20:00,20,2,0,10.0,663.3
2025-04-02 21:00,21,2,0,8.8,591.2
2025-04-02 22:00,22,2,0,7.3,529.5
2025-04-02 23:00,23,2,0,6.3,472.0
2025-04-03 00:00,0,3,0,5.8,463.7
2025-04-03 01:00,1,3,0,5.5,463.8
2025-04-03 02:00,2,3,0,5.0,501.4
2025-04-03 03:00,3,3,0,4.0,563.0
2025-04-03 04:00,4,3,0,3.3,641.1
2025-04-03 05:00,5,3,0,2.7,693.2
2025-04-03 06:00,6,3,0,3.3,744.2
2025-04-03 07:00,7,3,0,4.6,772.0
2025-04-03 08:00,8,3,0,5.6,783.1
2025-04-03 09:00,9,3,0,6.7,774.0
2025-04-03 10:00,10,3,0,7.5,803.1
2025-04-03 11:00,11,3,0,8.3,801.4
2025-04-03 12:00,12,3,0,8.8,855.1
2025-04-03 13:00,13,3,0,10.2,883.2
2025-04-03 14:00,14,3,0,9.9,925.5
2025-04-03 15:00,15,3,0,9.6,934.9
2025-04-03 16:00,16,3,0,9.8,943.7
2025-04-03 17:00,17,3,0,9.3,924.8
2025-04-03 18:00,18,3,0,9.1,850.7
2025-04-03 19:00,19,3,0,8.1,760.7
2025-04-03 20:00,20,3,0,7.4,649.4
2025-04-03 21:00,21,3,0,6.6,557.3
2025-04-03 22:00,22,3,0,4.9,499.1
2025-04-03 23:00,23,3,0,4.3,448.8
2025-04-04 00:00,0,4,0,4.5,455.3
2025-04-04 01:00,1,4,0,3.5,492.5
2025-04-04 02:00,2,4,0,3.1,536.7
2025-04-04 03:00,3,4,0,3.4,596.2
2025-04-04 04:00,4,4,0,4.5,643.1
2025-04-04 05:00,5,4,0,5.2,701.8
2025-04-04 06:00,6,4,0,7.2,744.5
2025-04-04 07:00,7,4,0,7.8,771.7
2025-04-04 08:00,8,4,0,9.9,747.9
2025-04-04 09:00,9,4,0,10.4,784.3
2025-04-04 10:00,10,4,0,11.4,785.2
2025-04-04 11:00,11,4,0,11.8,803.6
2025-04-04 12:00,12,4,0,13.2,821.9
2025-04-04 13:00,13,4,0,14.2,853.3
2025-04-04 14:00,14,4,0,13.5,914.2
2025-04-04 15:00,15,4,0,12.0,936.4
2025-04-04 16:00,16,4,0,13.2,913.9
2025-04-04 17:00,17,4,0,12.6,891.9
2025-04-04 18:00,18,4,0,11.0,840.1
2025-04-04 19:00,19,4,0,9.7,763.2
2025-04-04 20:00,20,4,0,8.5,689.6
2025-04-04 21:00,21,4,0,8.4,588.2
2025-04-04 22:00,22,4,0,7.7,521.8
2025-04-04 23:00,23,4,0,6.8,487.5
2025-04-05 00:00,0,5,0,5.6,420.1
2025-04-05 01:00,1,5,0,5.4,439.5
2025-04-05 02:00,2,5,0,3.9,499.4
2025-04-05 03:00,3,5,0,4.5,537.3
2025-04-05 04:00,4,5,0,5.2,574.6
2025-04-05 05:00,5,5,0,5.4,624.6
2025-04-05 06:00,6,5,0,5.1,659.9
2025-04-05 07:00,7,5,0,5.6,676.3
2025-04-05 08:00,8,5,0,6.6,677.6
2025-04-05 09:00,9,5,0,8.8,681.7
2025-04-05 10:00,10,5,0,10.9,698.2
2025-04-05 11:00,11,5,0,11.5,716.6
2025-04-05 12:00,12,5,0,11.8,750.2
2025-04-05 13:00,13,5,0,11.7,787.3
2025-04-05 14:00,14,5,0,12.3,811.6
2025-04-05 15:00,15,5,0,12.2,828.5
2025-04-05 16:00,16,5,0,12.5,839.7
2025-04-05 17:00,17,5,0,12.1,826.7
2025-04-05 18:00,18,5,0,11.2,772.5
2025-04-05 19:00,19,5,0,9.8,701.0
2025-04-05 20:00,20,5,0,7.9,626.7
2025-04-05 21:00,21,5,0,7.3,557.8
2025-04-05 22:00,22,5,0,5.5,491.1
2025-04-05 23:00,23,5,0,5.1,445.9
2025-04-06 00:00,0,6,0,3.5,408.8
2025-04-06 01:00,1,6,0,1.4,428.0
2025-04-06 02:00,2,6,0,1.2,472.1
2025-04-06 03:00,3,6,0,0.8,507.4
2025-04-06 04:00,4,6,0,1.6,571.0
2025-04-06 05:00,5,6,0,2.1,617.1
2025-04-06 06:00,6,6,0,2.8,628.7
2025-04-06 07:00,7,6,0,4.3,640.6
2025-04-06 08:00,8,6,0,5.0,630.6
2025-04-06 09:00,9,6,0,6.5,644.9
2025-04-06 10:00,10,6,0,9.1,663.5
2025-04-06 11:00,11,6,0,10.2,671.7
2025-04-06 12:00,12,6,0,10.5,694.9
2025-04-06 13:00,13,6,0,11.2,741.0
2025-04-06 14:00,14,6,0,11.2,788.2
2025-04-06 15:00,15,6,0,11.2,797.6
2025-04-06 16:00,16,6,0,12.1,798.2
2025-04-06 17:00,17,6,0,11.2,780.9
2025-04-06 18:00,18,6,0,9.9,729.4
2025-04-06 19:00,19,6,0,9.4,670.6
2025-04-06 20:00,20,6,0,8.3,592.0
2025-04-06 21:00,21,6,0,7.2,500.0
2025-04-06 22:00,22,6,0,5.9,452.6
2025-04-06 23:00,23,6,0,5.1,439.6
2025-04-07 00:00,0,0,0,5.5,487.5
2025-04-07 01:00,1,0,0,5.3,496.6
2025-04-07 02:00,2,0,0,4.6,549.7
2025-04-07 03:00,3,0,0,4.3,611.7
2025-04-07 04:00,4,0,0,4.0,671.3
2025-04-07 05:00,5,0,0,3.9,744.1
2025-04-07 06:00,6,0,0,5.2,778.3
2025-04-07 07:00,7,0,0,6.4,797.6
2025-04-07 08:00,8,0,0,7.7,806.7
2025-04-07 09:00,9,0,0,9.1,804.7
2025-04-07 10:00,10,0,0,9.8,825.2
2025-04-07 11:00,11,0,0,10.8,843.7
2025-04-07 12:00,12,0,0,12.0,871.1
2025-04-07 13:00,13,0,0,13.6,885.8
2025-04-07 14:00,14,0,0,14.1,926.0
2025-04-07 15:00,15,0,0,14.3,960.2
2025-04-07 16:00,16,0,0,13.7,956.4
2025-04-07 17:00,17,0,0,13.9,903.1
2025-04-07 18:00,18,0,0,13.2,849.0
2025-04-07 19:00,19,0,0,12.5,760.3
2025-04-07 20:00,20,0,0,11.8,662.5
2025-04-07 21:00,21,0,0,10.2,572.3
2025-04-07 22:00,22,0,0,9.4,481.8
2025-04-07 23:00,23,0,0,9.1,415.8
2025-04-08 00:00,0,1,0,7.9,408.2
2025-04-08 01:00,1,1,0,7.0,449.9
2025-04-08 02:00,2,1,0,6.1,502.9
2025-04-08 03:00,3,1,0,6.0,576.8
2025-04-08 04:00,4,1,0,7.4,614.2
2025-04-08 05:00,5,1,0,8.0,670.1
2025-04-08 06:00,6,1,0,9.4,691.1
2025-04-08 07:00,7,1,0,10.3,700.7
2025-04-08 08:00,8,1,0,11.0,724.6
2025-04-08 09:00,9,1,0,12.0,740.8
2025-04-08 10:00,10,1,0,13.1,756.2
2025-04-08 11:00,11,1,0,13.9,762.9
2025-04-08 12:00,12,1,0,14.7,800.1
2025-04-08 13:00,13,1,0,15.3,835.5
2025-04-08 14:00,14,1,0,15.3,879.1
2025-04-08 15:00,15,1,0,16.3,922.0
2025-04-08 16:00,16,1,0,16.4,918.7
2025-04-08 17:00,17,1,0,15.9,885.9
2025-04-08 18:00,18,1,0,14.9,832.1
2025-04-08 19:00,19,1,0,14.2,740.8
2025-04-08 20:00,20,1,0,12.7,650.3
2025-04-08 21:00,21,1,0,10.9,576.3
2025-04-08 22:00,22,1,0,9.7,499.5
2025-04-08 23:00,23,1,0,9.5,455.6
2025-04-09 00:00,0,2,0,8.7,443.0
2025-04-09 01:00,1,2,0,8.1,468.8
2025-04-09 02:00,2,2,0,7.1,525.2
2025-04-09 03:00,3,2,0,7.3,582.8
2025-04-09 04:00,4,2,0,7.1,645.0
2025-04-09 05:00,5,2,0,7.1,689.2
2025-04-09 06:00,6,2,0,7.3,722.9
2025-04-09 07:00,7,2,0,8.1,719.6
2025-04-09 08:00,8,2,0,8.4,734.6
2025-04-09 09:00,9,2,0,9.3,747.7
2025-04-09 10:00,10,2,0,10.2,772.0
2025-04-09 11:00,11,2,0,10.7,793.9
2025-04-09 12:00,12,2,0,10.4,810.3
2025-04-09 13:00,13,2,0,11.4,871.7
2025-04-09 14:00,14,2,0,11.1,908.2
2025-04-09 15:00,15,2,0,10.2,937.8
2025-04-09 16:00,16,2,0,10.2,953.4
2025-04-09 17:00,17,2,0,9.9,921.7
2025-04-09 18:00,18,2,0,10.0,859.9
2025-04-09 19:00,19,2,0,10.1,756.7
2025-04-09 20:00,20,2,0,7.9,681.7
2025-04-09 21:00,21,2,0,6.6,585.3
2025-04-09 22:00,22,2,0,5.8,516.9
2025-04-09 23:00,23,2,0,4.2,469.1
2025-04-10 00:00,0,3,0,4.3,451.6
2025-04-10 01:00,1,3,0,4.0,462.2
2025-04-10 02:00,2,3,0,3.3,510.2
2025-04-10 03:00,3,3,0,3.0,571.7
2025-04-10 04:00,4,3,0,3.4,623.2
2025-04-10 05:00,5,3,0,5.2,668.4
2025-04-10 06:00,6,3,0,7.0,719.5
2025-04-10 07:00,7,3,0,7.0,741.5
2025-04-10 08:00,8,3,0,8.4,743.1
2025-04-10 09:00,9,3,0,8.6,767.8
2025-04-10 10:00,10,3,0,9.6,785.3
2025-04-10 11:00,11,3,0,10.0,802.8
2025-04-10 12:00,12,3,0,10.8,836.3
2025-04-10 13:00,13,3,0,11.2,870.3
2025-04-10 14:00,14,3,0,11.9,896.4
2025-04-10 15:00,15,3,0,11.7,930.6
2025-04-10 16:00,16,3,0,12.1,928.4
2025-04-10 17:00,17,3,0,11.7,898.8
2025-04-10 18:00,18,3,0,10.6,843.1
2025-04-10 19:00,19,3,0,10.7,760.3
2025-04-10 20:00,20,3,0,10.0,671.9
2025-04-10 21:00,21,3,0,8.9,576.4
2025-04-10 22:00,22,3,0,7.9,495.5
2025-04-10 23:00,23,3,0,7.4,447.7
2025-04-11 00:00,0,4,0,6.7,438.2
2025-04-11 01:00,1,4,0,5.8,466.4
2025-04-11 02:00,2,4,0,5.3,498.8
2025-04-11 03:00,3,4,0,4.9,574.5
2025-04-11 04:00,4,4,0,4.8,616.5
2025-04-11 05:00,5,4,0,6.2,660.7
2025-04-11 06:00,6,4,0,7.4,690.7
2025-04-11 07:00,7,4,0,9.0,720.0
2025-04-11 08:00,8,4,0,9.7,711.8
2025-04-11 09:00,9,4,0,9.6,715.4
2025-04-11 10:00,10,4,0,10.5,746.1
2025-04-11 11:00,11,4,0,11.8,767.7
2025-04-11 12:00,12,4,0,12.4,831.2
2025-04-11 13:00,13,4,0,13.1,863.9
2025-04-11 14:00,14,4,0,13.0,921.4
2025-04-11 15:00,15,4,0,13.5,931.4
2025-04-11 16:00,16,4,0,13.1,942.4
2025-04-11 17:00,17,4,0,12.8,892.6
2025-04-11 18:00,18,4,0,12.6,812.5
2025-04-11 19:00,19,4,0,11.3,760.0
2025-04-11 20:00,20,4,0,9.8,649.7
2025-04-11 21:00,21,4,0,8.3,575.0
2025-04-11 22:00,22,4,0,7.7,519.2
2025-04-11 23:00,23,4,0,6.6,485.0
2025-04-12 00:00,0,5,0,6.7,418.0
2025-04-12 01:00,1,5,0,6.4,427.9
2025-04-12 02:00,2,5,0,6.7,485.5
2025-04-12 03:00,3,5,0,6.6,526.5
2025-04-12 04:00,4,5,0,7.5,575.2
2025-04-12 05:00,5,5,0,8.3,597.2
2025-04-12 06:00,6,5,0,7.8,645.5
2025-04-12 07:00,7,5,0,9.5,643.8
2025-04-12 08:00,8,5,0,10.9,646.2
2025-04-12 09:00,9,5,0,11.7,662.6
2025-04-12 10:00,10,5,0,12.0,680.9
2025-04-12 11:00,11,5,0,11.9,711.2
2025-04-12 12:00,12,5,0,12.8,734.7
2025-04-12 13:00,13,5,0,13.0,772.3
2025-04-12 14:00,14,5,0,12.7,799.0
2025-04-12 15:00,15,5,0,12.3,831.7
2025-04-12 16:00,16,5,0,11.3,807.1
2025-04-12 17:00,17,5,0,11.6,792.5
2025-04-12 18:00,18,5,0,10.5,755.1
2025-04-12 19:00,19,5,0,9.8,680.3
2025-04-12 20:00,20,5,0,9.0,591.2
2025-04-12 21:00,21,5,0,8.3,515.7
2025-04-12 22:00,22,5,0,7.2,467.0
2025-04-12 23:00,23,5,0,6.9,431.1
2025-04-13 00:00,0,6,0,5.9,391.2
2025-04-13 01:00,1,6,0,6.6,392.7
2025-04-13 02:00,2,6,0,5.3,449.2
2025-04-13 03:00,3,6,0,5.7,499.6
2025-04-13 04:00,4,6,0,7.1,548.3
2025-04-13 05:00,5,6,0,7.0,594.1
2025-04-13 06:00,6,6,0,8.5,610.0
2025-04-13 07:00,7,6,0,10.5,618.4
2025-04-13 08:00,8,6,0,11.2,632.9
2025-04-13 09:00,9,6,0,13.1,625.8
2025-04-13 10:00,10,6,0,13.8,652.4
2025-04-13 11:00,11,6,0,14.9,665.6
2025-04-13 12:00,12,6,0,15.5,696.0
2025-04-13 13:00,13,6,0,15.5,738.1
2025-04-13 14:00,14,6,0,15.3,773.6
2025-04-13 15:00,15,6,0,15.0,781.2
2025-04-13 16:00,16,6,0,14.0,791.9
2025-04-13 17:00,17,6,0,13.8,757.1
2025-04-13 18:00,18,6,0,13.2,720.9
2025-04-13 19:00,19,6,0,13.1,643.6
2025-04-13 20:00,20,6,0,12.4,561.2
2025-04-13 21:00,21,6,0,11.3,492.0
2025-04-13 22:00,22,6,0,10.0,416.6
2025-04-13 23:00,23,6,0,10.5,374.0
2025-04-14 00:00,0,0,0,8.9,429.7
2025-04-14 01:00,1,0,0,7.5,474.6
2025-04-14 02:00,2,0,0,8.5,507.7
2025-04-14 03:00,3,0,0,9.0,567.8
2025-04-14 04:00,4,0,0,9.2,621.8
2025-04-14 05:00,5,0,0,9.8,681.9
2025-04-14 06:00,6,0,0,11.0,708.6
2025-04-14 07:00,7,0,0,10.9,733.3
2025-04-14 08:00,8,0,0,11.7,732.7
2025-04-14 09:00,9,0,0,13.1,743.4
2025-04-14 10:00,10,0,0,14.5,747.8
2025-04-14 11:00,11,0,0,16.1,750.0
2025-04-14 12:00,12,0,0,17.0,785.8
2025-04-14 13:00,13,0,0,17.3,822.6
2025-04-14 14:00,14,0,0,17.3,867.7
2025-04-14 15:00,15,0,0,17.8,908.5
2025-04-14 16:00,16,0,0,17.6,899.3
2025-04-14 17:00,17,0,0,17.4,863.9
2025-04-14 18:00,18,0,0,17.6,805.5
2025-04-14 19:00,19,0,0,17.4,731.3
2025-04-14 20:00,20,0,0,15.6,617.2
2025-04-14 21:00,21,0,0,15.2,509.8
2025-04-14 22:00,22,0,0,13.5,457.3
2025-04-14 23:00,23,0,0,11.5,407.8
2025-04-15 00:00,0,1,0,12.1,397.8
2025-04-15 01:00,1,1,0,11.6,416.1
2025-04-15 02:00,2,1,0,10.7,466.3
2025-04-15 03:00,3,1,0,10.3,527.2
2025-04-15 04:00,4,1,0,10.9,571.4
2025-04-15 05:00,5,1,0,12.5,638.0
2025-04-15 06:00,6,1,0,13.8,660.9
2025-04-15 07:00,7,1,0,14.4,712.5
2025-04-15 08:00,8,1,0,14.6,725.3
2025-04-15 09:00,9,1,0,15.5,724.0
2025-04-15 10:00,10,1,0,17.0,748.5
2025-04-15 11:00,11,1,0,18.2,781.3
2025-04-15 12:00,12,1,0,18.2,774.0
2025-04-15 13:00,13,1,0,18.8,823.4
2025-04-15 14:00,14,1,0,19.5,868.9
2025-04-15 15:00,15,1,0,19.0,908.7
2025-04-15 16:00,16,1,0,19.4,905.3
2025-04-15 17:00,17,1,0,19.8,872.4
2025-04-15 18:00,18,1,0,19.6,812.0
2025-04-15 19:00,19,1,0,18.1,732.9
2025-04-15 20:00,20,1,0,16.9,633.2
2025-04-15 21:00,21,1,0,15.8,541.2
2025-04-15 22:00,22,1,0,14.5,479.1
2025-04-15 23:00,23,1,0,13.9,402.7
2025-04-16 00:00,0,2,0,13.3,409.6
2025-04-16 01:00,1,2,0,12.6,422.5
2025-04-16 02:00,2,2,0,12.3,445.7
2025-04-16 03:00,3,2,0,11.8,524.9
2025-04-16 04:00,4,2,0,11.1,597.4
2025-04-16 05:00,5,2,0,11.5,663.7
2025-04-16 06:00,6,2,0,11.9,695.4
2025-04-16 07:00,7,2,0,13.1,710.2
2025-04-16 08:00,8,2,0,14.1,718.2
2025-04-16 09:00,9,2,0,14.9,730.6
2025-04-16 10:00,10,2,0,16.6,744.4
2025-04-16 11:00,11,2,0,17.5,767.8
2025-04-16 12:00,12,2,0,17.5,825.9
2025-04-16 13:00,13,2,0,19.0,869.2
2025-04-16 14:00,14,2,0,20.0,907.0
2025-04-16 15:00,15,2,0,20.0,919.2
2025-04-16 16:00,16,2,0,18.9,923.5
2025-04-16 17:00,17,2,0,17.8,880.9
2025-04-16 18:00,18,2,0,17.7,827.6
2025-04-16 19:00,19,2,0,16.8,738.9
2025-04-16 20:00,20,2,0,15.6,627.4
2025-04-16 21:00,21,2,0,14.8,544.4
2025-04-16 22:00,22,2,0,13.3,471.5
2025-04-16 23:00,23,2,0,12.0,447.8
2025-04-17 00:00,0,3,0,12.1,422.9
2025-04-17 01:00,1,3,0,11.7,439.1
2025-04-17 02:00,2,3,0,11.7,488.1
2025-04-17 03:00,3,3,0,11.9,534.2
2025-04-17 04:00,4,3,0,12.6,573.5
2025-04-17 05:00,5,3,0,13.4,643.7
2025-04-17 06:00,6,3,0,13.4,680.9
2025-04-17 07:00,7,3,0,14.1,697.9
2025-04-17 08:00,8,3,0,15.9,694.7
2025-04-17 09:00,9,3,0,17.0,709.4
2025-04-17 10:00,10,3,0,18.9,750.0
2025-04-17 11:00,11,3,0,19.6,758.3
2025-04-17 12:00,12,3,0,19.5,795.4
2025-04-17 13:00,13,3,0,20.1,835.3
2025-04-17 14:00,14,3,0,20.1,873.5
2025-04-17 15:00,15,3,0,19.7,902.1
2025-04-17 16:00,16,3,0,19.1,923.3
2025-04-17 17:00,17,3,0,17.4,902.8
2025-04-17 18:00,18,3,0,17.1,844.4
2025-04-17 19:00,19,3,0,16.2,747.2
2025-04-17 20:00,20,3,0,14.6,649.5
2025-04-17 21:00,21,3,0,12.6,554.2
2025-04-17 22:00,22,3,0,12.0,473.8
2025-04-17 23:00,23,3,0,11.1,432.9
2025-04-18 00:00,0,4,0,10.8,440.8
2025-04-18 01:00,1,4,0,10.4,459.4
2025-04-18 02:00,2,4,0,10.5,501.7
2025-04-18 03:00,3,4,0,10.3,572.3
2025-04-18 04:00,4,4,0,9.5,630.6
2025-04-18 05:00,5,4,0,10.0,695.0
2025-04-18 06:00,6,4,0,11.2,711.5
2025-04-18 07:00,7,4,0,11.2,720.1
2025-04-18 08:00,8,4,0,11.9,728.7
2025-04-18 09:00,9,4,0,13.8,724.9
2025-04-18 10:00,10,4,0,14.1,737.6
2025-04-18 11:00,11,4,0,15.8,769.2
2025-04-18 12:00,12,4,0,16.1,808.1
2025-04-18 13:00,13,4,0,15.8,838.7
2025-04-18 14:00,14,4,0,15.9,884.6
2025-04-18 15:00,15,4,0,15.7,905.4
2025-04-18 16:00,16,4,0,16.1,914.0
2025-04-18 17:00,17,4,0,14.5,866.8
2025-04-18 18:00,18,4,0,13.3,816.4
2025-04-18 19:00,19,4,0,12.0,743.7
2025-04-18 20:00,20,4,0,10.4,667.1
2025-04-18 21:00,21,4,0,9.5,575.4
2025-04-18 22:00,22,4,0,8.2,502.5
2025-04-18 23:00,23,4,0,7.3,440.7
2025-04-19 00:00,0,5,0,6.5,394.3
2025-04-19 01:00,1,5,0,6.6,430.1
2025-04-19 02:00,2,5,0,5.8,480.6
2025-04-19 03:00,3,5,0,5.8,517.4
2025-04-19 04:00,4,5,0,6.4,584.6
2025-04-19 05:00,5,5,0,7.1,641.3
2025-04-19 06:00,6,5,0,7.8,689.7
2025-04-19 07:00,7,5,0,9.1,692.7
2025-04-19 08:00,8,5,0,10.4,690.1
2025-04-19 09:00,9,5,0,11.7,689.7
2025-04-19 10:00,10,5,0,12.7,693.3
2025-04-19 11:00,11,5,0,14.3,705.9
2025-04-19 12:00,12,5,0,15.7,744.0
2025-04-19 13:00,13,5,0,16.0,783.6
2025-04-19 14:00,14,5,0,16.7,818.6
2025-04-19 15:00,15,5,0,17.1,834.7
2025-04-19 16:00,16,5,0,17.4,825.9
2025-04-19 17:00,17,5,0,16.5,805.8
2025-04-19 18:00,18,5,0,15.2,752.6
2025-04-19 19:00,19,5,0,14.3,666.7
2025-04-19 20:00,20,5,0,14.0,587.1
2025-04-19 21:00,21,5,0,12.3,505.6
2025-04-19 22:00,22,5,0,11.9,444.1
2025-04-19 23:00,23,5,0,11.0,392.9
2025-04-20 00:00,0,6,0,10.5,348.3
2025-04-20 01:00,1,6,0,10.0,365.9
2025-04-20 02:00,2,6,0,9.4,424.6
2025-04-20 03:00,3,6,0,9.1,463.4
2025-04-20 04:00,4,6,0,9.6,536.2
2025-04-20 05:00,5,6,0,10.9,571.4
2025-04-20 06:00,6,6,0,11.7,607.0
2025-04-20 07:00,7,6,0,12.7,601.1
2025-04-20 08:00,8,6,0,13.2,626.6
2025-04-20 09:00,9,6,0,14.1,631.2
2025-04-20 10:00,10,6,0,15.8,626.5
2025-04-20 11:00,11,6,0,17.4,654.2
2025-04-20 12:00,12,6,0,18.0,672.1
2025-04-20 13:00,13,6,0,18.6,703.6
2025-04-20 14:00,14,6,0,18.7,741.0
2025-04-20 15:00,15,6,0,18.3,763.3
2025-04-20 16:00,16,6,0,18.4,775.2
2025-04-20 17:00,17,6,0,17.7,738.4
2025-04-20 18:00,18,6,0,18.0,697.3
2025-04-20 19:00,19,6,0,15.8,635.9
2025-04-20 20:00,20,6,0,13.8,559.1
2025-04-20 21:00,21,6,0,12.0,488.5
2025-04-20 22:00,22,6,0,11.0,427.2
2025-04-20 23:00,23,6,0,9.9,401.8
2025-04-21 00:00,0,0,0,8.8,462.6
2025-04-21 01:00,1,0,0,6.3,498.7
2025-04-21 02:00,2,0,0,6.1,519.2
2025-04-21 03:00,3,0,0,5.1,589.1
2025-04-21 04:00,4,0,0,6.1,652.4
2025-04-21 05:00,5,0,0,6.7,702.1
2025-04-21 06:00,6,0,0,6.9,712.4
2025-04-21 07:00,7,0,0,7.7,729.1
2025-04-21 08:00,8,0,0,9.6,724.0
2025-04-21 09:00,9,0,0,10.5,725.9
2025-04-21 10:00,10,0,0,10.9,751.9
2025-04-21 11:00,11,0,0,10.4,788.8
2025-04-21 12:00,12,0,0,11.2,811.2
2025-04-21 13:00,13,0,0,11.5,843.5
2025-04-21 14:00,14,0,0,12.7,880.5
2025-04-21 15:00,15,0,0,13.0,888.5
2025-04-21 16:00,16,0,0,13.6,885.1
2025-04-21 17:00,17,0,0,13.0,853.9
2025-04-21 18:00,18,0,0,11.9,801.9
2025-04-21 19:00,19,0,0,11.8,722.7
2025-04-21 20:00,20,0,0,10.8,620.8
2025-04-21 21:00,21,0,0,9.4,546.0
2025-04-21 22:00,22,0,0,8.3,478.4
2025-04-21 23:00,23,0,0,8.1,431.0
2025-04-22 00:00,0,1,0,7.1,439.3
2025-04-22 01:00,1,1,0,7.7,442.3
2025-04-22 02:00,2,1,0,7.6,509.5
2025-04-22 03:00,3,1,0,6.8,572.6
2025-04-22 04:00,4,1,0,6.3,619.3
2025-04-22 05:00,5,1,0,6.7,671.2
2025-04-22 06:00,6,1,0,7.2,702.1
2025-04-22 07:00,7,1,0,7.9,734.4
2025-04-22 08:00,8,1,0,8.8,740.1
2025-04-22 09:00,9,1,0,10.1,744.7
2025-04-22 10:00,10,1,0,11.1,767.4
2025-04-22 11:00,11,1,0,11.8,795.5
2025-04-22 12:00,12,1,0,11.5,844.6
2025-04-22 13:00,13,1,0,13.3,873.7
2025-04-22 14:00,14,1,0,13.8,898.3
2025-04-22 15:00,15,1,0,14.3,916.3
2025-04-22 16:00,16,1,0,14.4,909.1
2025-04-22 17:00,17,1,0,14.8,866.5
2025-04-22 18:00,18,1,0,14.2,795.0
2025-04-22 19:00,19,1,0,14.1,700.6
2025-04-22 20:00,20,1,0,12.8,603.8
2025-04-22 21:00,21,1,0,11.7,505.3
2025-04-22 22:00,22,1,0,11.0,420.0
2025-04-22 23:00,23,1,0,10.4,398.2
2025-04-23 00:00,0,2,1,10.4,302.7
2025-04-23 01:00,1,2,1,9.4,309.3
2025-04-23 02:00,2,2,1,9.3,353.0
2025-04-23 03:00,3,2,1,8.8,424.0
2025-04-23 04:00,4,2,1,8.1,475.9
2025-04-23 05:00,5,2,1,9.1,511.5
2025-04-23 06:00,6,2,1,9.7,557.7
2025-04-23 07:00,7,2,1,9.9,581.2
2025-04-23 08:00,8,2,1,10.5,601.2
2025-04-23 09:00,9,2,1,11.8,616.4
2025-04-23 10:00,10,2,1,12.9,615.5
2025-04-23 11:00,11,2,1,13.8,609.4
2025-04-23 12:00,12,2,1,15.0,643.5
2025-04-23 13:00,13,2,1,15.6,671.3
2025-04-23 14:00,14,2,1,15.0,701.7
2025-04-23 15:00,15,2,1,15.6,742.2
2025-04-23 16:00,16,2,1,15.2,745.2
2025-04-23 17:00,17,2,1,14.6,716.1
2025-04-23 18:00,18,2,1,12.6,655.5
2025-04-23 19:00,19,2,1,9.9,610.7
2025-04-23 20:00,20,2,1,9.1,529.8
2025-04-23 21:00,21,2,1,7.9,474.7
2025-04-23 22:00,22,2,1,7.0,410.8
2025-04-23 23:00,23,2,1,6.3,370.4
2025-04-24 00:00,0,3,0,6.3,431.6
2025-04-24 01:00,1,3,0,6.6,443.1
2025-04-24 02:00,2,3,0,6.9,474.6
2025-04-24 03:00,3,3,0,6.3,537.3
2025-04-24 04:00,4,3,0,6.0,611.9
2025-04-24 05:00,5,3,0,6.5,668.4
2025-04-24 06:00,6,3,0,8.1,676.8
2025-04-24 07:00,7,3,0,9.6,698.2
2025-04-24 08:00,8,3,0,10.3,707.6
2025-04-24 09:00,9,3,0,10.7,737.0
2025-04-24 10:00,10,3,0,11.9,754.4
2025-04-24 11:00,11,3,0,12.8,754.7
2025-04-24 12:00,12,3,0,14.1,781.4
2025-04-24 13:00,13,3,0,15.3,818.6
2025-04-24 14:00,14,3,0,15.9,840.2
2025-04-24 15:00,15,3,0,15.5,872.5
2025-04-24 16:00,16,3,0,14.7,875.8
2025-04-24 17:00,17,3,0,14.2,861.3
2025-04-24 18:00,18,3,0,13.9,822.1
2025-04-24 19:00,19,3,0,13.1,752.9
2025-04-24 20:00,20,3,0,12.6,631.2
2025-04-24 21:00,21,3,0,11.4,540.3
2025-04-24 22:00,22,3,0,11.0,477.4
2025-04-24 23:00,23,3,0,10.3,415.0
2025-04-25 00:00,0,4,0,9.5,415.4
2025-04-25 01:00,1,4,0,8.4,435.6
2025-04-25 02:00,2,4,0,8.0,469.9
2025-04-25 03:00,3,4,0,7.9,530.5
2025-04-25 04:00,4,4,0,9.0,588.5
2025-04-25 05:00,5,4,0,9.5,626.5
2025-04-25 06:00,6,4,0,10.5,679.5
2025-04-25 07:00,7,4,0,10.2,711.0
2025-04-25 08:00,8,4,0,11.7,736.6
2025-04-25 09:00,9,4,0,12.7,730.2
2025-04-25 10:00,10,4,0,13.3,741.2
2025-04-25 11:00,11,4,0,12.9,755.4
2025-04-25 12:00,12,4,0,13.3,799.5
2025-04-25 13:00,13,4,0,15.0,831.0
2025-04-25 14:00,14,4,0,15.9,882.5
2025-04-25 15:00,15,4,0,16.6,905.5
2025-04-25 16:00,16,4,0,16.2,909.3
2025-04-25 17:00,17,4,0,16.2,891.2
2025-04-25 18:00,18,4,0,15.9,822.1
2025-04-25 19:00,19,4,0,15.3,729.2
2025-04-25 20:00,20,4,0,13.8,633.0
2025-04-25 21:00,21,4,0,12.4,551.7
2025-04-25 22:00,22,4,0,11.2,479.7
2025-04-25 23:00,23,4,0,12.0,425.1
2025-04-26 00:00,0,5,0,10.2,391.9
2025-04-26 01:00,1,5,0,10.6,418.9
2025-04-26 02:00,2,5,0,11.0,449.4
2025-04-26 03:00,3,5,0,10.9,503.3
2025-04-26 04:00,4,5,0,11.5,564.9
2025-04-26 05:00,5,5,0,12.0,601.5
2025-04-26 06:00,6,5,0,12.9,632.1
2025-04-26 07:00,7,5,0,13.3,649.7
2025-04-26 08:00,8,5,0,13.1,667.5
2025-04-26 09:00,9,5,0,15.7,645.7
2025-04-26 10:00,10,5,0,17.7,665.5
2025-04-26 11:00,11,5,0,17.7,711.9
2025-04-26 12:00,12,5,0,19.1,746.4
2025-04-26 13:00,13,5,0,19.4,784.6
2025-04-26 14:00,14,5,0,20.0,820.4
2025-04-26 15:00,15,5,0,19.5,844.1
2025-04-26 16:00,16,5,0,18.6,844.4
2025-04-26 17:00,17,5,0,19.3,828.7
2025-04-26 18:00,18,5,0,18.3,752.4
2025-04-26 19:00,19,5,0,17.3,676.6
2025-04-26 20:00,20,5,0,16.7,590.9
2025-04-26 21:00,21,5,0,16.5,495.5
2025-04-26 22:00,22,5,0,15.1,407.4
2025-04-26 23:00,23,5,0,14.4,364.4
2025-04-27 00:00,0,6,0,14.1,319.1
2025-04-27 01:00,1,6,0,13.0,352.4
2025-04-27 02:00,2,6,0,12.2,398.6
2025-04-27 03:00,3,6,0,12.3,441.3
2025-04-27 04:00,4,6,0,12.3,496.6
2025-04-27 05:00,5,6,0,13.5,533.6
2025-04-27 06:00,6,6,0,13.0,562.5
2025-04-27 07:00,7,6,0,14.1,567.3
2025-04-27 08:00,8,6,0,14.9,582.3
2025-04-27 09:00,9,6,0,15.0,589.0
2025-04-27 10:00,10,6,0,15.9,599.1
2025-04-27 11:00,11,6,0,16.0,620.2
2025-04-27 12:00,12,6,0,16.6,643.4
2025-04-27 13:00,13,6,0,17.9,688.3
2025-04-27 14:00,14,6,0,17.8,726.0
2025-04-27 15:00,15,6,0,18.3,743.7
2025-04-27 16:00,16,6,0,18.3,751.7
2025-04-27 17:00,17,6,0,17.6,728.9
2025-04-27 18:00,18,6,0,16.7,673.4
2025-04-27 19:00,19,6,0,16.0,612.0
2025-04-27 20:00,20,6,0,15.2,534.8
2025-04-27 21:00,21,6,0,13.9,462.3
2025-04-27 22:00,22,6,0,12.7,410.2
2025-04-27 23:00,23,6,0,12.2,369.4
2025-04-28 00:00,0,0,0,11.0,425.2
2025-04-28 01:00,1,0,0,9.6,466.4
2025-04-28 02:00,2,0,0,9.4,492.4
2025-04-28 03:00,3,0,0,9.6,553.7
2025-04-28 04:00,4,0,0,8.3,614.4
2025-04-28 05:00,5,0,0,8.8,661.8
2025-04-28 06:00,6,0,0,10.3,684.1
2025-04-28 07:00,7,0,0,11.7,693.2
2025-04-28 08:00,8,0,0,12.4,702.0
2025-04-28 09:00,9,0,0,13.7,711.4
2025-04-28 10:00,10,0,0,13.7,730.7
2025-04-28 11:00,11,0,0,15.1,737.0
2025-04-28 12:00,12,0,0,16.1,774.1
2025-04-28 13:00,13,0,0,17.3,835.9
2025-04-28 14:00,14,0,0,17.6,885.4
2025-04-28 15:00,15,0,0,18.1,908.8
2025-04-28 16:00,16,0,0,17.7,916.4
2025-04-28 17:00,17,0,0,18.0,889.4
2025-04-28 18:00,18,0,0,17.6,840.0
2025-04-28 19:00,19,0,0,15.6,744.1
2025-04-28 20:00,20,0,0,13.7,649.3
2025-04-28 21:00,21,0,0,13.0,558.3
2025-04-28 22:00,22,0,0,12.6,491.3
2025-04-28 23:00,23,0,0,12.4,434.1
2025-04-29 00:00,0,1,0,11.4,401.0
2025-04-29 01:00,1,1,0,10.9,412.2
2025-04-29 02:00,2,1,0,10.3,479.5
2025-04-29 03:00,3,1,0,9.8,531.2
2025-04-29 04:00,4,1,0,9.8,579.9
2025-04-29 05:00,5,1,0,10.9,630.7
2025-04-29 06:00,6,1,0,11.3,666.8
2025-04-29 07:00,7,1,0,13.2,687.9
2025-04-29 08:00,8,1,0,13.3,702.5
2025-04-29 09:00,9,1,0,14.2,716.0
2025-04-29 10:00,10,1,0,15.5,723.2
2025-04-29 11:00,11,1,0,16.8,742.3
2025-04-29 12:00,12,1,0,17.7,763.9
2025-04-29 13:00,13,1,0,17.3,825.0
2025-04-29 14:00,14,1,0,17.6,853.3
2025-04-29 15:00,15,1,0,18.6,887.0
2025-04-29 16:00,16,1,0,18.8,873.2
2025-04-29 17:00,17,1,0,18.7,854.5
2025-04-29 18:00,18,1,0,18.3,785.6
2025-04-29 19:00,19,1,0,17.4,724.9
2025-04-29 20:00,20,1,0,16.4,632.0
2025-04-29 21:00,21,1,0,15.0,545.4
2025-04-29 22:00,22,1,0,14.7,457.2
2025-04-29 23:00,23,1,0,14.0,429.6
2025-04-30 00:00,0,2,0,13.5,424.9
2025-04-30 01:00,1,2,0,13.0,425.3
2025-04-30 02:00,2,2,0,12.4,474.6
2025-04-30 03:00,3,2,0,11.3,552.2
2025-04-30 04:00,4,2,0,11.4,603.9
2025-04-30 05:00,5,2,0,11.4,660.2
2025-04-30 06:00,6,2,0,11.7,691.7
2025-04-30 07:00,7,2,0,12.6,690.8
2025-04-30 08:00,8,2,0,14.4,700.2
2025-04-30 09:00,9,2,0,14.8,712.0
2025-04-30 10:00,10,2,0,15.8,738.0
2025-04-30 11:00,11,2,0,17.7,750.5
2025-04-30 12:00,12,2,0,17.7,788.0
2025-04-30 13:00,13,2,0,18.7,844.2
2025-04-30 14:00,14,2,0,18.8,884.2
2025-04-30 15:00,15,2,0,19.4,928.6
2025-04-30 16:00,16,2,0,20.1,930.2
2025-04-30 17:00,17,2,0,19.6,874.2
2025-04-30 18:00,18,2,0,19.6,830.1
2025-04-30 19:00,19,2,0,18.8,719.6
2025-04-30 20:00,20,2,0,19.0,638.9
2025-04-30 21:00,21,2,0,15.8,550.1
2025-04-30 22:00,22,2,0,14.2,456.7
2025-04-30 23:00,23,2,0,13.1,429.0
2025-05-01 00:00,0,3,1,12.5,342.2
2025-05-01 01:00,1,3,1,12.9,361.0
2025-05-01 02:00,2,3,1,13.1,415.6
2025-05-01 03:00,3,3,1,12.7,446.1
2025-05-01 04:00,4,3,1,11.9,490.5
2025-05-01 05:00,5,3,1,13.0,534.7
2025-05-01 06:00,6,3,1,13.8,551.3
2025-05-01 07:00,7,3,1,14.4,553.6
2025-05-01 08:00,8,3,1,15.8,560.9
2025-05-01 09:00,9,3,1,17.9,575.7
2025-05-01 10:00,10,3,1,19.1,576.6
2025-05-01 11:00,11,3,1,20.8,612.9
2025-05-01 12:00,12,3,1,20.4,642.3
2025-05-01 13:00,13,3,1,21.5,689.8
2025-05-01 14:00,14,3,1,23.2,731.8
2025-05-01 15:00,15,3,1,24.0,751.5
2025-05-01 16:00,16,3,1,23.4,756.3
2025-05-01 17:00,17,3,1,22.2,729.2
2025-05-01 18:00,18,3,1,21.7,677.5
2025-05-01 19:00,19,3,1,20.2,615.3
2025-05-01 20:00,20,3,1,18.9,539.8
2025-05-01 21:00,21,3,1,16.7,432.2
2025-05-01 22:00,22,3,1,15.0,363.0
2025-05-01 23:00,23,3,1,14.4,344.1
2025-05-02 00:00,0,4,0,13.2,409.2
2025-05-02 01:00,1,4,0,12.1,440.1
2025-05-02 02:00,2,4,0,10.9,498.0
2025-05-02 03:00,3,4,0,10.6,550.6
2025-05-02 04:00,4,4,0,11.0,611.8
2025-05-02 05:00,5,4,0,11.4,656.6
2025-05-02 06:00,6,4,0,10.4,707.9
2025-05-02 07:00,7,4,0,11.2,738.8
2025-05-02 08:00,8,4,0,11.7,742.3
2025-05-02 09:00,9,4,0,12.7,730.0
2025-05-02 10:00,10,4,0,13.1,763.3
2025-05-02 11:00,11,4,0,14.8,778.2
2025-05-02 12:00,12,4,0,16.9,802.1
2025-05-02 13:00,13,4,0,18.0,842.4
2025-05-02 14:00,14,4,0,19.5,851.3
2025-05-02 15:00,15,4,0,19.7,889.0
2025-05-02 16:00,16,4,0,19.4,882.6
2025-05-02 17:00,17,4,0,17.7,848.6
2025-05-02 18:00,18,4,0,16.7,777.2
2025-05-02 19:00,19,4,0,15.7,707.3
2025-05-02 20:00,20,4,0,15.6,608.4
2025-05-02 21:00,21,4,0,14.0,495.7
2025-05-02 22:00,22,4,0,13.1,445.4
2025-05-02 23:00,23,4,0,12.5,403.1
2025-05-03 00:00,0,5,0,11.9,357.2
2025-05-03 01:00,1,5,0,11.2,384.8
2025-05-03 02:00,2,5,0,11.5,426.8
2025-05-03 03:00,3,5,0,10.8,480.8
2025-05-03 04:00,4,5,0,11.0,532.5
2025-05-03 05:00,5,5,0,11.5,586.2
2025-05-03 06:00,6,5,0,13.1,615.0
2025-05-03 07:00,7,5,0,14.7,632.4
2025-05-03 08:00,8,5,0,16.0,636.6
2025-05-03 09:00,9,5,0,17.4,649.2
2025-05-03 10:00,10,5,0,17.1,660.0
2025-05-03 11:00,11,5,0,18.2,687.4
2025-05-03 12:00,12,5,0,18.7,726.6
2025-05-03 13:00,13,5,0,18.4,760.5
2025-05-03 14:00,14,5,0,19.2,800.7
2025-05-03 15:00,15,5,0,19.1,827.1
2025-05-03 16:00,16,5,0,18.5,826.6
2025-05-03 17:00,17,5,0,17.0,799.0
2025-05-03 18:00,18,5,0,16.5,751.3
2025-05-03 19:00,19,5,0,16.5,674.9
2025-05-03 20:00,20,5,0,15.6,602.0
2025-05-03 21:00,21,5,0,15.0,509.1
2025-05-03 22:00,22,5,0,14.5,434.1
2025-05-03 23:00,23,5,0,13.5,397.5
2025-05-04 00:00,0,6,0,12.6,364.5
2025-05-04 01:00,1,6,0,11.6,372.2
2025-05-04 02:00,2,6,0,11.0,408.2
2025-05-04 03:00,3,6,0,10.5,451.6
2025-05-04 04:00,4,6,0,10.6,526.0
2025-05-04 05:00,5,6,0,10.7,557.4
2025-05-04 06:00,6,6,0,12.0,580.3
2025-05-04 07:00,7,6,0,12.3,586.3
2025-05-04 08:00,8,6,0,14.2,587.0
2025-05-04 09:00,9,6,0,15.0,603.0
2025-05-04 10:00,10,6,0,15.7,613.8
2025-05-04 11:00,11,6,0,17.1,638.2
2025-05-04 12:00,12,6,0,17.4,684.4
2025-05-04 13:00,13,6,0,16.9,709.6
2025-05-04 14:00,14,6,0,17.8,726.9
2025-05-04 15:00,15,6,0,18.8,743.6
2025-05-04 16:00,16,6,0,17.5,739.2
2025-05-04 17:00,17,6,0,17.5,714.0
2025-05-04 18:00,18,6,0,16.5,671.1
2025-05-04 19:00,19,6,0,15.5,584.7
2025-05-04 20:00,20,6,0,15.5,520.1
2025-05-04 21:00,21,6,0,13.7,453.8
2025-05-04 22:00,22,6,0,12.3,415.3
2025-05-04 23:00,23,6,0,12.2,371.8
2025-05-05 00:00,0,0,0,11.6,426.5
2025-05-05 01:00,1,0,0,11.3,433.3
2025-05-05 02:00,2,0,0,10.5,472.6
2025-05-05 03:00,3,0,0,9.9,531.9
2025-05-05 04:00,4,0,0,9.5,597.3
2025-05-05 05:00,5,0,0,10.1,637.7
2025-05-05 06:00,6,0,0,10.5,678.9
2025-05-05 07:00,7,0,0,11.6,693.4
2025-05-05 08:00,8,0,0,14.2,700.1
2025-05-05 09:00,9,0,0,14.1,716.6
2025-05-05 10:00,10,0,0,15.3,729.0
2025-05-05 11:00,11,0,0,16.2,742.1
2025-05-05 12:00,12,0,0,16.4,779.0
2025-05-05 13:00,13,0,0,17.2,815.4
2025-05-05 14:00,14,0,0,17.0,857.4
2025-05-05 15:00,15,0,0,16.4,896.5
2025-05-05 16:00,16,0,0,16.3,908.6
2025-05-05 17:00,17,0,0,16.9,889.2
2025-05-05 18:00,18,0,0,16.1,819.3
2025-05-05 19:00,19,0,0,15.6,725.4
2025-05-05 20:00,20,0,0,14.2,636.3
2025-05-05 21:00,21,0,0,12.8,561.2
2025-05-05 22:00,22,0,0,10.9,495.8
2025-05-05 23:00,23,0,0,10.0,429.0
2025-05-06 00:00,0,1,0,9.6,394.6
2025-05-06 01:00,1,1,0,8.0,424.2
2025-05-06 02:00,2,1,0,6.5,468.8
2025-05-06 03:00,3,1,0,6.8,529.2
2025-05-06 04:00,4,1,0,6.6,604.9
2025-05-06 05:00,5,1,0,6.1,680.5
2025-05-06 06:00,6,1,0,7.3,720.5
2025-05-06 07:00,7,1,0,8.1,726.0
2025-05-06 08:00,8,1,0,8.9,737.0
2025-05-06 09:00,9,1,0,10.0,747.5
2025-05-06 10:00,10,1,0,10.8,765.6
2025-05-06 11:00,11,1,0,13.5,763.2
2025-05-06 12:00,12,1,0,13.1,820.5
2025-05-06 13:00,13,1,0,13.5,839.4
2025-05-06 14:00,14,1,0,14.4,872.5
2025-05-06 15:00,15,1,0,14.8,902.5
2025-05-06 16:00,16,1,0,14.0,917.9
2025-05-06 17:00,17,1,0,13.5,900.3
2025-05-06 18:00,18,1,0,12.9,836.8
2025-05-06 19:00,19,1,0,13.0,747.5
2025-05-06 20:00,20,1,0,13.1,649.4
2025-05-06 21:00,21,1,0,13.1,549.3
2025-05-06 22:00,22,1,0,12.2,488.0
2025-05-06 23:00,23,1,0,12.1,436.8
2025-05-07 00:00,0,2,0,11.8,417.0
2025-05-07 01:00,1,2,0,11.0,447.0
2025-05-07 02:00,2,2,0,10.4,489.2
2025-05-07 03:00,3,2,0,10.7,547.6
2025-05-07 04:00,4,2,0,11.1,586.9
2025-05-07 05:00,5,2,0,11.2,652.4
2025-05-07 06:00,6,2,0,11.2,694.1
2025-05-07 07:00,7,2,0,11.5,725.0
2025-05-07 08:00,8,2,0,13.4,725.2
2025-05-07 09:00,9,2,0,14.3,717.8
2025-05-07 10:00,10,2,0,15.4,730.8
2025-05-07 11:00,11,2,0,17.3,757.8
2025-05-07 12:00,12,2,0,19.0,809.2
2025-05-07 13:00,13,2,0,20.2,854.6
2025-05-07 14:00,14,2,0,20.8,886.1
2025-05-07 15:00,15,2,0,20.6,925.4
2025-05-07 16:00,16,2,0,20.5,914.9
2025-05-07 17:00,17,2,0,20.2,881.5
2025-05-07 18:00,18,2,0,19.9,833.5
2025-05-07 19:00,19,2,0,18.7,736.5
2025-05-07 20:00,20,2,0,18.2,635.1
2025-05-07 21:00,21,2,0,17.7,548.5
2025-05-07 22:00,22,2,0,16.8,477.2
2025-05-07 23:00,23,2,0,14.9,428.6
2025-05-08 00:00,0,3,0,13.1,429.7
2025-05-08 01:00,1,3,0,12.9,456.0
2025-05-08 02:00,2,3,0,11.4,489.8
2025-05-08 03:00,3,3,0,11.4,561.3
2025-05-08 04:00,4,3,0,13.3,613.4
2025-05-08 05:00,5,3,0,13.5,658.7
2025-05-08 06:00,6,3,0,13.3,693.1
2025-05-08 07:00,7,3,0,14.6,693.3
2025-05-08 08:00,8,3,0,15.3,699.3
2025-05-08 09:00,9,3,0,16.2,713.1
2025-05-08 10:00,10,3,0,16.2,720.5
2025-05-08 11:00,11,3,0,16.8,754.0
2025-05-08 12:00,12,3,0,18.5,780.1
2025-05-08 13:00,13,3,0,18.9,836.0
2025-05-08 14:00,14,3,0,18.9,861.0
2025-05-08 15:00,15,3,0,19.0,897.5
2025-05-08 16:00,16,3,0,19.0,899.8
2025-05-08 17:00,17,3,0,19.1,862.4
2025-05-08 18:00,18,3,0,18.9,803.5
2025-05-08 19:00,19,3,0,18.6,718.9
2025-05-08 20:00,20,3,0,16.8,630.3
2025-05-08 21:00,21,3,0,15.5,520.8
2025-05-08 22:00,22,3,0,13.3,444.7
2025-05-08 23:00,23,3,0,13.3,406.5
2025-05-09 00:00,0,4,0,12.2,382.7
2025-05-09 01:00,1,4,0,11.4,417.4
2025-05-09 02:00,2,4,0,12.0,455.8
2025-05-09 03:00,3,4,0,12.4,519.8
2025-05-09 04:00,4,4,0,12.3,584.2
2025-05-09 05:00,5,4,0,12.5,624.4
2025-05-09 06:00,6,4,0,12.9,662.1
2025-05-09 07:00,7,4,0,14.2,681.5
2025-05-09 08:00,8,4,0,16.9,699.5
2025-05-09 09:00,9,4,0,17.0,710.4
2025-05-09 10:00,10,4,0,18.8,749.2
2025-05-09 11:00,11,4,0,20.5,749.2
2025-05-09 12:00,12,4,0,20.9,796.5
2025-05-09 13:00,13,4,0,21.7,827.5
2025-05-09 14:00,14,4,0,22.1,878.1
2025-05-09 15:00,15,4,0,21.7,898.8
2025-05-09 16:00,16,4,0,21.2,903.1
2025-05-09 17:00,17,4,0,21.6,886.1
2025-05-09 18:00,18,4,0,21.1,815.1
2025-05-09 19:00,19,4,0,20.0,722.0
2025-05-09 20:00,20,4,0,18.4,632.2
2025-05-09 21:00,21,4,0,17.3,538.1
2025-05-09 22:00,22,4,0,16.2,432.3
2025-05-09 23:00,23,4,0,15.7,397.5
2025-05-10 00:00,0,5,0,15.9,349.5
2025-05-10 01:00,1,5,0,15.2,354.6
2025-05-10 02:00,2,5,0,14.2,398.6
2025-05-10 03:00,3,5,0,14.3,452.4
2025-05-10 04:00,4,5,0,14.4,516.7
2025-05-10 05:00,5,5,0,14.4,563.3
2025-05-10 06:00,6,5,0,15.5,586.9
2025-05-10 07:00,7,5,0,16.2,605.1
2025-05-10 08:00,8,5,0,17.3,601.0
2025-05-10 09:00,9,5,0,18.3,613.8
2025-05-10 10:00,10,5,0,19.5,624.6
2025-05-10 11:00,11,5,0,20.8,664.6
2025-05-10 12:00,12,5,0,20.9,704.1
2025-05-10 13:00,13,5,0,22.1,746.7
2025-05-10 14:00,14,5,0,22.4,791.7
2025-05-10 15:00,15,5,0,21.5,814.0
2025-05-10 16:00,16,5,0,21.1,802.1
2025-05-10 17:00,17,5,0,21.4,773.7
2025-05-10 18:00,18,5,0,21.6,733.2
2025-05-10 19:00,19,5,0,20.3,663.0
2025-05-10 20:00,20,5,0,19.5,584.5
2025-05-10 21:00,21,5,0,17.6,483.4
2025-05-10 22:00,22,5,0,16.8,412.3
2025-05-10 23:00,23,5,0,14.5,381.0
2025-05-11 00:00,0,6,0,12.8,345.3
2025-05-11 01:00,1,6,0,12.5,360.7
2025-05-11 02:00,2,6,0,12.4,405.2
2025-05-11 03:00,3,6,0,11.9,443.3
2025-05-11 04:00,4,6,0,12.4,502.4
2025-05-11 05:00,5,6,0,13.7,549.5
2025-05-11 06:00,6,6,0,14.2,558.3
2025-05-11 07:00,7,6,0,15.4,557.2
2025-05-11 08:00,8,6,0,15.9,563.4
2025-05-11 09:00,9,6,0,16.1,569.9
2025-05-11 10:00,10,6,0,18.2,581.8
2025-05-11 11:00,11,6,0,19.3,646.0
2025-05-11 12:00,12,6,0,19.7,679.5
2025-05-11 13:00,13,6,0,19.3,715.5
2025-05-11 14:00,14,6,0,20.1,728.0
2025-05-11 15:00,15,6,0,20.7,756.2
2025-05-11 16:00,16,6,0,21.4,771.1
2025-05-11 17:00,17,6,0,20.9,737.4
2025-05-11 18:00,18,6,0,20.8,683.7
2025-05-11 19:00,19,6,0,19.9,626.7
2025-05-11 20:00,20,6,0,18.4,549.9
2025-05-11 21:00,21,6,0,17.3,477.1
2025-05-11 22:00,22,6,0,15.9,387.3
2025-05-11 23:00,23,6,0,14.4,355.9
2025-05-12 00:00,0,0,0,13.3,400.3
2025-05-12 01:00,1,0,0,13.2,414.5
2025-05-12 02:00,2,0,0,12.9,474.8
2025-05-12 03:00,3,0,0,12.3,523.1
2025-05-12 04:00,4,0,0,12.3,573.5
2025-05-12 05:00,5,0,0,12.7,631.1
2025-05-12 06:00,6,0,0,13.2,659.0
2025-05-12 07:00,7,0,0,14.2,687.3
2025-05-12 08:00,8,0,0,14.7,683.0
2025-05-12 09:00,9,0,0,16.6,700.8
2025-05-12 10:00,10,0,0,17.0,713.2
2025-05-12 11:00,11,0,0,17.6,745.8
2025-05-12 12:00,12,0,0,17.7,776.3
2025-05-12 13:00,13,0,0,18.1,828.6
2025-05-12 14:00,14,0,0,18.3,883.5
2025-05-12 15:00,15,0,0,18.6,907.2
2025-05-12 16:00,16,0,0,17.6,895.1
2025-05-12 17:00,17,0,0,17.5,868.1
2025-05-12 18:00,18,0,0,15.9,821.0
2025-05-12 19:00,19,0,0,15.9,719.0
2025-05-12 20:00,20,0,0,14.7,636.8
2025-05-12 21:00,21,0,0,14.5,548.5
2025-05-12 22:00,22,0,0,14.5,467.7
2025-05-12 23:00,23,0,0,12.9,435.8
2025-05-13 00:00,0,1,0,13.5,409.2
2025-05-13 01:00,1,1,0,12.9,429.7
2025-05-13 02:00,2,1,0,11.2,487.4
2025-05-13 03:00,3,1,0,11.3,540.1
2025-05-13 04:00,4,1,0,11.6,590.6
2025-05-13 05:00,5,1,0,13.1,648.8
2025-05-13 06:00,6,1,0,12.6,694.2
2025-05-13 07:00,7,1,0,11.6,706.4
2025-05-13 08:00,8,1,0,12.6,723.0
2025-05-13 09:00,9,1,0,13.4,731.0
2025-05-13 10:00,10,1,0,14.0,736.3
2025-05-13 11:00,11,1,0,15.0,762.4
2025-05-13 12:00,12,1,0,17.0,804.8
2025-05-13 13:00,13,1,0,17.7,847.3
2025-05-13 14:00,14,1,0,18.7,892.2
2025-05-13 15:00,15,1,0,18.5,916.8
2025-05-13 16:00,16,1,0,17.6,906.9
2025-05-13 17:00,17,1,0,17.0,884.1
2025-05-13 18:00,18,1,0,17.5,842.5
2025-05-13 19:00,19,1,0,17.6,742.9
2025-05-13 20:00,20,1,0,17.1,659.0
2025-05-13 21:00,21,1,0,15.9,546.0
2025-05-13 22:00,22,1,0,15.1,458.6
2025-05-13 23:00,23,1,0,14.5,415.8
2025-05-14 00:00,0,2,0,12.9,413.6
2025-05-14 01:00,1,2,0,12.1,433.0
2025-05-14 02:00,2,2,0,12.9,470.3
2025-05-14 03:00,3,2,0,12.0,542.3
2025-05-14 04:00,4,2,0,12.3,596.3
2025-05-14 05:00,5,2,0,12.4,667.1
2025-05-14 06:00,6,2,0,12.8,698.6
2025-05-14 07:00,7,2,0,14.3,703.6
2025-05-14 08:00,8,2,0,14.7,721.9
2025-05-14 09:00,9,2,0,16.3,733.6
2025-05-14 10:00,10,2,0,17.3,739.0
2025-05-14 11:00,11,2,0,18.9,770.0
2025-05-14 12:00,12,2,0,19.2,800.2
2025-05-14 13:00,13,2,0,20.6,839.2
2025-05-14 14:00,14,2,0,20.9,888.7
2025-05-14 15:00,15,2,0,20.7,917.8
2025-05-14 16:00,16,2,0,20.1,914.6
2025-05-14 17:00,17,2,0,18.5,881.8
2025-05-14 18:00,18,2,0,18.5,817.6
2025-05-14 19:00,19,2,0,17.2,747.8
2025-05-14 20:00,20,2,0,17.0,641.1
2025-05-14 21:00,21,2,0,17.4,545.0
2025-05-14 22:00,22,2,0,15.4,485.6
2025-05-14 23:00,23,2,0,14.6,435.1
2025-05-15 00:00,0,3,0,13.4,426.1
2025-05-15 01:00,1,3,0,12.9,428.1
2025-05-15 02:00,2,3,0,12.7,490.2
2025-05-15 03:00,3,3,0,11.8,539.1
2025-05-15 04:00,4,3,0,12.6,601.2
2025-05-15 05:00,5,3,0,12.8,648.2
2025-05-15 06:00,6,3,0,14.5,672.4
2025-05-15 07:00,7,3,0,15.3,700.5
2025-05-15 08:00,8,3,0,16.3,699.8
2025-05-15 09:00,9,3,0,17.3,725.1
2025-05-15 10:00,10,3,0,20.1,753.6
2025-05-15 11:00,11,3,0,20.6,767.9
2025-05-15 12:00,12,3,0,20.0,796.1
2025-05-15 13:00,13,3,0,21.1,841.5
2025-05-15 14:00,14,3,0,21.6,871.5
2025-05-15 15:00,15,3,0,22.2,905.2
2025-05-15 16:00,16,3,0,22.7,932.1
2025-05-15 17:00,17,3,0,23.2,881.6
2025-05-15 18:00,18,3,0,22.6,827.0
2025-05-15 19:00,19,3,0,21.9,725.0
2025-05-15 20:00,20,3,0,21.5,630.0
2025-05-15 21:00,21,3,0,21.2,524.8
2025-05-15 22:00,22,3,0,19.2,451.1
2025-05-15 23:00,23,3,0,19.3,402.6
2025-05-16 00:00,0,4,0,17.8,405.5
2025-05-16 01:00,1,4,0,17.2,413.5
2025-05-16 02:00,2,4,0,17.4,446.0
2025-05-16 03:00,3,4,0,16.8,523.7
2025-05-16 04:00,4,4,0,16.5,581.6
2025-05-16 05:00,5,4,0,17.7,665.5
2025-05-16 06:00,6,4,0,19.2,691.8
2025-05-16 07:00,7,4,0,19.0,709.6
2025-05-16 08:00,8,4,0,19.8,717.2
2025-05-16 09:00,9,4,0,20.9,733.3
2025-05-16 10:00,10,4,0,22.7,769.9
2025-05-16 11:00,11,4,0,23.8,780.5
2025-05-16 12:00,12,4,0,25.0,832.6
2025-05-16 13:00,13,4,0,25.8,869.9
2025-05-16 14:00,14,4,0,26.5,905.2
2025-05-16 15:00,15,4,0,28.1,952.0
2025-05-16 16:00,16,4,0,28.2,963.3
2025-05-16 17:00,17,4,0,27.9,924.4
2025-05-16 18:00,18,4,0,26.1,868.6
2025-05-16 19:00,19,4,0,24.4,768.1
2025-05-16 20:00,20,4,0,22.5,644.5
2025-05-16 21:00,21,4,0,21.3,536.8
2025-05-16 22:00,22,4,0,19.9,474.1
2025-05-16 23:00,23,4,0,18.4,413.6
2025-05-17 00:00,0,5,0,18.0,360.1
2025-05-17 01:00,1,5,0,16.3,369.7
2025-05-17 02:00,2,5,0,16.0,407.3
2025-05-17 03:00,3,5,0,15.6,459.6
2025-05-17 04:00,4,5,0,15.2,514.3
2025-05-17 05:00,5,5,0,15.0,564.6
2025-05-17 06:00,6,5,0,15.3,585.0
2025-05-17 07:00,7,5,0,16.5,608.2
2025-05-17 08:00,8,5,0,18.0,623.2
2025-05-17 09:00,9,5,0,18.1,634.7
2025-05-17 10:00,10,5,0,19.1,640.5
2025-05-17 11:00,11,5,0,19.6,677.1
2025-05-17 12:00,12,5,0,21.0,714.7
2025-05-17 13:00,13,5,0,22.3,753.0
2025-05-17 14:00,14,5,0,23.2,803.8
2025-05-17 15:00,15,5,0,23.6,816.1
2025-05-17 16:00,16,5,0,23.8,826.6
2025-05-17 17:00,17,5,0,22.2,784.5
2025-05-17 18:00,18,5,0,21.8,718.5
2025-05-17 19:00,19,5,0,21.1,644.0
2025-05-17 20:00,20,5,0,20.0,552.3
2025-05-17 21:00,21,5,0,18.4,478.7
2025-05-17 22:00,22,5,0,16.6,411.0
2025-05-17 23:00,23,5,0,15.1,377.0
2025-05-18 00:00,0,6,0,14.1,355.0
2025-05-18 01:00,1,6,0,11.9,374.9
2025-05-18 02:00,2,6,0,11.5,417.3
2025-05-18 03:00,3,6,0,11.5,467.7
2025-05-18 04:00,4,6,0,12.7,510.5
2025-05-18 05:00,5,6,0,14.1,535.2
2025-05-18 06:00,6,6,0,15.0,560.4
2025-05-18 07:00,7,6,0,15.9,564.1
2025-05-18 08:00,8,6,0,16.8,588.3
2025-05-18 09:00,9,6,0,18.4,599.5
2025-05-18 10:00,10,6,0,20.0,635.6
2025-05-18 11:00,11,6,0,20.0,658.7
2025-05-18 12:00,12,6,0,21.3,679.3
2025-05-18 13:00,13,6,0,21.6,738.8
2025-05-18 14:00,14,6,0,22.0,763.0
2025-05-18 15:00,15,6,0,21.9,793.3
2025-05-18 16:00,16,6,0,22.0,780.7
2025-05-18 17:00,17,6,0,21.0,741.8
2025-05-18 18:00,18,6,0,20.3,679.4
2025-05-18 19:00,19,6,0,18.6,609.6
2025-05-18 20:00,20,6,0,18.3,519.5
2025-05-18 21:00,21,6,0,17.8,447.0
2025-05-18 22:00,22,6,0,16.5,382.1
2025-05-18 23:00,23,6,0,15.5,335.3
2025-05-19 00:00,0,0,1,14.4,323.2
2025-05-19 01:00,1,0,1,14.2,339.3
2025-05-19 02:00,2,0,1,14.2,384.1
2025-05-19 03:00,3,0,1,13.8,431.0
2025-05-19 04:00,4,0,1,13.8,484.1
2025-05-19 05:00,5,0,1,14.4,534.4
2025-05-19 06:00,6,0,1,14.5,560.6
2025-05-19 07:00,7,0,1,15.5,580.5
2025-05-19 08:00,8,0,1,16.8,579.1
2025-05-19 09:00,9,0,1,19.3,611.6
2025-05-19 10:00,10,0,1,20.6,624.2
2025-05-19 11:00,11,0,1,21.1,649.3
2025-05-19 12:00,12,0,1,22.6,684.2
2025-05-19 13:00,13,0,1,23.4,722.8
2025-05-19 14:00,14,0,1,23.5,761.0
2025-05-19 15:00,15,0,1,24.1,799.0
2025-05-19 16:00,16,0,1,23.6,768.8
2025-05-19 17:00,17,0,1,24.0,744.3
2025-05-19 18:00,18,0,1,23.8,720.1
2025-05-19 19:00,19,0,1,22.7,620.5
2025-05-19 20:00,20,0,1,21.7,541.4
2025-05-19 21:00,21,0,1,21.8,454.8
2025-05-19 22:00,22,0,1,20.6,380.5
2025-05-19 23:00,23,0,1,19.3,346.6
2025-05-20 00:00,0,1,0,19.0,406.0
2025-05-20 01:00,1,1,0,18.4,415.6
2025-05-20 02:00,2,1,0,17.8,464.7
2025-05-20 03:00,3,1,0,18.0,527.9
2025-05-20 04:00,4,1,0,16.8,587.7
2025-05-20 05:00,5,1,0,17.2,652.4
2025-05-20 06:00,6,1,0,18.7,706.8
2025-05-20 07:00,7,1,0,20.2,717.3
2025-05-20 08:00,8,1,0,20.7,716.3
2025-05-20 09:00,9,1,0,21.6,733.0
2025-05-20 10:00,10,1,0,23.1,771.3
2025-05-20 11:00,11,1,0,23.8,798.7
2025-05-20 12:00,12,1,0,24.8,833.1
2025-05-20 13:00,13,1,0,25.7,871.5
2025-05-20 14:00,14,1,0,24.9,909.0
2025-05-20 15:00,15,1,0,25.4,941.2
2025-05-20 16:00,16,1,0,25.2,933.3
2025-05-20 17:00,17,1,0,24.7,901.6
2025-05-20 18:00,18,1,0,23.8,833.6
2025-05-20 19:00,19,1,0,21.6,726.1
2025-05-20 20:00,20,1,0,20.5,625.3
2025-05-20 21:00,21,1,0,20.0,536.3
2025-05-20 22:00,22,1,0,19.7,454.6
2025-05-20 23:00,23,1,0,18.8,434.6
2025-05-21 00:00,0,2,0,18.0,407.5
2025-05-21 01:00,1,2,0,17.0,418.6
2025-05-21 02:00,2,2,0,17.4,452.2
2025-05-21 03:00,3,2,0,18.4,495.8
2025-05-21 04:00,4,2,0,18.5,565.5
2025-05-21 05:00,5,2,0,17.2,611.0
2025-05-21 06:00,6,2,0,17.9,642.2
2025-05-21 07:00,7,2,0,19.6,684.4
2025-05-21 08:00,8,2,0,19.7,696.4
2025-05-21 09:00,9,2,0,20.2,716.6
2025-05-21 10:00,10,2,0,20.2,731.9
2025-05-21 11:00,11,2,0,21.3,750.1
2025-05-21 12:00,12,2,0,23.5,818.4
2025-05-21 13:00,13,2,0,24.7,857.9
2025-05-21 14:00,14,2,0,24.1,890.1
2025-05-21 15:00,15,2,0,23.3,915.4
2025-05-21 16:00,16,2,0,23.5,907.2
2025-05-21 17:00,17,2,0,22.9,872.4
2025-05-21 18:00,18,2,0,21.2,811.4
2025-05-21 19:00,19,2,0,20.5,725.7
2025-05-21 20:00,20,2,0,19.0,629.2
2025-05-21 21:00,21,2,0,18.3,525.8
2025-05-21 22:00,22,2,0,17.6,450.2
2025-05-21 23:00,23,2,0,16.8,398.0
2025-05-22 00:00,0,3,0,15.4,404.6
2025-05-22 01:00,1,3,0,14.3,419.4
2025-05-22 02:00,2,3,0,13.8,477.3
2025-05-22 03:00,3,3,0,13.3,530.0
2025-05-22 04:00,4,3,0,14.1,583.3
2025-05-22 05:00,5,3,0,15.1,633.9
2025-05-22 06:00,6,3,0,15.9,673.0
2025-05-22 07:00,7,3,0,17.2,699.9
2025-05-22 08:00,8,3,0,19.0,699.9
2025-05-22 09:00,9,3,0,19.4,702.8
2025-05-22 10:00,10,3,0,20.2,728.5
2025-05-22 11:00,11,3,0,22.3,760.4
2025-05-22 12:00,12,3,0,22.9,822.3
2025-05-22 13:00,13,3,0,23.2,870.1
2025-05-22 14:00,14,3,0,23.5,909.3
2025-05-22 15:00,15,3,0,23.9,944.3
2025-05-22 16:00,16,3,0,22.8,937.3
2025-05-22 17:00,17,3,0,22.4,903.2
2025-05-22 18:00,18,3,0,22.3,817.1
2025-05-22 19:00,19,3,0,21.2,735.5
2025-05-22 20:00,20,3,0,19.9,636.5
2025-05-22 21:00,21,3,0,19.4,554.0
2025-05-22 22:00,22,3,0,17.8,465.6
2025-05-22 23:00,23,3,0,16.1,408.6
2025-05-23 00:00,0,4,0,15.3,407.6
2025-05-23 01:00,1,4,0,15.0,418.9
2025-05-23 02:00,2,4,0,14.4,459.2
2025-05-23 03:00,3,4,0,12.7,535.8
2025-05-23 04:00,4,4,0,12.4,609.9
2025-05-23 05:00,5,4,0,13.0,649.7
2025-05-23 06:00,6,4,0,14.7,677.4
2025-05-23 07:00,7,4,0,15.5,683.2
2025-05-23 08:00,8,4,0,17.9,705.7
2025-05-23 09:00,9,4,0,18.3,709.5
2025-05-23 10:00,10,4,0,19.0,736.1
2025-05-23 11:00,11,4,0,20.0,772.0
2025-05-23 12:00,12,4,0,21.2,819.2
2025-05-23 13:00,13,4,0,21.7,854.0
2025-05-23 14:00,14,4,0,22.4,900.9
2025-05-23 15:00,15,4,0,22.4,926.4
2025-05-23 16:00,16,4,0,22.5,923.7
2025-05-23 17:00,17,4,0,22.4,889.8
2025-05-23 18:00,18,4,0,21.8,828.2
2025-05-23 19:00,19,4,0,21.1,745.6
2025-05-23 20:00,20,4,0,19.9,654.9
2025-05-23 21:00,21,4,0,18.4,542.5
2025-05-23 22:00,22,4,0,19.2,458.3
2025-05-23 23:00,23,4,0,17.6,411.2
2025-05-24 00:00,0,5,0,17.7,358.3
2025-05-24 01:00,1,5,0,17.7,358.9
2025-05-24 02:00,2,5,0,17.2,415.1
2025-05-24 03:00,3,5,0,17.0,461.0
2025-05-24 04:00,4,5,0,16.6,525.9
2025-05-24 05:00,5,5,0,17.1,583.9
2025-05-24 06:00,6,5,0,17.0,616.1
2025-05-24 07:00,7,5,0,17.8,639.1
2025-05-24 08:00,8,5,0,19.9,659.1
2025-05-24 09:00,9,5,0,21.6,673.8
2025-05-24 10:00,10,5,0,21.7,678.2
2025-05-24 11:00,11,5,0,22.7,699.5
2025-05-24 12:00,12,5,0,23.3,741.6
2025-05-24 13:00,13,5,0,23.0,783.1
2025-05-24 14:00,14,5,0,24.1,820.5
2025-05-24 15:00,15,5,0,23.1,813.8
2025-05-24 16:00,16,5,0,23.3,811.6
2025-05-24 17:00,17,5,0,24.0,807.6
2025-05-24 18:00,18,5,0,24.3,738.2
2025-05-24 19:00,19,5,0,22.6,650.6
2025-05-24 20:00,20,5,0,21.5,555.4
2025-05-24 21:00,21,5,0,20.3,470.6
2025-05-24 22:00,22,5,0,19.2,398.4
2025-05-24 23:00,23,5,0,18.8,361.7
2025-05-25 00:00,0,6,0,18.5,322.9
2025-05-25 01:00,1,6,0,18.9,356.2
2025-05-25 02:00,2,6,0,18.0,382.3
2025-05-25 03:00,3,6,0,18.1,417.0
2025-05-25 04:00,4,6,0,18.9,470.8
2025-05-25 05:00,5,6,0,19.5,523.2
2025-05-25 06:00,6,6,0,19.0,571.8
2025-05-25 07:00,7,6,0,19.9,581.7
2025-05-25 08:00,8,6,0,20.9,601.4
2025-05-25 09:00,9,6,0,21.9,617.3
2025-05-25 10:00,10,6,0,22.4,626.6
2025-05-25 11:00,11,6,0,23.7,657.4
2025-05-25 12:00,12,6,0,24.6,690.8
2025-05-25 13:00,13,6,0,24.7,735.5
2025-05-25 14:00,14,6,0,25.4,778.4
2025-05-25 15:00,15,6,0,25.4,789.9
2025-05-25 16:00,16,6,0,24.9,797.1
2025-05-25 17:00,17,6,0,24.1,767.4
2025-05-25 18:00,18,6,0,22.8,700.6
2025-05-25 19:00,19,6,0,22.0,644.0
2025-05-25 20:00,20,6,0,20.6,552.9
2025-05-25 21:00,21,6,0,20.2,472.7
2025-05-25 22:00,22,6,0,19.1,391.8
2025-05-25 23:00,23,6,0,18.6,352.0
2025-05-26 00:00,0,0,0,17.4,394.1
2025-05-26 01:00,1,0,0,16.4,428.1
2025-05-26 02:00,2,0,0,16.0,481.5
2025-05-26 03:00,3,0,0,16.3,546.9
2025-05-26 04:00,4,0,0,16.9,590.7
2025-05-26 05:00,5,0,0,17.4,654.4
2025-05-26 06:00,6,0,0,18.1,689.7
2025-05-26 07:00,7,0,0,19.2,714.1
2025-05-26 08:00,8,0,0,20.6,744.6
2025-05-26 09:00,9,0,0,22.1,745.0
2025-05-26 10:00,10,0,0,22.1,761.8
2025-05-26 11:00,11,0,0,23.5,807.9
2025-05-26 12:00,12,0,0,24.2,843.5
2025-05-26 13:00,13,0,0,24.8,903.5
2025-05-26 14:00,14,0,0,24.7,917.7
2025-05-26 15:00,15,0,0,25.2,947.3
2025-05-26 16:00,16,0,0,25.8,955.5
2025-05-26 17:00,17,0,0,26.0,915.1
2025-05-26 18:00,18,0,0,24.9,852.6
2025-05-26 19:00,19,0,0,23.1,746.5
2025-05-26 20:00,20,0,0,22.8,634.1
2025-05-26 21:00,21,0,0,21.5,535.0
2025-05-26 22:00,22,0,0,19.3,447.7
2025-05-26 23:00,23,0,0,18.9,403.3
2025-05-27 00:00,0,1,0,16.9,397.7
2025-05-27 01:00,1,1,0,16.8,415.2
2025-05-27 02:00,2,1,0,16.1,454.4
2025-05-27 03:00,3,1,0,17.1,526.4
2025-05-27 04:00,4,1,0,17.2,586.8
2025-05-27 05:00,5,1,0,17.2,637.5
2025-05-27 06:00,6,1,0,17.8,681.3
2025-05-27 07:00,7,1,0,18.1,695.4
2025-05-27 08:00,8,1,0,18.7,722.7
2025-05-27 09:00,9,1,0,19.9,732.1
2025-05-27 10:00,10,1,0,21.0,735.5
2025-05-27 11:00,11,1,0,21.2,762.9
2025-05-27 12:00,12,1,0,21.7,803.7
2025-05-27 13:00,13,1,0,23.5,864.0
2025-05-27 14:00,14,1,0,23.0,909.9
2025-05-27 15:00,15,1,0,23.5,937.6
2025-05-27 16:00,16,1,0,24.9,941.3
2025-05-27 17:00,17,1,0,23.9,897.1
2025-05-27 18:00,18,1,0,23.7,824.8
2025-05-27 19:00,19,1,0,22.8,748.7
2025-05-27 20:00,20,1,0,21.2,653.9
2025-05-27 21:00,21,1,0,20.7,550.4
2025-05-27 22:00,22,1,0,20.0,485.6
2025-05-27 23:00,23,1,0,18.9,423.3
2025-05-28 00:00,0,2,0,17.7,417.7
2025-05-28 01:00,1,2,0,17.6,431.7
2025-05-28 02:00,2,2,0,17.5,496.1
2025-05-28 03:00,3,2,0,17.2,566.7
2025-05-28 04:00,4,2,0,16.7,607.5
2025-05-28 05:00,5,2,0,16.9,660.1
2025-05-28 06:00,6,2,0,17.2,699.2
2025-05-28 07:00,7,2,0,17.6,711.5
2025-05-28 08:00,8,2,0,19.3,716.9
2025-05-28 09:00,9,2,0,20.2,720.2
2025-05-28 10:00,10,2,0,22.1,742.7
2025-05-28 11:00,11,2,0,23.7,797.2
2025-05-28 12:00,12,2,0,25.0,853.5
2025-05-28 13:00,13,2,0,25.9,891.4
2025-05-28 14:00,14,2,0,26.1,938.4
2025-05-28 15:00,15,2,0,26.1,964.4
2025-05-28 16:00,16,2,0,27.1,967.8
2025-05-28 17:00,17,2,0,27.2,935.5
2025-05-28 18:00,18,2,0,26.2,863.0
2025-05-28 19:00,19,2,0,25.7,775.7
2025-05-28 20:00,20,2,0,24.3,638.6
2025-05-28 21:00,21,2,0,23.1,549.1
2025-05-28 22:00,22,2,0,21.4,454.3
2025-05-28 23:00,23,2,0,19.7,395.4
2025-05-29 00:00,0,3,0,18.3,391.8
2025-05-29 01:00,1,3,0,17.9,405.3
2025-05-29 02:00,2,3,0,18.1,453.8
2025-05-29 03:00,3,3,0,17.9,499.3
2025-05-29 04:00,4,3,0,18.1,559.9
2025-05-29 05:00,5,3,0,18.3,614.2
2025-05-29 06:00,6,3,0,18.5,653.7
2025-05-29 07:00,7,3,0,19.5,688.5
2025-05-29 08:00,8,3,0,19.7,716.5
2025-05-29 09:00,9,3,0,21.3,706.3
2025-05-29 10:00,10,3,0,22.7,736.7
2025-05-29 11:00,11,3,0,23.8,788.0
2025-05-29 12:00,12,3,0,24.6,835.5
2025-05-29 13:00,13,3,0,24.8,868.4
2025-05-29 14:00,14,3,0,26.1,934.5
2025-05-29 15:00,15,3,0,26.0,959.3
2025-05-29 16:00,16,3,0,25.4,953.2
2025-05-29 17:00,17,3,0,24.4,911.7
2025-05-29 18:00,18,3,0,23.2,854.6
2025-05-29 19:00,19,3,0,22.2,743.0
2025-05-29 20:00,20,3,0,21.0,638.2
2025-05-29 21:00,21,3,0,20.3,560.0
2025-05-29 22:00,22,3,0,19.0,485.3
2025-05-29 23:00,23,3,0,17.5,412.3
2025-05-30 00:00,0,4,0,17.1,414.9
2025-05-30 01:00,1,4,0,16.0,419.9
2025-05-30 02:00,2,4,0,16.7,477.0
2025-05-30 03:00,3,4,0,15.7,515.3
2025-05-30 04:00,4,4,0,15.8,574.2
2025-05-30 05:00,5,4,0,15.7,622.1
2025-05-30 06:00,6,4,0,16.5,653.5
2025-05-30 07:00,7,4,0,18.1,690.8
2025-05-30 08:00,8,4,0,18.8,693.2
2025-05-30 09:00,9,4,0,18.8,699.6
2025-05-30 10:00,10,4,0,20.1,722.7
2025-05-30 11:00,11,4,0,21.1,732.6
2025-05-30 12:00,12,4,0,22.3,751.8
2025-05-30 13:00,13,4,0,22.4,799.1
2025-05-30 14:00,14,4,0,22.4,856.9
2025-05-30 15:00,15,4,0,22.1,861.4
2025-05-30 16:00,16,4,0,21.7,858.8
2025-05-30 17:00,17,4,0,21.3,839.6
2025-05-30 18:00,18,4,0,21.5,782.8
2025-05-30 19:00,19,4,0,20.9,700.2
2025-05-30 20:00,20,4,0,19.8,591.7
2025-05-30 21:00,21,4,0,17.9,511.1
2025-05-30 22:00,22,4,0,17.7,433.3
2025-05-30 23:00,23,4,0,17.2,376.7
2025-05-31 00:00,0,5,0,17.3,331.0
2025-05-31 01:00,1,5,0,15.0,341.1
2025-05-31 02:00,2,5,0,16.1,378.9
2025-05-31 03:00,3,5,0,15.3,469.7
2025-05-31 04:00,4,5,0,14.8,517.3
2025-05-31 05:00,5,5,0,14.8,576.3
2025-05-31 06:00,6,5,0,15.1,611.8
2025-05-31 07:00,7,5,0,16.8,611.2
2025-05-31 08:00,8,5,0,16.4,630.6
2025-05-31 09:00,9,5,0,17.8,640.1
2025-05-31 10:00,10,5,0,19.7,661.2
2025-05-31 11:00,11,5,0,21.4,689.8
2025-05-31 12:00,12,5,0,22.6,704.9
2025-05-31 13:00,13,5,0,23.8,768.0
2025-05-31 14:00,14,5,0,23.9,803.0
2025-05-31 15:00,15,5,0,23.6,827.5
2025-05-31 16:00,16,5,0,23.1,803.8
2025-05-31 17:00,17,5,0,21.6,788.8
2025-05-31 18:00,18,5,0,21.6,745.2
2025-05-31 19:00,19,5,0,20.7,649.6
2025-05-31 20:00,20,5,0,20.0,570.2
2025-05-31 21:00,21,5,0,19.9,491.6
2025-05-31 22:00,22,5,0,19.6,397.8
2025-05-31 23:00,23,5,0,19.0,349.6
2025-06-01 00:00,0,6,0,17.7,322.8
2025-06-01 01:00,1,6,0,16.0,329.5
2025-06-01 02:00,2,6,0,16.1,389.9
2025-06-01 03:00,3,6,0,15.0,437.6
2025-06-01 04:00,4,6,0,14.9,486.3
2025-06-01 05:00,5,6,0,15.2,536.0
2025-06-01 06:00,6,6,0,15.4,568.9
2025-06-01 07:00,7,6,0,16.4,592.9
2025-06-01 08:00,8,6,0,17.9,606.2
2025-06-01 09:00,9,6,0,19.8,613.6
2025-06-01 10:00,10,6,0,20.6,622.3
2025-06-01 11:00,11,6,0,20.7,650.3
2025-06-01 12:00,12,6,0,21.4,686.6
2025-06-01 13:00,13,6,0,21.4,720.3
2025-06-01 14:00,14,6,0,21.2,741.6
2025-06-01 15:00,15,6,0,21.6,770.8
2025-06-01 16:00,16,6,0,22.1,760.8
2025-06-01 17:00,17,6,0,21.8,759.7
2025-06-01 18:00,18,6,0,21.4,710.9
2025-06-01 19:00,19,6,0,21.2,642.9
2025-06-01 20:00,20,6,0,20.6,530.9
2025-06-01 21:00,21,6,0,18.9,454.4
2025-06-01 22:00,22,6,0,17.5,400.1
2025-06-01 23:00,23,6,0,16.3,344.2
2025-06-02 00:00,0,0,0,16.5,395.4
2025-06-02 01:00,1,0,0,15.0,428.7
2025-06-02 02:00,2,0,0,14.5,456.7
2025-06-02 03:00,3,0,0,12.7,533.4
2025-06-02 04:00,4,0,0,12.6,598.5
2025-06-02 05:00,5,0,0,12.5,653.2
2025-06-02 06:00,6,0,0,12.6,686.9
2025-06-02 07:00,7,0,0,13.9,709.9
2025-06-02 08:00,8,0,0,14.4,732.9
2025-06-02 09:00,9,0,0,16.3,749.0
2025-06-02 10:00,10,0,0,17.5,767.6
2025-06-02 11:00,11,0,0,18.4,784.4
2025-06-02 12:00,12,0,0,18.6,810.3
2025-06-02 13:00,13,0,0,20.3,858.3
2025-06-02 14:00,14,0,0,20.8,888.3
2025-06-02 15:00,15,0,0,22.1,911.6
2025-06-02 16:00,16,0,0,23.5,938.4
2025-06-02 17:00,17,0,0,23.0,899.6
2025-06-02 18:00,18,0,0,22.8,826.0
2025-06-02 19:00,19,0,0,22.8,748.8
2025-06-02 20:00,20,0,0,21.8,645.8
2025-06-02 21:00,21,0,0,19.8,560.0
2025-06-02 22:00,22,0,0,19.3,483.5
2025-06-02 23:00,23,0,0,18.0,426.0
2025-06-03 00:00,0,1,0,16.6,415.6
2025-06-03 01:00,1,1,0,15.6,424.1
2025-06-03 02:00,2,1,0,16.1,464.2
2025-06-03 03:00,3,1,0,15.3,534.1
2025-06-03 04:00,4,1,0,15.1,603.0
2025-06-03 05:00,5,1,0,14.9,648.7
2025-06-03 06:00,6,1,0,16.3,700.8
2025-06-03 07:00,7,1,0,17.6,718.0
2025-06-03 08:00,8,1,0,19.5,729.1
2025-06-03 09:00,9,1,0,21.2,748.1
2025-06-03 10:00,10,1,0,22.5,764.0
2025-06-03 11:00,11,1,0,24.3,802.4
2025-06-03 12:00,12,1,0,25.8,848.7
2025-06-03 13:00,13,1,0,26.5,893.9
2025-06-03 14:00,14,1,0,27.3,943.2
2025-06-03 15:00,15,1,0,28.6,983.0
2025-06-03 16:00,16,1,0,28.7,985.8
2025-06-03 17:00,17,1,0,27.2,947.2
2025-06-03 18:00,18,1,0,25.2,875.1
2025-06-03 19:00,19,1,0,23.8,779.6
2025-06-03 20:00,20,1,0,23.4,689.5
2025-06-03 21:00,21,1,0,22.7,573.9
2025-06-03 22:00,22,1,0,22.0,480.4
2025-06-03 23:00,23,1,0,20.9,432.0
2025-06-04 00:00,0,2,0,20.1,420.5
2025-06-04 01:00,1,2,0,19.1,432.3
2025-06-04 02:00,2,2,0,18.5,474.9
2025-06-04 03:00,3,2,0,18.2,542.2
2025-06-04 04:00,4,2,0,18.2,587.6
2025-06-04 05:00,5,2,0,17.8,645.2
2025-06-04 06:00,6,2,0,17.5,688.9
2025-06-04 07:00,7,2,0,19.1,719.4
2025-06-04 08:00,8,2,0,20.1,730.2
2025-06-04 09:00,9,2,0,21.3,729.5
2025-06-04 10:00,10,2,0,21.9,748.7
2025-06-04 11:00,11,2,0,22.8,772.4
2025-06-04 12:00,12,2,0,23.9,835.7
2025-06-04 13:00,13,2,0,24.2,888.7
2025-06-04 14:00,14,2,0,24.0,927.4
2025-06-04 15:00,15,2,0,24.4,960.5
2025-06-04 16:00,16,2,0,24.5,953.1
2025-06-04 17:00,17,2,0,23.3,918.5
2025-06-04 18:00,18,2,0,22.0,840.5
2025-06-04 19:00,19,2,0,21.8,759.2
2025-06-04 20:00,20,2,0,20.2,649.4
2025-06-04 21:00,21,2,0,18.6,545.2
2025-06-04 22:00,22,2,0,16.9,488.2
2025-06-04 23:00,23,2,0,16.1,433.6
2025-06-05 00:00,0,3,0,15.2,417.4
2025-06-05 01:00,1,3,0,15.0,432.7
2025-06-05 02:00,2,3,0,13.9,485.4
2025-06-05 03:00,3,3,0,13.4,549.3
2025-06-05 04:00,4,3,0,13.5,599.1
2025-06-05 05:00,5,3,0,13.8,650.1
2025-06-05 06:00,6,3,0,13.9,688.5
2025-06-05 07:00,7,3,0,14.5,709.1
2025-06-05 08:00,8,3,0,15.0,725.3
2025-06-05 09:00,9,3,0,15.9,732.1
2025-06-05 10:00,10,3,0,16.2,735.9
2025-06-05 11:00,11,3,0,17.9,777.0
2025-06-05 12:00,12,3,0,18.6,827.3
2025-06-05 13:00,13,3,0,19.0,849.4
2025-06-05 14:00,14,3,0,17.9,898.4
2025-06-05 15:00,15,3,0,17.7,915.4
2025-06-05 16:00,16,3,0,17.9,913.4
2025-06-05 17:00,17,3,0,18.1,892.3
2025-06-05 18:00,18,3,0,16.8,825.1
2025-06-05 19:00,19,3,0,17.2,746.5
2025-06-05 20:00,20,3,0,17.6,637.2
2025-06-05 21:00,21,3,0,16.2,540.9
2025-06-05 22:00,22,3,0,15.9,463.0
2025-06-05 23:00,23,3,0,14.3,419.8
2025-06-06 00:00,0,4,1,13.9,339.6
2025-06-06 01:00,1,4,1,13.6,346.0
2025-06-06 02:00,2,4,1,13.8,385.1
2025-06-06 03:00,3,4,1,13.9,440.8
2025-06-06 04:00,4,4,1,13.9,492.6
2025-06-06 05:00,5,4,1,14.4,525.8
2025-06-06 06:00,6,4,1,15.5,583.8
2025-06-06 07:00,7,4,1,16.1,586.4
2025-06-06 08:00,8,4,1,17.5,587.8
2025-06-06 09:00,9,4,1,18.2,608.0
2025-06-06 10:00,10,4,1,19.4,620.3
2025-06-06 11:00,11,4,1,21.0,640.0
2025-06-06 12:00,12,4,1,21.5,664.8
2025-06-06 13:00,13,4,1,22.4,708.5
2025-06-06 14:00,14,4,1,21.3,723.8
2025-06-06 15:00,15,4,1,21.1,732.6
2025-06-06 16:00,16,4,1,22.3,737.7
2025-06-06 17:00,17,4,1,21.4,730.1
2025-06-06 18:00,18,4,1,20.1,673.7
2025-06-06 19:00,19,4,1,19.9,601.7
2025-06-06 20:00,20,4,1,18.7,516.2
2025-06-06 21:00,21,4,1,17.3,435.3
2025-06-06 22:00,22,4,1,16.0,393.9
2025-06-06 23:00,23,4,1,15.7,357.0
2025-06-07 00:00,0,5,1,14.8,317.6
2025-06-07 01:00,1,5,1,13.1,336.5
2025-06-07 02:00,2,5,1,13.5,373.7
2025-06-07 03:00,3,5,1,14.2,413.1
2025-06-07 04:00,4,5,1,14.7,446.1
2025-06-07 05:00,5,5,1,15.1,484.0
2025-06-07 06:00,6,5,1,15.0,508.1
2025-06-07 07:00,7,5,1,17.0,532.0
2025-06-07 08:00,8,5,1,16.7,544.7
2025-06-07 09:00,9,5,1,18.5,538.1
2025-06-07 10:00,10,5,1,20.2,566.7
2025-06-07 11:00,11,5,1,21.6,579.7
2025-06-07 12:00,12,5,1,22.7,612.3
2025-06-07 13:00,13,5,1,23.9,660.6
2025-06-07 14:00,14,5,1,24.4,685.3
2025-06-07 15:00,15,5,1,25.1,703.8
2025-06-07 16:00,16,5,1,25.3,717.1
2025-06-07 17:00,17,5,1,25.0,689.9
2025-06-07 18:00,18,5,1,24.4,649.9
2025-06-07 19:00,19,5,1,23.5,583.7
2025-06-07 20:00,20,5,1,23.4,498.8
2025-06-07 21:00,21,5,1,21.7,401.6
2025-06-07 22:00,22,5,1,20.5,339.7
2025-06-07 23:00,23,5,1,20.3,290.4
2025-06-08 00:00,0,6,1,19.0,278.3
2025-06-08 01:00,1,6,1,18.5,304.1
2025-06-08 02:00,2,6,1,18.1,340.2
2025-06-08 03:00,3,6,1,16.9,358.7
2025-06-08 04:00,4,6,1,17.1,416.1
2025-06-08 05:00,5,6,1,18.0,447.3
2025-06-08 06:00,6,6,1,18.5,468.9
2025-06-08 07:00,7,6,1,19.9,504.4
2025-06-08 08:00,8,6,1,21.1,483.9
2025-06-08 09:00,9,6,1,22.3,495.6
2025-06-08 10:00,10,6,1,22.3,516.8
2025-06-08 11:00,11,6,1,23.5,551.4
2025-06-08 12:00,12,6,1,24.5,596.8
2025-06-08 13:00,13,6,1,25.5,654.8
2025-06-08 14:00,14,6,1,26.3,684.5
2025-06-08 15:00,15,6,1,25.8,672.2
2025-06-08 16:00,16,6,1,25.2,686.4
2025-06-08 17:00,17,6,1,24.1,654.5
2025-06-08 18:00,18,6,1,23.6,608.6
2025-06-08 19:00,19,6,1,22.2,539.8
2025-06-08 20:00,20,6,1,22.1,464.6
2025-06-08 21:00,21,6,1,21.6,369.9
2025-06-08 22:00,22,6,1,19.8,320.8
2025-06-08 23:00,23,6,1,19.1,291.3
2025-06-09 00:00,0,0,1,18.0,338.3
2025-06-09 01:00,1,0,1,16.1,353.8
2025-06-09 02:00,2,0,1,16.1,403.9
2025-06-09 03:00,3,0,1,15.1,442.2
2025-06-09 04:00,4,0,1,15.0,495.5
2025-06-09 05:00,5,0,1,15.8,535.3
2025-06-09 06:00,6,0,1,16.8,570.1
2025-06-09 07:00,7,0,1,19.3,588.4
2025-06-09 08:00,8,0,1,20.5,598.7
2025-06-09 09:00,9,0,1,21.4,600.1
2025-06-09 10:00,10,0,1,21.9,604.8
2025-06-09 11:00,11,0,1,21.5,635.6
2025-06-09 12:00,12,0,1,22.0,672.9
2025-06-09 13:00,13,0,1,22.6,703.3
2025-06-09 14:00,14,0,1,24.2,753.6
2025-06-09 15:00,15,0,1,24.0,766.0
2025-06-09 16:00,16,0,1,22.9,774.9
2025-06-09 17:00,17,0,1,22.7,746.3
2025-06-09 18:00,18,0,1,22.1,695.2
2025-06-09 19:00,19,0,1,21.6,637.2
2025-06-09 20:00,20,0,1,20.7,554.1
2025-06-09 21:00,21,0,1,19.1,469.4
2025-06-09 22:00,22,0,1,17.2,399.1
2025-06-09 23:00,23,0,1,16.0,366.4
2025-06-10 00:00,0,1,0,15.2,428.4
2025-06-10 01:00,1,1,0,14.6,439.5
2025-06-10 02:00,2,1,0,15.1,478.7
2025-06-10 03:00,3,1,0,14.8,544.9
2025-06-10 04:00,4,1,0,14.5,615.2
2025-06-10 05:00,5,1,0,13.2,660.1
2025-06-10 06:00,6,1,0,14.4,684.1
2025-06-10 07:00,7,1,0,14.4,728.9
2025-06-10 08:00,8,1,0,15.2,721.2
2025-06-10 09:00,9,1,0,15.7,723.1
2025-06-10 10:00,10,1,0,16.9,754.4
2025-06-10 11:00,11,1,0,17.7,776.9
2025-06-10 12:00,12,1,0,18.4,816.4
2025-06-10 13:00,13,1,0,18.6,878.2
2025-06-10 14:00,14,1,0,19.5,930.4
2025-06-10 15:00,15,1,0,19.0,950.8
2025-06-10 16:00,16,1,0,18.6,957.3
2025-06-10 17:00,17,1,0,19.1,914.8
2025-06-10 18:00,18,1,0,17.8,838.6
2025-06-10 19:00,19,1,0,18.4,757.4
2025-06-10 20:00,20,1,0,17.3,661.6
2025-06-10 21:00,21,1,0,17.1,558.3
2025-06-10 22:00,22,1,0,17.3,476.8
2025-06-10 23:00,23,1,0,16.3,424.9
2025-06-11 00:00,0,2,0,15.8,426.1
2025-06-11 01:00,1,2,0,16.1,451.1
2025-06-11 02:00,2,2,0,16.0,502.8
2025-06-11 03:00,3,2,0,17.5,566.8
2025-06-11 04:00,4,2,0,18.1,620.6
2025-06-11 05:00,5,2,0,18.4,666.2
2025-06-11 06:00,6,2,0,19.7,721.6
2025-06-11 07:00,7,2,0,20.5,701.0
2025-06-11 08:00,8,2,0,22.6,722.8
2025-06-11 09:00,9,2,0,22.7,750.2
2025-06-11 10:00,10,2,0,24.7,770.1
2025-06-11 11:00,11,2,0,26.8,818.4
2025-06-11 12:00,12,2,0,28.5,865.8
2025-06-11 13:00,13,2,0,29.1,917.0
2025-06-11 14:00,14,2,0,28.1,951.2
2025-06-11 15:00,15,2,0,27.6,984.0
2025-06-11 16:00,16,2,0,27.3,994.1
2025-06-11 17:00,17,2,0,27.7,950.8
2025-06-11 18:00,18,2,0,27.1,869.0
2025-06-11 19:00,19,2,0,25.8,775.0
2025-06-11 20:00,20,2,0,25.0,667.8
2025-06-11 21:00,21,2,0,24.7,560.2
2025-06-11 22:00,22,2,0,23.3,478.0
2025-06-11 23:00,23,2,0,22.3,428.8
2025-06-12 00:00,0,3,0,21.6,413.6
2025-06-12 01:00,1,3,0,21.2,428.0
2025-06-12 02:00,2,3,0,21.2,473.9
2025-06-12 03:00,3,3,0,21.7,528.9
2025-06-12 04:00,4,3,0,20.7,581.8
2025-06-12 05:00,5,3,0,21.4,643.2
2025-06-12 06:00,6,3,0,21.8,678.1
2025-06-12 07:00,7,3,0,22.0,690.5
2025-06-12 08:00,8,3,0,23.0,709.0
2025-06-12 09:00,9,3,0,24.0,745.5
2025-06-12 10:00,10,3,0,24.8,769.0
2025-06-12 11:00,11,3,0,26.0,814.3
2025-06-12 12:00,12,3,0,26.5,877.6
2025-06-12 13:00,13,3,0,27.3,926.0
2025-06-12 14:00,14,3,0,27.6,967.3
2025-06-12 15:00,15,3,0,27.7,985.7
2025-06-12 16:00,16,3,0,27.5,989.0
2025-06-12 17:00,17,3,0,26.7,948.2
2025-06-12 18:00,18,3,0,26.8,886.0
2025-06-12 19:00,19,3,0,26.3,781.6
2025-06-12 20:00,20,3,0,25.4,668.5
2025-06-12 21:00,21,3,0,24.8,586.5
2025-06-12 22:00,22,3,0,23.2,456.1
2025-06-12 23:00,23,3,0,23.0,414.9
2025-06-13 00:00,0,4,0,21.2,392.1
2025-06-13 01:00,1,4,0,20.2,422.7
2025-06-13 02:00,2,4,0,18.7,464.3
2025-06-13 03:00,3,4,0,18.2,538.6
2025-06-13 04:00,4,4,0,18.5,590.4
2025-06-13 05:00,5,4,0,18.8,633.3
2025-06-13 06:00,6,4,0,20.6,687.0
2025-06-13 07:00,7,4,0,21.5,710.3
2025-06-13 08:00,8,4,0,22.6,729.4
2025-06-13 09:00,9,4,0,23.5,747.2
2025-06-13 10:00,10,4,0,23.8,768.8
2025-06-13 11:00,11,4,0,25.2,806.6
2025-06-13 12:00,12,4,0,26.8,856.2
2025-06-13 13:00,13,4,0,26.6,905.7
2025-06-13 14:00,14,4,0,25.7,936.3
2025-06-13 15:00,15,4,0,24.8,951.3
2025-06-13 16:00,16,4,0,24.4,952.1
2025-06-13 17:00,17,4,0,24.2,915.1
2025-06-13 18:00,18,4,0,23.9,862.4
2025-06-13 19:00,19,4,0,21.7,754.8
2025-06-13 20:00,20,4,0,19.8,682.1
2025-06-13 21:00,21,4,0,18.8,561.5
2025-06-13 22:00,22,4,0,18.1,479.9
2025-06-13 23:00,23,4,0,16.9,437.5
2025-06-14 00:00,0,5,0,15.9,376.8
2025-06-14 01:00,1,5,0,15.6,384.3
2025-06-14 02:00,2,5,0,14.8,438.5
2025-06-14 03:00,3,5,0,13.7,486.1
2025-06-14 04:00,4,5,0,14.7,518.9
2025-06-14 05:00,5,5,0,15.7,566.6
2025-06-14 06:00,6,5,0,16.2,601.4
2025-06-14 07:00,7,5,0,17.0,623.1
2025-06-14 08:00,8,5,0,17.5,633.4
2025-06-14 09:00,9,5,0,19.5,649.1
2025-06-14 10:00,10,5,0,20.9,686.5
2025-06-14 11:00,11,5,0,22.5,734.9
2025-06-14 12:00,12,5,0,23.2,777.8
2025-06-14 13:00,13,5,0,23.2,820.6
2025-06-14 14:00,14,5,0,25.0,871.7
2025-06-14 15:00,15,5,0,25.4,890.1
2025-06-14 16:00,16,5,0,25.8,902.4
2025-06-14 17:00,17,5,0,26.2,872.6
2025-06-14 18:00,18,5,0,26.7,818.2
2025-06-14 19:00,19,5,0,26.1,754.1
2025-06-14 20:00,20,5,0,24.2,631.3
2025-06-14 21:00,21,5,0,23.4,537.6
2025-06-14 22:00,22,5,0,22.0,448.7
2025-06-14 23:00,23,5,0,20.8,399.7
2025-06-15 00:00,0,6,0,20.7,355.1
2025-06-15 01:00,1,6,0,20.2,367.1
2025-06-15 02:00,2,6,0,19.5,412.2
2025-06-15 03:00,3,6,0,19.3,448.1
2025-06-15 04:00,4,6,0,19.6,497.9
2025-06-15 05:00,5,6,0,20.8,537.4
2025-06-15 06:00,6,6,0,22.2,563.3
2025-06-15 07:00,7,6,0,22.0,587.3
2025-06-15 08:00,8,6,0,23.3,623.0
2025-06-15 09:00,9,6,0,24.4,637.7
2025-06-15 10:00,10,6,0,25.8,673.9
2025-06-15 11:00,11,6,0,27.1,694.0
2025-06-15 12:00,12,6,0,28.2,735.2
2025-06-15 13:00,13,6,0,29.4,775.9
2025-06-15 14:00,14,6,0,29.8,796.7
2025-06-15 15:00,15,6,0,30.5,830.3
2025-06-15 16:00,16,6,0,31.4,836.3
2025-06-15 17:00,17,6,0,30.6,825.3
2025-06-15 18:00,18,6,0,29.1,767.9
2025-06-15 19:00,19,6,0,28.0,679.8
2025-06-15 20:00,20,6,0,26.9,579.4
2025-06-15 21:00,21,6,0,25.6,492.3
2025-06-15 22:00,22,6,0,23.9,414.1
2025-06-15 23:00,23,6,0,22.5,357.4
2025-06-16 00:00,0,0,0,22.1,425.5
2025-06-16 01:00,1,0,0,21.9,457.2
2025-06-16 02:00,2,0,0,20.9,490.5
2025-06-16 03:00,3,0,0,20.6,553.3
2025-06-16 04:00,4,0,0,19.8,616.4
2025-06-16 05:00,5,0,0,19.7,678.5
2025-06-16 06:00,6,0,0,20.4,701.7
2025-06-16 07:00,7,0,0,20.9,719.8
2025-06-16 08:00,8,0,0,21.8,729.0
2025-06-16 09:00,9,0,0,21.9,738.5
2025-06-16 10:00,10,0,0,22.8,752.5
2025-06-16 11:00,11,0,0,22.8,785.1
2025-06-16 12:00,12,0,0,23.6,826.9
2025-06-16 13:00,13,0,0,24.2,874.6
2025-06-16 14:00,14,0,0,24.1,916.6
2025-06-16 15:00,15,0,0,24.1,933.9
2025-06-16 16:00,16,0,0,24.2,950.8
2025-06-16 17:00,17,0,0,24.1,914.5
2025-06-16 18:00,18,0,0,24.7,874.8
2025-06-16 19:00,19,0,0,24.8,795.7
2025-06-16 20:00,20,0,0,23.6,674.5
2025-06-16 21:00,21,0,0,23.6,580.4
2025-06-16 22:00,22,0,0,22.6,479.9
2025-06-16 23:00,23,0,0,23.1,447.6
2025-06-17 00:00,0,1,0,22.6,438.4
2025-06-17 01:00,1,1,0,21.5,463.0
2025-06-17 02:00,2,1,0,21.4,506.6
2025-06-17 03:00,3,1,0,21.2,553.2
2025-06-17 04:00,4,1,0,22.1,612.5
2025-06-17 05:00,5,1,0,22.2,664.8
2025-06-17 06:00,6,1,0,22.5,701.0
2025-06-17 07:00,7,1,0,21.8,711.8
2025-06-17 08:00,8,1,0,22.6,736.8
2025-06-17 09:00,9,1,0,23.2,734.3
2025-06-17 10:00,10,1,0,23.8,749.6
2025-06-17 11:00,11,1,0,25.4,782.8
2025-06-17 12:00,12,1,0,26.7,842.8
2025-06-17 13:00,13,1,0,27.3,892.5
2025-06-17 14:00,14,1,0,27.5,934.3
2025-06-17 15:00,15,1,0,27.1,958.5
2025-06-17 16:00,16,1,0,26.3,970.5
2025-06-17 17:00,17,1,0,26.2,953.8
2025-06-17 18:00,18,1,0,25.7,880.0
2025-06-17 19:00,19,1,0,24.2,772.1
2025-06-17 20:00,20,1,0,23.2,660.6
2025-06-17 21:00,21,1,0,21.9,578.4
2025-06-17 22:00,22,1,0,20.9,482.3
2025-06-17 23:00,23,1,0,20.9,423.4
2025-06-18 00:00,0,2,0,19.7,413.6
2025-06-18 01:00,1,2,0,19.8,450.7
2025-06-18 02:00,2,2,0,20.0,477.3
2025-06-18 03:00,3,2,0,19.8,536.3
2025-06-18 04:00,4,2,0,20.4,585.7
2025-06-18 05:00,5,2,0,21.0,674.3
2025-06-18 06:00,6,2,0,21.4,690.1
2025-06-18 07:00,7,2,0,21.1,712.7
2025-06-18 08:00,8,2,0,21.2,736.6
2025-06-18 09:00,9,2,0,21.7,763.1
2025-06-18 10:00,10,2,0,22.5,777.2
2025-06-18 11:00,11,2,0,23.4,818.0
2025-06-18 12:00,12,2,0,25.0,846.2
2025-06-18 13:00,13,2,0,25.7,905.2
2025-06-18 14:00,14,2,0,27.2,919.1
2025-06-18 15:00,15,2,0,28.0,970.6
2025-06-18 16:00,16,2,0,28.5,959.1
2025-06-18 17:00,17,2,0,28.0,921.7
2025-06-18 18:00,18,2,0,27.4,857.3
2025-06-18 19:00,19,2,0,27.0,763.7
2025-06-18 20:00,20,2,0,25.8,663.7
2025-06-18 21:00,21,2,0,24.8,564.2
2025-06-18 22:00,22,2,0,22.7,463.0
2025-06-18 23:00,23,2,0,22.1,433.0
2025-06-19 00:00,0,3,0,21.6,406.1
2025-06-19 01:00,1,3,0,20.7,438.7
2025-06-19 02:00,2,3,0,21.2,482.0
2025-06-19 03:00,3,3,0,22.0,550.3
2025-06-19 04:00,4,3,0,22.4,588.8
2025-06-19 05:00,5,3,0,22.3,646.3
2025-06-19 06:00,6,3,0,23.2,693.7
2025-06-19 07:00,7,3,0,24.1,717.8
2025-06-19 08:00,8,3,0,25.6,726.0
2025-06-19 09:00,9,3,0,26.3,759.0
2025-06-19 10:00,10,3,0,27.6,805.2
2025-06-19 11:00,11,3,0,29.0,842.9
2025-06-19 12:00,12,3,0,30.0,868.8
2025-06-19 13:00,13,3,0,30.8,924.5
2025-06-19 14:00,14,3,0,31.1,965.1
2025-06-19 15:00,15,3,0,30.9,973.6
2025-06-19 16:00,16,3,0,30.0,970.1
2025-06-19 17:00,17,3,0,28.2,923.1
2025-06-19 18:00,18,3,0,26.3,873.5
2025-06-19 19:00,19,3,0,25.0,774.9
2025-06-19 20:00,20,3,0,23.7,661.1
2025-06-19 21:00,21,3,0,23.4,541.5
2025-06-19 22:00,22,3,0,22.7,473.2
2025-06-19 23:00,23,3,0,21.3,403.6
2025-06-20 00:00,0,4,0,20.2,403.3
2025-06-20 01:00,1,4,0,19.2,412.7
2025-06-20 02:00,2,4,0,18.3,446.8
2025-06-20 03:00,3,4,0,19.3,533.3
2025-06-20 04:00,4,4,0,19.0,581.0
2025-06-20 05:00,5,4,0,19.6,643.5
2025-06-20 06:00,6,4,0,20.0,666.9
2025-06-20 07:00,7,4,0,20.1,692.1
2025-06-20 08:00,8,4,0,21.0,691.1
2025-06-20 09:00,9,4,0,21.0,687.8
2025-06-20 10:00,10,4,0,22.0,704.5
2025-06-20 11:00,11,4,0,23.5,773.0
2025-06-20 12:00,12,4,0,23.7,825.8
2025-06-20 13:00,13,4,0,25.0,906.1
2025-06-20 14:00,14,4,0,24.9,940.2
2025-06-20 15:00,15,4,0,24.8,983.4
2025-06-20 16:00,16,4,0,24.6,982.6
2025-06-20 17:00,17,4,0,24.9,959.7
2025-06-20 18:00,18,4,0,23.7,900.1
2025-06-20 19:00,19,4,0,23.2,810.2
2025-06-20 20:00,20,4,0,21.6,701.4
2025-06-20 21:00,21,4,0,21.1,601.3
2025-06-20 22:00,22,4,0,21.4,536.4
2025-06-20 23:00,23,4,0,19.3,478.3
2025-06-21 00:00,0,5,0,18.4,400.5
2025-06-21 01:00,1,5,0,17.3,409.2
2025-06-21 02:00,2,5,0,16.6,430.6
2025-06-21 03:00,3,5,0,15.4,478.3
2025-06-21 04:00,4,5,0,15.6,526.6
2025-06-21 05:00,5,5,0,15.6,565.4
2025-06-21 06:00,6,5,0,15.9,603.3
2025-06-21 07:00,7,5,0,17.0,626.3
2025-06-21 08:00,8,5,0,17.8,660.3
2025-06-21 09:00,9,5,0,18.5,663.7
2025-06-21 10:00,10,5,0,20.7,686.7
2025-06-21 11:00,11,5,0,21.8,726.2
2025-06-21 12:00,12,5,0,22.5,752.4
2025-06-21 13:00,13,5,0,23.2,780.2
2025-06-21 14:00,14,5,0,23.6,828.8
2025-06-21 15:00,15,5,0,23.7,875.8
2025-06-21 16:00,16,5,0,23.9,864.6
2025-06-21 17:00,17,5,0,23.0,821.3
2025-06-21 18:00,18,5,0,23.2,764.0
2025-06-21 19:00,19,5,0,22.5,673.9
2025-06-21 20:00,20,5,0,22.2,571.2
2025-06-21 21:00,21,5,0,21.0,485.0
2025-06-21 22:00,22,5,0,21.0,426.9
2025-06-21 23:00,23,5,0,20.4,388.7
2025-06-22 00:00,0,6,0,19.7,361.2
2025-06-22 01:00,1,6,0,20.1,374.3
2025-06-22 02:00,2,6,0,19.7,400.3
2025-06-22 03:00,3,6,0,20.1,449.8
2025-06-22 04:00,4,6,0,20.0,505.2
2025-06-22 05:00,5,6,0,22.1,543.1
2025-06-22 06:00,6,6,0,22.6,576.6
2025-06-22 07:00,7,6,0,23.1,612.0
2025-06-22 08:00,8,6,0,24.2,657.5
2025-06-22 09:00,9,6,0,25.8,663.1
2025-06-22 10:00,10,6,0,26.3,663.4
2025-06-22 11:00,11,6,0,27.8,713.3
2025-06-22 12:00,12,6,0,28.3,723.4
2025-06-22 13:00,13,6,0,28.5,772.4
2025-06-22 14:00,14,6,0,28.2,805.3
2025-06-22 15:00,15,6,0,29.1,840.6
2025-06-22 16:00,16,6,0,28.1,828.9
2025-06-22 17:00,17,6,0,27.2,783.5
2025-06-22 18:00,18,6,0,26.1,730.8
2025-06-22 19:00,19,6,0,25.1,656.6
2025-06-22 20:00,20,6,0,24.2,553.5
2025-06-22 21:00,21,6,0,22.7,451.3
2025-06-22 22:00,22,6,0,21.2,383.7
2025-06-22 23:00,23,6,0,18.8,348.3
2025-06-23 00:00,0,0,0,18.8,404.4
2025-06-23 01:00,1,0,0,18.4,427.6
2025-06-23 02:00,2,0,0,18.6,477.3
2025-06-23 03:00,3,0,0,18.7,525.1
2025-06-23 04:00,4,0,0,17.8,586.5
2025-06-23 05:00,5,0,0,18.7,653.7
2025-06-23 06:00,6,0,0,20.3,693.9
2025-06-23 07:00,7,0,0,20.1,713.2
2025-06-23 08:00,8,0,0,21.7,723.5
2025-06-23 09:00,9,0,0,22.2,735.8
2025-06-23 10:00,10,0,0,22.9,752.3
2025-06-23 11:00,11,0,0,23.1,774.5
2025-06-23 12:00,12,0,0,23.4,833.7
2025-06-23 13:00,13,0,0,24.1,897.2
2025-06-23 14:00,14,0,0,24.8,940.7
2025-06-23 15:00,15,0,0,25.3,967.6
2025-06-23 16:00,16,0,0,25.5,974.7
2025-06-23 17:00,17,0,0,24.9,935.6
2025-06-23 18:00,18,0,0,24.6,865.0
2025-06-23 19:00,19,0,0,24.1,770.9
2025-06-23 20:00,20,0,0,23.8,665.9
2025-06-23 21:00,21,0,0,23.0,568.1
2025-06-23 22:00,22,0,0,22.9,501.9
2025-06-23 23:00,23,0,0,21.8,443.4
2025-06-24 00:00,0,1,0,19.7,431.8
2025-06-24 01:00,1,1,0,19.4,452.6
2025-06-24 02:00,2,1,0,19.3,494.9
2025-06-24 03:00,3,1,0,19.7,527.9
2025-06-24 04:00,4,1,0,19.1,586.1
2025-06-24 05:00,5,1,0,20.0,629.0
2025-06-24 06:00,6,1,0,20.8,661.6
2025-06-24 07:00,7,1,0,21.0,709.1
2025-06-24 08:00,8,1,0,21.2,729.8
2025-06-24 09:00,9,1,0,22.8,746.8
2025-06-24 10:00,10,1,0,25.1,795.3
2025-06-24 11:00,11,1,0,26.4,824.5
2025-06-24 12:00,12,1,0,26.7,868.8
2025-06-24 13:00,13,1,0,27.5,927.2
2025-06-24 14:00,14,1,0,27.3,948.6
2025-06-24 15:00,15,1,0,27.2,963.2
2025-06-24 16:00,16,1,0,27.2,972.7
2025-06-24 17:00,17,1,0,26.6,940.7
2025-06-24 18:00,18,1,0,26.6,873.2
2025-06-24 19:00,19,1,0,24.7,765.2
2025-06-24 20:00,20,1,0,23.8,654.9
2025-06-24 21:00,21,1,0,23.4,568.1
2025-06-24 22:00,22,1,0,22.4,485.3
2025-06-24 23:00,23,1,0,22.0,437.7
2025-06-25 00:00,0,2,0,20.9,417.7
2025-06-25 01:00,1,2,0,20.7,415.2
2025-06-25 02:00,2,2,0,19.5,462.4
2025-06-25 03:00,3,2,0,19.4,530.6
2025-06-25 04:00,4,2,0,19.4,595.5
2025-06-25 05:00,5,2,0,20.1,657.0
2025-06-25 06:00,6,2,0,20.3,697.3
2025-06-25 07:00,7,2,0,21.2,719.6
2025-06-25 08:00,8,2,0,20.1,737.4
2025-06-25 09:00,9,2,0,20.9,745.7
2025-06-25 10:00,10,2,0,22.4,766.5
2025-06-25 11:00,11,2,0,24.1,818.5
2025-06-25 12:00,12,2,0,25.1,857.6
2025-06-25 13:00,13,2,0,25.8,902.0
2025-06-25 14:00,14,2,0,27.3,949.7
2025-06-25 15:00,15,2,0,27.4,960.0
2025-06-25 16:00,16,2,0,27.1,962.0
2025-06-25 17:00,17,2,0,26.8,938.0
2025-06-25 18:00,18,2,0,26.0,880.8
2025-06-25 19:00,19,2,0,24.5,801.3
2025-06-25 20:00,20,2,0,22.5,667.4
2025-06-25 21:00,21,2,0,20.8,575.0
2025-06-25 22:00,22,2,0,20.0,494.1
2025-06-25 23:00,23,2,0,19.3,428.3
2025-06-26 00:00,0,3,0,18.9,405.5
2025-06-26 01:00,1,3,0,17.9,444.5
2025-06-26 02:00,2,3,0,17.2,480.7
2025-06-26 03:00,3,3,0,17.6,524.3
2025-06-26 04:00,4,3,0,17.3,584.3
2025-06-26 05:00,5,3,0,17.4,633.0
2025-06-26 06:00,6,3,0,18.9,674.4
2025-06-26 07:00,7,3,0,19.7,696.4
2025-06-26 08:00,8,3,0,20.4,730.2
2025-06-26 09:00,9,3,0,21.0,741.8
2025-06-26 10:00,10,3,0,22.7,747.8
2025-06-26 11:00,11,3,0,23.7,802.7
2025-06-26 12:00,12,3,0,24.6,836.5
2025-06-26 13:00,13,3,0,25.3,875.4
2025-06-26 14:00,14,3,0,24.5,913.8
2025-06-26 15:00,15,3,0,24.1,934.9
2025-06-26 16:00,16,3,0,24.1,946.8
2025-06-26 17:00,17,3,0,23.7,905.9
2025-06-26 18:00,18,3,0,23.3,828.5
2025-06-26 19:00,19,3,0,21.9,727.8
2025-06-26 20:00,20,3,0,20.5,643.2
2025-06-26 21:00,21,3,0,19.8,537.0
2025-06-26 22:00,22,3,0,19.8,458.1
2025-06-26 23:00,23,3,0,18.2,403.2
2025-06-27 00:00,0,4,0,17.5,380.6
2025-06-27 01:00,1,4,0,16.3,391.8
2025-06-27 02:00,2,4,0,15.0,436.8
2025-06-27 03:00,3,4,0,14.9,500.5
2025-06-27 04:00,4,4,0,15.0,552.2
2025-06-27 05:00,5,4,0,14.0,613.5
2025-06-27 06:00,6,4,0,14.3,668.8
2025-06-27 07:00,7,4,0,14.8,716.4
2025-06-27 08:00,8,4,0,15.0,714.4
2025-06-27 09:00,9,4,0,15.6,730.9
2025-06-27 10:00,10,4,0,17.8,745.6
2025-06-27 11:00,11,4,0,17.5,779.8
2025-06-27 12:00,12,4,0,17.6,811.2
2025-06-27 13:00,13,4,0,18.9,857.9
2025-06-27 14:00,14,4,0,19.6,903.0
2025-06-27 15:00,15,4,0,20.1,932.0
2025-06-27 16:00,16,4,0,20.1,950.3
2025-06-27 17:00,17,4,0,19.9,928.5
2025-06-27 18:00,18,4,0,19.0,875.4
2025-06-27 19:00,19,4,0,18.9,781.9
2025-06-27 20:00,20,4,0,16.9,675.4
2025-06-27 21:00,21,4,0,16.2,567.4
2025-06-27 22:00,22,4,0,14.0,477.3
2025-06-27 23:00,23,4,0,11.7,438.2
2025-06-28 00:00,0,5,0,11.0,386.1
2025-06-28 01:00,1,5,0,11.5,393.5
2025-06-28 02:00,2,5,0,11.5,461.9
2025-06-28 03:00,3,5,0,11.5,497.0
2025-06-28 04:00,4,5,0,12.8,530.7
2025-06-28 05:00,5,5,0,13.2,587.7
2025-06-28 06:00,6,5,0,13.5,618.6
2025-06-28 07:00,7,5,0,14.8,622.6
2025-06-28 08:00,8,5,0,15.0,642.7
2025-06-28 09:00,9,5,0,17.5,682.7
2025-06-28 10:00,10,5,0,18.8,716.3
2025-06-28 11:00,11,5,0,19.7,738.8
2025-06-28 12:00,12,5,0,20.2,765.1
2025-06-28 13:00,13,5,0,21.3,801.7
2025-06-28 14:00,14,5,0,22.8,839.6
2025-06-28 15:00,15,5,0,22.5,855.4
2025-06-28 16:00,16,5,0,22.4,845.3
2025-06-28 17:00,17,5,0,22.0,812.0
2025-06-28 18:00,18,5,0,20.8,764.4
2025-06-28 19:00,19,5,0,20.6,666.8
2025-06-28 20:00,20,5,0,19.8,573.8
2025-06-28 21:00,21,5,0,18.3,475.6
2025-06-28 22:00,22,5,0,17.7,415.2
2025-06-28 23:00,23,5,0,16.2,370.2
2025-06-29 00:00,0,6,0,15.6,339.8
2025-06-29 01:00,1,6,0,15.0,346.6
2025-06-29 02:00,2,6,0,14.0,381.6
2025-06-29 03:00,3,6,0,13.4,448.7
2025-06-29 04:00,4,6,0,13.7,522.4
2025-06-29 05:00,5,6,0,12.9,580.2
2025-06-29 06:00,6,6,0,13.6,602.6
2025-06-29 07:00,7,6,0,14.7,615.6
2025-06-29 08:00,8,6,0,15.8,618.2
2025-06-29 09:00,9,6,0,16.8,608.2
2025-06-29 10:00,10,6,0,17.1,646.5
2025-06-29 11:00,11,6,0,18.0,655.1
2025-06-29 12:00,12,6,0,18.8,691.2
2025-06-29 13:00,13,6,0,20.0,728.2
2025-06-29 14:00,14,6,0,20.5,757.9
2025-06-29 15:00,15,6,0,21.4,792.7
2025-06-29 16:00,16,6,0,21.4,784.0
2025-06-29 17:00,17,6,0,21.2,750.8
2025-06-29 18:00,18,6,0,21.1,692.8
2025-06-29 19:00,19,6,0,20.3,639.0
2025-06-29 20:00,20,6,0,20.2,544.6
2025-06-29 21:00,21,6,0,18.2,463.8
2025-06-29 22:00,22,6,0,16.4,414.3
2025-06-29 23:00,23,6,0,16.2,371.0
2025-06-30 00:00,0,0,0,14.5,411.9
2025-06-30 01:00,1,0,0,13.5,447.2
2025-06-30 02:00,2,0,0,12.8,517.1
2025-06-30 03:00,3,0,0,13.0,567.0
2025-06-30 04:00,4,0,0,12.8,622.0
2025-06-30 05:00,5,0,0,12.8,669.1
2025-06-30 06:00,6,0,0,15.0,676.5
2025-06-30 07:00,7,0,0,15.7,697.0
2025-06-30 08:00,8,0,0,16.9,706.0
2025-06-30 09:00,9,0,0,18.6,736.5
2025-06-30 10:00,10,0,0,19.9,747.7
2025-06-30 11:00,11,0,0,20.7,782.9
2025-06-30 12:00,12,0,0,21.0,821.0
2025-06-30 13:00,13,0,0,21.5,853.6
2025-06-30 14:00,14,0,0,22.3,903.0
2025-06-30 15:00,15,0,0,22.7,936.3
2025-06-30 16:00,16,0,0,23.2,939.4
2025-06-30 17:00,17,0,0,23.4,899.4
2025-06-30 18:00,18,0,0,24.2,838.2
2025-06-30 19:00,19,0,0,24.3,755.1
2025-06-30 20:00,20,0,0,23.5,651.0
2025-06-30 21:00,21,0,0,22.7,531.8
2025-06-30 22:00,22,0,0,21.8,458.4
2025-06-30 23:00,23,0,0,20.8,425.3
2025-07-01 00:00,0,1,0,20.2,396.0
2025-07-01 01:00,1,1,0,19.7,431.2
2025-07-01 02:00,2,1,0,19.0,474.4
2025-07-01 03:00,3,1,0,18.3,533.4
2025-07-01 04:00,4,1,0,18.0,586.4
2025-07-01 05:00,5,1,0,18.8,652.6
2025-07-01 06:00,6,1,0,20.2,701.8
2025-07-01 07:00,7,1,0,21.2,740.1
2025-07-01 08:00,8,1,0,22.1,730.4
2025-07-01 09:00,9,1,0,23.6,752.3
2025-07-01 10:00,10,1,0,24.6,781.0
2025-07-01 11:00,11,1,0,25.7,818.6
2025-07-01 12:00,12,1,0,27.1,857.0
2025-07-01 13:00,13,1,0,26.7,916.7
2025-07-01 14:00,14,1,0,26.5,956.7
2025-07-01 15:00,15,1,0,28.0,997.7
2025-07-01 16:00,16,1,0,27.8,972.3
2025-07-01 17:00,17,1,0,27.0,936.9
2025-07-01 18:00,18,1,0,25.7,876.2
2025-07-01 19:00,19,1,0,24.7,782.8
2025-07-01 20:00,20,1,0,23.1,671.5
2025-07-01 21:00,21,1,0,21.8,566.6
2025-07-01 22:00,22,1,0,20.6,494.0
2025-07-01 23:00,23,1,0,20.4,440.2
2025-07-02 00:00,0,2,0,19.3,432.3
2025-07-02 01:00,1,2,0,19.1,444.6
2025-07-02 02:00,2,2,0,18.2,480.2
2025-07-02 03:00,3,2,0,19.8,549.2
2025-07-02 04:00,4,2,0,19.2,602.4
2025-07-02 05:00,5,2,0,19.4,661.9
2025-07-02 06:00,6,2,0,20.1,695.0
2025-07-02 07:00,7,2,0,20.8,706.1
2025-07-02 08:00,8,2,0,22.3,710.2
2025-07-02 09:00,9,2,0,23.7,743.6
2025-07-02 10:00,10,2,0,24.8,773.6
2025-07-02 11:00,11,2,0,26.9,821.3
2025-07-02 12:00,12,2,0,27.3,860.8
2025-07-02 13:00,13,2,0,27.8,902.6
2025-07-02 14:00,14,2,0,28.1,966.9
2025-07-02 15:00,15,2,0,28.2,995.5
2025-07-02 16:00,16,2,0,28.3,995.3
2025-07-02 17:00,17,2,0,27.8,969.6
2025-07-02 18:00,18,2,0,26.9,884.3
2025-07-02 19:00,19,2,0,25.7,792.4
2025-07-02 20:00,20,2,0,24.5,689.7
2025-07-02 21:00,21,2,0,22.9,569.8
2025-07-02 22:00,22,2,0,21.5,483.4
2025-07-02 23:00,23,2,0,19.8,423.1
2025-07-03 00:00,0,3,0,17.7,408.7
2025-07-03 01:00,1,3,0,17.5,420.8
2025-07-03 02:00,2,3,0,16.6,468.6
2025-07-03 03:00,3,3,0,17.1,536.1
2025-07-03 04:00,4,3,0,16.7,596.4
2025-07-03 05:00,5,3,0,17.4,641.9
2025-07-03 06:00,6,3,0,17.3,666.4
2025-07-03 07:00,7,3,0,18.9,670.6
2025-07-03 08:00,8,3,0,19.4,710.7
2025-07-03 09:00,9,3,0,19.6,727.1
2025-07-03 10:00,10,3,0,20.5,766.2
2025-07-03 11:00,11,3,0,20.9,797.1
2025-07-03 12:00,12,3,0,23.5,831.9
2025-07-03 13:00,13,3,0,23.4,875.5
2025-07-03 14:00,14,3,0,24.4,909.0
2025-07-03 15:00,15,3,0,23.1,927.7
2025-07-03 16:00,16,3,0,23.5,919.4
2025-07-03 17:00,17,3,0,22.4,885.6
2025-07-03 18:00,18,3,0,21.6,836.3
2025-07-03 19:00,19,3,0,20.2,744.7
2025-07-03 20:00,20,3,0,19.7,654.4
2025-07-03 21:00,21,3,0,18.2,552.0
2025-07-03 22:00,22,3,0,17.4,468.4
2025-07-03 23:00,23,3,0,16.8,416.7
2025-07-04 00:00,0,4,0,16.5,404.3
2025-07-04 01:00,1,4,0,15.8,432.0
2025-07-04 02:00,2,4,0,16.3,466.4
2025-07-04 03:00,3,4,0,17.1,533.9
2025-07-04 04:00,4,4,0,16.9,607.5
2025-07-04 05:00,5,4,0,17.5,659.1
2025-07-04 06:00,6,4,0,18.8,697.9
2025-07-04 07:00,7,4,0,21.0,717.6
2025-07-04 08:00,8,4,0,21.5,730.9
2025-07-04 09:00,9,4,0,23.0,733.7
2025-07-04 10:00,10,4,0,24.2,764.6
2025-07-04 11:00,11,4,0,24.6,807.0
2025-07-04 12:00,12,4,0,25.5,859.0
2025-07-04 13:00,13,4,0,25.3,906.3
2025-07-04 14:00,14,4,0,25.6,957.2
2025-07-04 15:00,15,4,0,27.0,992.2
2025-07-04 16:00,16,4,0,27.4,997.2
2025-07-04 17:00,17,4,0,27.7,971.7
2025-07-04 18:00,18,4,0,27.3,918.7
2025-07-04 19:00,19,4,0,26.3,816.2
2025-07-04 20:00,20,4,0,24.7,688.2
2025-07-04 21:00,21,4,0,22.4,565.2
2025-07-04 22:00,22,4,0,20.6,473.2
2025-07-04 23:00,23,4,0,20.9,434.9
2025-07-05 00:00,0,5,0,19.8,363.2
2025-07-05 01:00,1,5,0,19.2,384.8
2025-07-05 02:00,2,5,0,19.5,424.1
2025-07-05 03:00,3,5,0,18.6,478.0
2025-07-05 04:00,4,5,0,19.0,547.8
2025-07-05 05:00,5,5,0,18.7,599.5
2025-07-05 06:00,6,5,0,19.2,617.9
2025-07-05 07:00,7,5,0,19.3,644.3
2025-07-05 08:00,8,5,0,21.4,674.3
2025-07-05 09:00,9,5,0,22.6,677.5
2025-07-05 10:00,10,5,0,24.5,697.2
2025-07-05 11:00,11,5,0,24.8,748.3
2025-07-05 12:00,12,5,0,25.9,768.5
2025-07-05 13:00,13,5,0,25.9,813.2
2025-07-05 14:00,14,5,0,28.0,878.5
2025-07-05 15:00,15,5,0,27.8,897.7
2025-07-05 16:00,16,5,0,27.8,892.3
2025-07-05 17:00,17,5,0,27.9,876.6
2025-07-05 18:00,18,5,0,26.9,807.8
2025-07-05 19:00,19,5,0,26.5,747.6
2025-07-05 20:00,20,5,0,25.3,632.0
2025-07-05 21:00,21,5,0,24.3,528.6
2025-07-05 22:00,22,5,0,22.8,475.3
2025-07-05 23:00,23,5,0,22.3,436.1
2025-07-06 00:00,0,6,0,22.3,390.7
2025-07-06 01:00,1,6,0,20.7,387.5
2025-07-06 02:00,2,6,0,20.3,422.4
2025-07-06 03:00,3,6,0,19.9,467.6
2025-07-06 04:00,4,6,0,20.1,504.8
2025-07-06 05:00,5,6,0,21.0,547.4
2025-07-06 06:00,6,6,0,21.5,587.6
2025-07-06 07:00,7,6,0,22.2,608.3
2025-07-06 08:00,8,6,0,23.1,642.9
2025-07-06 09:00,9,6,0,24.1,629.4
2025-07-06 10:00,10,6,0,25.4,669.6
2025-07-06 11:00,11,6,0,25.7,705.5
2025-07-06 12:00,12,6,0,26.4,741.1
2025-07-06 13:00,13,6,0,27.2,773.1
2025-07-06 14:00,14,6,0,28.3,820.9
2025-07-06 15:00,15,6,0,29.4,860.2
2025-07-06 16:00,16,6,0,29.4,869.1
2025-07-06 17:00,17,6,0,28.9,836.5
2025-07-06 18:00,18,6,0,27.5,771.5
2025-07-06 19:00,19,6,0,26.0,690.8
2025-07-06 20:00,20,6,0,25.2,611.1
2025-07-06 21:00,21,6,0,24.0,517.0
2025-07-06 22:00,22,6,0,23.3,437.6
2025-07-06 23:00,23,6,0,20.8,376.6
2025-07-07 00:00,0,0,0,19.6,424.7
2025-07-07 01:00,1,0,0,19.1,450.0
2025-07-07 02:00,2,0,0,18.5,465.2
2025-07-07 03:00,3,0,0,18.1,530.0
2025-07-07 04:00,4,0,0,17.7,589.8
2025-07-07 05:00,5,0,0,17.9,641.3
2025-07-07 06:00,6,0,0,18.2,682.9
2025-07-07 07:00,7,0,0,18.7,706.4
2025-07-07 08:00,8,0,0,19.7,701.8
2025-07-07 09:00,9,0,0,21.2,706.1
2025-07-07 10:00,10,0,0,22.2,720.2
2025-07-07 11:00,11,0,0,22.5,757.1
2025-07-07 12:00,12,0,0,24.3,807.4
2025-07-07 13:00,13,0,0,24.5,852.6
2025-07-07 14:00,14,0,0,24.9,915.3
2025-07-07 15:00,15,0,0,25.3,942.1
2025-07-07 16:00,16,0,0,25.1,964.2
2025-07-07 17:00,17,0,0,24.0,898.2
2025-07-07 18:00,18,0,0,23.0,840.1
2025-07-07 19:00,19,0,0,21.3,747.2
2025-07-07 20:00,20,0,0,21.3,641.8
2025-07-07 21:00,21,0,0,19.8,552.9
2025-07-07 22:00,22,0,0,19.8,472.8
2025-07-07 23:00,23,0,0,19.3,397.3
2025-07-08 00:00,0,1,0,19.0,391.1
2025-07-08 01:00,1,1,0,18.4,416.5
2025-07-08 02:00,2,1,0,17.4,461.6
2025-07-08 03:00,3,1,0,17.0,529.0
2025-07-08 04:00,4,1,0,17.1,582.5
2025-07-08 05:00,5,1,0,18.9,640.9
2025-07-08 06:00,6,1,0,19.7,679.9
2025-07-08 07:00,7,1,0,19.9,687.8
2025-07-08 08:00,8,1,0,20.8,718.8
2025-07-08 09:00,9,1,0,22.8,734.9
2025-07-08 10:00,10,1,0,24.0,754.1
2025-07-08 11:00,11,1,0,25.2,816.2
2025-07-08 12:00,12,1,0,25.9,863.1
2025-07-08 13:00,13,1,0,25.7,901.6
2025-07-08 14:00,14,1,0,27.2,960.6
2025-07-08 15:00,15,1,0,28.1,1006.9
2025-07-08 16:00,16,1,0,27.0,992.0
2025-07-08 17:00,17,1,0,26.6,954.9
2025-07-08 18:00,18,1,0,25.7,900.5
2025-07-08 19:00,19,1,0,25.8,805.4
2025-07-08 20:00,20,1,0,24.7,697.8
2025-07-08 21:00,21,1,0,22.9,575.6
2025-07-08 22:00,22,1,0,23.0,499.6
2025-07-08 23:00,23,1,0,22.1,412.4
2025-07-09 00:00,0,2,0,21.5,398.8
2025-07-09 01:00,1,2,0,21.1,420.3
2025-07-09 02:00,2,2,0,20.9,472.6
2025-07-09 03:00,3,2,0,19.9,504.7
2025-07-09 04:00,4,2,0,18.8,576.7
2025-07-09 05:00,5,2,0,19.3,642.5
2025-07-09 06:00,6,2,0,20.4,675.7
2025-07-09 07:00,7,2,0,21.4,688.8
2025-07-09 08:00,8,2,0,23.4,715.0
2025-07-09 09:00,9,2,0,24.2,721.9
2025-07-09 10:00,10,2,0,24.2,766.9
2025-07-09 11:00,11,2,0,26.0,799.6
2025-07-09 12:00,12,2,0,27.3,855.9
2025-07-09 13:00,13,2,0,28.0,908.3
2025-07-09 14:00,14,2,0,26.9,930.9
2025-07-09 15:00,15,2,0,28.1,981.2
2025-07-09 16:00,16,2,0,27.6,979.4
2025-07-09 17:00,17,2,0,27.7,969.0
2025-07-09 18:00,18,2,0,26.6,914.0
2025-07-09 19:00,19,2,0,26.9,805.5
2025-07-09 20:00,20,2,0,26.1,700.5
2025-07-09 21:00,21,2,0,24.5,616.4
2025-07-09 22:00,22,2,0,22.2,478.9
2025-07-09 23:00,23,2,0,21.8,436.0
2025-07-10 00:00,0,3,0,20.1,408.8
2025-07-10 01:00,1,3,0,19.6,439.1
2025-07-10 02:00,2,3,0,19.7,475.2
2025-07-10 03:00,3,3,0,18.8,535.3
2025-07-10 04:00,4,3,0,19.5,605.0
2025-07-10 05:00,5,3,0,20.1,654.8
2025-07-10 06:00,6,3,0,20.4,697.4
2025-07-10 07:00,7,3,0,21.2,726.1
2025-07-10 08:00,8,3,0,22.5,736.2
2025-07-10 09:00,9,3,0,23.3,764.2
2025-07-10 10:00,10,3,0,24.8,796.1
2025-07-10 11:00,11,3,0,25.6,821.9
2025-07-10 12:00,12,3,0,26.5,879.8
2025-07-10 13:00,13,3,0,27.5,934.9
2025-07-10 14:00,14,3,0,28.5,968.9
2025-07-10 15:00,15,3,0,28.7,992.9
2025-07-10 16:00,16,3,0,28.9,998.7
2025-07-10 17:00,17,3,0,29.9,978.8
2025-07-10 18:00,18,3,0,29.5,917.7
2025-07-10 19:00,19,3,0,27.5,802.2
2025-07-10 20:00,20,3,0,27.3,713.4
2025-07-10 21:00,21,3,0,26.3,604.6
2025-07-10 22:00,22,3,0,25.7,517.9
2025-07-10 23:00,23,3,0,24.7,441.5
2025-07-11 00:00,0,4,0,24.0,397.6
2025-07-11 01:00,1,4,0,24.0,419.7
2025-07-11 02:00,2,4,0,23.8,487.3
2025-07-11 03:00,3,4,0,23.0,535.8
2025-07-11 04:00,4,4,0,23.8,605.4
2025-07-11 05:00,5,4,0,23.6,672.4
2025-07-11 06:00,6,4,0,24.7,719.3
2025-07-11 07:00,7,4,0,25.8,761.2
2025-07-11 08:00,8,4,0,26.6,773.9
2025-07-11 09:00,9,4,0,27.5,792.3
2025-07-11 10:00,10,4,0,27.5,811.5
2025-07-11 11:00,11,4,0,28.0,838.7
2025-07-11 12:00,12,4,0,30.7,898.6
2025-07-11 13:00,13,4,0,29.9,943.1
2025-07-11 14:00,14,4,0,30.9,969.0
2025-07-11 15:00,15,4,0,30.3,985.8
2025-07-11 16:00,16,4,0,29.8,987.6
2025-07-11 17:00,17,4,0,28.1,950.9
2025-07-11 18:00,18,4,0,26.7,879.1
2025-07-11 19:00,19,4,0,25.7,795.5
2025-07-11 20:00,20,4,0,25.0,693.2
2025-07-11 21:00,21,4,0,24.6,605.9
2025-07-11 22:00,22,4,0,24.4,507.7
2025-07-11 23:00,23,4,0,23.3,447.2
2025-07-12 00:00,0,5,0,22.0,368.6
2025-07-12 01:00,1,5,0,21.9,388.5
2025-07-12 02:00,2,5,0,21.6,450.1
2025-07-12 03:00,3,5,0,20.6,497.0
2025-07-12 04:00,4,5,0,21.9,550.7
2025-07-12 05:00,5,5,0,22.8,599.1
2025-07-12 06:00,6,5,0,24.2,642.0
2025-07-12 07:00,7,5,0,24.9,665.5
2025-07-12 08:00,8,5,0,25.4,689.4
2025-07-12 09:00,9,5,0,26.7,687.9
2025-07-12 10:00,10,5,0,27.4,714.8
2025-07-12 11:00,11,5,0,29.3,774.5
2025-07-12 12:00,12,5,0,29.8,806.0
2025-07-12 13:00,13,5,0,30.1,844.2
2025-07-12 14:00,14,5,0,31.2,883.6
2025-07-12 15:00,15,5,0,32.0,934.9
2025-07-12 16:00,16,5,0,32.0,940.4
2025-07-12 17:00,17,5,0,32.1,894.3
2025-07-12 18:00,18,5,0,31.6,835.0
2025-07-12 19:00,19,5,0,30.2,740.3
2025-07-12 20:00,20,5,0,29.8,653.3
2025-07-12 21:00,21,5,0,27.9,547.9
2025-07-12 22:00,22,5,0,26.7,483.6
2025-07-12 23:00,23,5,0,25.4,425.0
2025-07-13 00:00,0,6,0,24.1,360.7
2025-07-13 01:00,1,6,0,22.9,373.1
2025-07-13 02:00,2,6,0,22.4,405.9
2025-07-13 03:00,3,6,0,21.8,455.9
2025-07-13 04:00,4,6,0,21.8,496.9
2025-07-13 05:00,5,6,0,21.8,534.2
2025-07-13 06:00,6,6,0,21.9,549.7
2025-07-13 07:00,7,6,0,22.4,583.8
2025-07-13 08:00,8,6,0,23.6,606.0
2025-07-13 09:00,9,6,0,24.5,617.3
2025-07-13 10:00,10,6,0,24.9,651.9
2025-07-13 11:00,11,6,0,25.5,671.4
2025-07-13 12:00,12,6,0,25.6,723.9
2025-07-13 13:00,13,6,0,26.0,761.7
2025-07-13 14:00,14,6,0,26.5,812.3
2025-07-13 15:00,15,6,0,26.4,829.9
2025-07-13 16:00,16,6,0,26.2,824.7
2025-07-13 17:00,17,6,0,26.5,791.7
2025-07-13 18:00,18,6,0,25.6,736.4
2025-07-13 19:00,19,6,0,25.0,672.4
2025-07-13 20:00,20,6,0,23.6,564.6
2025-07-13 21:00,21,6,0,23.4,493.7
2025-07-13 22:00,22,6,0,22.3,414.0
2025-07-13 23:00,23,6,0,21.3,370.5
2025-07-14 00:00,0,0,0,20.0,419.6
2025-07-14 01:00,1,0,0,19.8,441.2
2025-07-14 02:00,2,0,0,19.9,455.0
2025-07-14 03:00,3,0,0,20.6,527.5
2025-07-14 04:00,4,0,0,20.3,584.7
2025-07-14 05:00,5,0,0,21.0,639.6
2025-07-14 06:00,6,0,0,20.5,679.6
2025-07-14 07:00,7,0,0,20.5,707.3
2025-07-14 08:00,8,0,0,22.2,725.6
2025-07-14 09:00,9,0,0,24.0,745.6
2025-07-14 10:00,10,0,0,25.0,764.4
2025-07-14 11:00,11,0,0,26.0,809.6
2025-07-14 12:00,12,0,0,28.3,877.5
2025-07-14 13:00,13,0,0,29.3,940.4
2025-07-14 14:00,14,0,0,30.3,997.4
2025-07-14 15:00,15,0,0,30.7,1008.7
2025-07-14 16:00,16,0,0,30.4,1023.1
2025-07-14 17:00,17,0,0,29.2,968.7
2025-07-14 18:00,18,0,0,28.8,912.5
2025-07-14 19:00,19,0,0,27.9,811.6
2025-07-14 20:00,20,0,0,26.9,705.2
2025-07-14 21:00,21,0,0,26.1,603.3
2025-07-14 22:00,22,0,0,25.0,519.1
2025-07-14 23:00,23,0,0,24.9,459.0
2025-07-15 00:00,0,1,1,23.3,366.0
2025-07-15 01:00,1,1,1,22.9,370.1
2025-07-15 02:00,2,1,1,21.9,397.0
2025-07-15 03:00,3,1,1,21.5,444.0
2025-07-15 04:00,4,1,1,20.8,488.5
2025-07-15 05:00,5,1,1,21.2,523.8
2025-07-15 06:00,6,1,1,22.4,566.9
2025-07-15 07:00,7,1,1,23.5,596.7
2025-07-15 08:00,8,1,1,24.3,612.3
2025-07-15 09:00,9,1,1,26.3,643.1
2025-07-15 10:00,10,1,1,26.7,664.7
2025-07-15 11:00,11,1,1,28.6,696.3
2025-07-15 12:00,12,1,1,29.2,731.6
2025-07-15 13:00,13,1,1,30.5,783.7
2025-07-15 14:00,14,1,1,30.8,825.9
2025-07-15 15:00,15,1,1,30.6,854.5
2025-07-15 16:00,16,1,1,31.4,874.3
2025-07-15 17:00,17,1,1,30.5,830.6
2025-07-15 18:00,18,1,1,30.0,768.1
2025-07-15 19:00,19,1,1,29.5,709.1
2025-07-15 20:00,20,1,1,29.1,606.8
2025-07-15 21:00,21,1,1,27.4,509.7
2025-07-15 22:00,22,1,1,26.8,433.8
2025-07-15 23:00,23,1,1,25.0,367.4
2025-07-16 00:00,0,2,0,24.2,435.2
2025-07-16 01:00,1,2,0,23.9,456.5
2025-07-16 02:00,2,2,0,23.7,491.7
2025-07-16 03:00,3,2,0,23.6,567.3
2025-07-16 04:00,4,2,0,23.6,631.3
2025-07-16 05:00,5,2,0,24.2,677.6
2025-07-16 06:00,6,2,0,24.3,706.9
2025-07-16 07:00,7,2,0,25.8,748.7
2025-07-16 08:00,8,2,0,27.3,763.9
2025-07-16 09:00,9,2,0,28.2,789.3
2025-07-16 10:00,10,2,0,29.6,814.6
2025-07-16 11:00,11,2,0,30.2,854.4
2025-07-16 12:00,12,2,0,31.2,914.7
2025-07-16 13:00,13,2,0,31.4,945.9
2025-07-16 14:00,14,2,0,32.0,996.3
2025-07-16 15:00,15,2,0,32.4,1020.0
2025-07-16 16:00,16,2,0,32.1,1034.6
2025-07-16 17:00,17,2,0,30.6,989.4
2025-07-16 18:00,18,2,0,30.8,918.3
2025-07-16 19:00,19,2,0,30.3,844.8
2025-07-16 20:00,20,2,0,29.7,739.9
2025-07-16 21:00,21,2,0,29.1,644.1
2025-07-16 22:00,22,2,0,28.0,532.9
2025-07-16 23:00,23,2,0,27.3,481.4
2025-07-17 00:00,0,3,0,26.7,471.9
2025-07-17 01:00,1,3,0,25.1,452.1
2025-07-17 02:00,2,3,0,24.0,482.3
2025-07-17 03:00,3,3,0,22.8,534.5
2025-07-17 04:00,4,3,0,22.3,571.4
2025-07-17 05:00,5,3,0,22.2,622.0
2025-07-17 06:00,6,3,0,22.3,661.0
2025-07-17 07:00,7,3,0,21.7,674.7
2025-07-17 08:00,8,3,0,22.5,694.9
2025-07-17 09:00,9,3,0,22.9,721.3
2025-07-17 10:00,10,3,0,23.0,742.7
2025-07-17 11:00,11,3,0,24.2,775.8
2025-07-17 12:00,12,3,0,25.7,828.4
2025-07-17 13:00,13,3,0,27.0,884.7
2025-07-17 14:00,14,3,0,27.8,938.3
2025-07-17 15:00,15,3,0,28.4,974.3
2025-07-17 16:00,16,3,0,29.7,988.8
2025-07-17 17:00,17,3,0,28.7,950.5
2025-07-17 18:00,18,3,0,28.6,883.5
2025-07-17 19:00,19,3,0,27.3,782.4
2025-07-17 20:00,20,3,0,26.7,684.3
2025-07-17 21:00,21,3,0,25.5,565.8
2025-07-17 22:00,22,3,0,24.6,481.6
2025-07-17 23:00,23,3,0,23.5,414.8
2025-07-18 00:00,0,4,0,22.3,397.8
2025-07-18 01:00,1,4,0,21.1,411.5
2025-07-18 02:00,2,4,0,21.4,464.8
2025-07-18 03:00,3,4,0,21.7,526.9
2025-07-18 04:00,4,4,0,22.3,595.9
2025-07-18 05:00,5,4,0,22.6,652.3
2025-07-18 06:00,6,4,0,22.3,694.7
2025-07-18 07:00,7,4,0,23.0,726.6
2025-07-18 08:00,8,4,0,24.6,754.7
2025-07-18 09:00,9,4,0,24.7,766.9
2025-07-18 10:00,10,4,0,26.3,771.4
2025-07-18 11:00,11,4,0,27.7,801.5
2025-07-18 12:00,12,4,0,28.4,844.0
2025-07-18 13:00,13,4,0,28.5,910.2
2025-07-18 14:00,14,4,0,29.6,954.4
2025-07-18 15:00,15,4,0,28.8,989.5
2025-07-18 16:00,16,4,0,28.4,996.4
2025-07-18 17:00,17,4,0,27.6,963.5
2025-07-18 18:00,18,4,0,26.9,903.7
2025-07-18 19:00,19,4,0,26.3,804.6
2025-07-18 20:00,20,4,0,25.4,699.0
2025-07-18 21:00,21,4,0,23.8,591.3
2025-07-18 22:00,22,4,0,22.4,501.8
2025-07-18 23:00,23,4,0,21.5,450.8
2025-07-19 00:00,0,5,0,20.9,394.1
2025-07-19 01:00,1,5,0,21.6,414.5
2025-07-19 02:00,2,5,0,22.1,445.8
2025-07-19 03:00,3,5,0,21.9,504.6
2025-07-19 04:00,4,5,0,22.2,546.5
2025-07-19 05:00,5,5,0,23.1,620.1
2025-07-19 06:00,6,5,0,24.1,648.3
2025-07-19 07:00,7,5,0,24.9,677.2
2025-07-19 08:00,8,5,0,26.3,696.1
2025-07-19 09:00,9,5,0,27.4,712.3
2025-07-19 10:00,10,5,0,27.7,741.2
2025-07-19 11:00,11,5,0,27.2,763.9
2025-07-19 12:00,12,5,0,26.9,798.4
2025-07-19 13:00,13,5,0,26.9,823.0
2025-07-19 14:00,14,5,0,26.9,866.1
2025-07-19 15:00,15,5,0,26.9,882.1
2025-07-19 16:00,16,5,0,27.3,898.5
2025-07-19 17:00,17,5,0,26.2,842.4
2025-07-19 18:00,18,5,0,24.6,785.9
2025-07-19 19:00,19,5,0,23.9,692.4
2025-07-19 20:00,20,5,0,22.9,600.5
2025-07-19 21:00,21,5,0,21.5,498.9
2025-07-19 22:00,22,5,0,20.2,425.1
2025-07-19 23:00,23,5,0,17.6,383.8
2025-07-20 00:00,0,6,0,16.2,371.8
2025-07-20 01:00,1,6,0,16.0,369.7
2025-07-20 02:00,2,6,0,16.0,401.0
2025-07-20 03:00,3,6,0,17.0,446.9
2025-07-20 04:00,4,6,0,17.8,490.5
2025-07-20 05:00,5,6,0,18.1,541.2
2025-07-20 06:00,6,6,0,18.0,578.8
2025-07-20 07:00,7,6,0,18.7,589.4
2025-07-20 08:00,8,6,0,20.2,623.6
2025-07-20 09:00,9,6,0,22.1,629.1
2025-07-20 10:00,10,6,0,25.0,681.4
2025-07-20 11:00,11,6,0,27.4,731.6
2025-07-20 12:00,12,6,0,28.8,768.2
2025-07-20 13:00,13,6,0,29.4,816.0
2025-07-20 14:00,14,6,0,29.4,855.0
2025-07-20 15:00,15,6,0,29.3,885.1
2025-07-20 16:00,16,6,0,27.9,834.8
2025-07-20 17:00,17,6,0,27.7,818.5
2025-07-20 18:00,18,6,0,26.8,770.6
2025-07-20 19:00,19,6,0,25.5,677.3
2025-07-20 20:00,20,6,0,24.5,599.3
2025-07-20 21:00,21,6,0,23.3,493.1
2025-07-20 22:00,22,6,0,21.7,413.8
2025-07-20 23:00,23,6,0,21.1,354.9
2025-07-21 00:00,0,0,0,20.5,408.5
2025-07-21 01:00,1,0,0,20.0,423.4
2025-07-21 02:00,2,0,0,20.5,472.4
2025-07-21 03:00,3,0,0,21.1,513.8
2025-07-21 04:00,4,0,0,21.2,595.3
2025-07-21 05:00,5,0,0,21.0,662.4
2025-07-21 06:00,6,0,0,20.8,690.0
2025-07-21 07:00,7,0,0,21.9,697.8
2025-07-21 08:00,8,0,0,22.8,734.1
2025-07-21 09:00,9,0,0,24.7,767.1
2025-07-21 10:00,10,0,0,25.4,790.7
2025-07-21 11:00,11,0,0,26.8,835.3
2025-07-21 12:00,12,0,0,27.3,884.4
2025-07-21 13:00,13,0,0,27.8,913.3
2025-07-21 14:00,14,0,0,29.1,981.9
2025-07-21 15:00,15,0,0,29.1,1001.6
2025-07-21 16:00,16,0,0,28.7,1005.0
2025-07-21 17:00,17,0,0,28.4,973.3
2025-07-21 18:00,18,0,0,29.3,914.6
2025-07-21 19:00,19,0,0,27.8,807.1
2025-07-21 20:00,20,0,0,27.1,721.4
2025-07-21 21:00,21,0,0,25.0,604.3
2025-07-21 22:00,22,0,0,23.8,473.7
2025-07-21 23:00,23,0,0,23.0,429.4
2025-07-22 00:00,0,1,0,22.4,418.9
2025-07-22 01:00,1,1,0,22.6,435.0
2025-07-22 02:00,2,1,0,21.4,485.0
2025-07-22 03:00,3,1,0,20.5,549.9
2025-07-22 04:00,4,1,0,20.6,625.2
2025-07-22 05:00,5,1,0,21.0,681.0
2025-07-22 06:00,6,1,0,21.5,724.6
2025-07-22 07:00,7,1,0,22.1,737.5
2025-07-22 08:00,8,1,0,22.6,751.1
2025-07-22 09:00,9,1,0,23.9,758.8
2025-07-22 10:00,10,1,0,24.6,779.6
2025-07-22 11:00,11,1,0,25.3,815.8
2025-07-22 12:00,12,1,0,26.9,848.8
2025-07-22 13:00,13,1,0,28.1,914.1
2025-07-22 14:00,14,1,0,28.8,970.2
2025-07-22 15:00,15,1,0,29.3,1005.7
2025-07-22 16:00,16,1,0,29.6,1033.6
2025-07-22 17:00,17,1,0,30.4,1007.6
2025-07-22 18:00,18,1,0,29.9,942.0
2025-07-22 19:00,19,1,0,28.8,832.9
2025-07-22 20:00,20,1,0,27.7,719.7
2025-07-22 21:00,21,1,0,26.8,600.5
2025-07-22 22:00,22,1,0,25.2,499.3
2025-07-22 23:00,23,1,0,24.1,446.8
2025-07-23 00:00,0,2,0,22.5,408.2
2025-07-23 01:00,1,2,0,21.6,439.4
2025-07-23 02:00,2,2,0,21.3,484.2
2025-07-23 03:00,3,2,0,21.2,552.4
2025-07-23 04:00,4,2,0,20.4,596.1
2025-07-23 05:00,5,2,0,20.1,670.4
2025-07-23 06:00,6,2,0,20.3,691.9
2025-07-23 07:00,7,2,0,21.2,705.3
2025-07-23 08:00,8,2,0,21.3,705.1
2025-07-23 09:00,9,2,0,21.1,704.3
2025-07-23 10:00,10,2,0,22.1,737.5
2025-07-23 11:00,11,2,0,23.5,791.1
2025-07-23 12:00,12,2,0,25.1,836.3
2025-07-23 13:00,13,2,0,26.1,887.1
2025-07-23 14:00,14,2,0,26.8,937.2
2025-07-23 15:00,15,2,0,27.1,966.9
2025-07-23 16:00,16,2,0,27.5,976.5
2025-07-23 17:00,17,2,0,27.0,937.3
2025-07-23 18:00,18,2,0,26.1,859.4
2025-07-23 19:00,19,2,0,24.6,754.8
2025-07-23 20:00,20,2,0,23.1,635.4
2025-07-23 21:00,21,2,0,21.7,537.7
2025-07-23 22:00,22,2,0,19.9,468.3
2025-07-23 23:00,23,2,0,19.1,411.4
2025-07-24 00:00,0,3,0,18.7,399.9
2025-07-24 01:00,1,3,0,17.6,423.7
2025-07-24 02:00,2,3,0,17.6,453.5
2025-07-24 03:00,3,3,0,17.3,510.0
2025-07-24 04:00,4,3,0,18.5,579.0
2025-07-24 05:00,5,3,0,18.6,641.7
2025-07-24 06:00,6,3,0,19.3,665.0
2025-07-24 07:00,7,3,0,20.4,710.8
2025-07-24 08:00,8,3,0,21.8,727.7
2025-07-24 09:00,9,3,0,23.6,753.4
2025-07-24 10:00,10,3,0,24.7,795.0
2025-07-24 11:00,11,3,0,27.2,850.9
2025-07-24 12:00,12,3,0,27.7,880.3
2025-07-24 13:00,13,3,0,28.2,934.5
2025-07-24 14:00,14,3,0,29.7,988.7
2025-07-24 15:00,15,3,0,29.7,991.7
2025-07-24 16:00,16,3,0,29.4,1002.8
2025-07-24 17:00,17,3,0,29.3,963.6
2025-07-24 18:00,18,3,0,28.0,909.4
2025-07-24 19:00,19,3,0,27.8,812.6
2025-07-24 20:00,20,3,0,26.2,716.3
2025-07-24 21:00,21,3,0,24.2,604.6
2025-07-24 22:00,22,3,0,22.6,496.8
2025-07-24 23:00,23,3,0,21.8,447.4
2025-07-25 00:00,0,4,0,21.5,428.3
2025-07-25 01:00,1,4,0,21.3,446.0
2025-07-25 02:00,2,4,0,21.5,498.2
2025-07-25 03:00,3,4,0,21.2,546.4
2025-07-25 04:00,4,4,0,20.9,605.5
2025-07-25 05:00,5,4,0,21.9,678.1
2025-07-25 06:00,6,4,0,21.5,702.1
2025-07-25 07:00,7,4,0,22.4,738.2
2025-07-25 08:00,8,4,0,23.2,755.2
2025-07-25 09:00,9,4,0,24.3,764.8
2025-07-25 10:00,10,4,0,24.0,774.4
2025-07-25 11:00,11,4,0,24.4,822.3
2025-07-25 12:00,12,4,0,25.2,861.9
2025-07-25 13:00,13,4,0,25.8,922.8
2025-07-25 14:00,14,4,0,24.9,957.8
2025-07-25 15:00,15,4,0,25.4,1004.3
2025-07-25 16:00,16,4,0,25.6,989.0
2025-07-25 17:00,17,4,0,25.2,969.6
2025-07-25 18:00,18,4,0,24.2,888.7
2025-07-25 19:00,19,4,0,23.1,805.5
2025-07-25 20:00,20,4,0,23.5,708.7
2025-07-25 21:00,21,4,0,22.4,613.9
2025-07-25 22:00,22,4,0,21.4,534.2
2025-07-25 23:00,23,4,0,21.4,482.0
2025-07-26 00:00,0,5,0,20.9,413.9
2025-07-26 01:00,1,5,0,20.2,419.0
2025-07-26 02:00,2,5,0,18.8,440.9
2025-07-26 03:00,3,5,0,19.1,502.3
2025-07-26 04:00,4,5,0,18.5,551.5
2025-07-26 05:00,5,5,0,18.4,588.7
2025-07-26 06:00,6,5,0,19.5,609.6
2025-07-26 07:00,7,5,0,20.3,633.0
2025-07-26 08:00,8,5,0,20.8,664.2
2025-07-26 09:00,9,5,0,22.2,671.3
2025-07-26 10:00,10,5,0,24.1,705.6
2025-07-26 11:00,11,5,0,25.4,739.2
2025-07-26 12:00,12,5,0,26.4,783.9
2025-07-26 13:00,13,5,0,26.8,820.0
2025-07-26 14:00,14,5,0,27.6,877.6
2025-07-26 15:00,15,5,0,28.2,903.8
2025-07-26 16:00,16,5,0,27.3,904.5
2025-07-26 17:00,17,5,0,27.6,881.3
2025-07-26 18:00,18,5,0,25.7,808.6
2025-07-26 19:00,19,5,0,25.4,734.8
2025-07-26 20:00,20,5,0,24.0,628.6
2025-07-26 21:00,21,5,0,22.7,525.1
2025-07-26 22:00,22,5,0,22.3,461.3
2025-07-26 23:00,23,5,0,21.9,411.9
2025-07-27 00:00,0,6,0,21.1,354.2
2025-07-27 01:00,1,6,0,20.1,368.5
2025-07-27 02:00,2,6,0,19.5,428.5
2025-07-27 03:00,3,6,0,20.1,473.7
2025-07-27 04:00,4,6,0,19.7,523.3
2025-07-27 05:00,5,6,0,19.2,574.2
2025-07-27 06:00,6,6,0,19.8,609.6
2025-07-27 07:00,7,6,0,20.8,626.0
2025-07-27 08:00,8,6,0,21.6,640.4
2025-07-27 09:00,9,6,0,21.6,635.9
2025-07-27 10:00,10,6,0,23.2,677.7
2025-07-27 11:00,11,6,0,23.6,695.9
2025-07-27 12:00,12,6,0,24.0,744.2
2025-07-27 13:00,13,6,0,25.3,779.0
2025-07-27 14:00,14,6,0,25.7,807.5
2025-07-27 15:00,15,6,0,25.2,831.5
2025-07-27 16:00,16,6,0,25.5,854.1
2025-07-27 17:00,17,6,0,25.1,824.3
2025-07-27 18:00,18,6,0,25.0,770.0
2025-07-27 19:00,19,6,0,24.7,704.0
2025-07-27 20:00,20,6,0,25.1,623.2
2025-07-27 21:00,21,6,0,24.5,535.5
2025-07-27 22:00,22,6,0,24.2,447.1
2025-07-27 23:00,23,6,0,23.1,391.0
2025-07-28 00:00,0,0,0,22.2,434.8
2025-07-28 01:00,1,0,0,21.2,460.5
2025-07-28 02:00,2,0,0,20.7,499.2
2025-07-28 03:00,3,0,0,20.6,552.4
2025-07-28 04:00,4,0,0,20.9,609.4
2025-07-28 05:00,5,0,0,19.9,650.3
2025-07-28 06:00,6,0,0,20.7,693.1
2025-07-28 07:00,7,0,0,21.1,702.3
2025-07-28 08:00,8,0,0,22.9,749.8
2025-07-28 09:00,9,0,0,23.3,759.7
2025-07-28 10:00,10,0,0,24.1,804.2
2025-07-28 11:00,11,0,0,24.6,837.1
2025-07-28 12:00,12,0,0,25.8,888.6
2025-07-28 13:00,13,0,0,25.9,934.2
2025-07-28 14:00,14,0,0,25.6,956.8
2025-07-28 15:00,15,0,0,25.3,973.2
2025-07-28 16:00,16,0,0,25.3,977.7
2025-07-28 17:00,17,0,0,24.9,941.5
2025-07-28 18:00,18,0,0,23.6,832.6
2025-07-28 19:00,19,0,0,21.5,759.9
2025-07-28 20:00,20,0,0,20.9,659.1
2025-07-28 21:00,21,0,0,20.3,570.1
2025-07-28 22:00,22,0,0,18.5,480.9
2025-07-28 23:00,23,0,0,17.5,454.7
2025-07-29 00:00,0,1,0,16.7,421.3
2025-07-29 01:00,1,1,0,15.6,446.9
2025-07-29 02:00,2,1,0,15.1,495.1
2025-07-29 03:00,3,1,0,13.8,553.7
2025-07-29 04:00,4,1,0,13.4,609.8
2025-07-29 05:00,5,1,0,13.8,653.0
2025-07-29 06:00,6,1,0,14.1,695.0
2025-07-29 07:00,7,1,0,15.5,730.3
2025-07-29 08:00,8,1,0,16.8,749.7
2025-07-29 09:00,9,1,0,17.9,748.1
2025-07-29 10:00,10,1,0,19.2,763.6
2025-07-29 11:00,11,1,0,20.8,780.9
2025-07-29 12:00,12,1,0,21.6,826.6
2025-07-29 13:00,13,1,0,22.8,885.8
2025-07-29 14:00,14,1,0,23.4,936.2
2025-07-29 15:00,15,1,0,24.0,955.5
2025-07-29 16:00,16,1,0,23.2,960.3
2025-07-29 17:00,17,1,0,22.2,915.2
2025-07-29 18:00,18,1,0,21.7,843.6
2025-07-29 19:00,19,1,0,20.2,767.3
2025-07-29 20:00,20,1,0,19.6,679.9
2025-07-29 21:00,21,1,0,18.6,586.8
2025-07-29 22:00,22,1,0,17.6,509.4
2025-07-29 23:00,23,1,0,17.7,458.7
2025-07-30 00:00,0,2,0,15.6,431.5
2025-07-30 01:00,1,2,0,15.7,445.9
2025-07-30 02:00,2,2,0,15.5,489.2
2025-07-30 03:00,3,2,0,16.3,547.8
2025-07-30 04:00,4,2,0,16.0,619.3
2025-07-30 05:00,5,2,0,15.6,673.7
2025-07-30 06:00,6,2,0,16.0,705.1
2025-07-30 07:00,7,2,0,16.5,718.9
2025-07-30 08:00,8,2,0,18.0,730.7
2025-07-30 09:00,9,2,0,18.8,732.3
2025-07-30 10:00,10,2,0,19.9,746.1
2025-07-30 11:00,11,2,0,21.0,792.0
2025-07-30 12:00,12,2,0,21.9,825.9
2025-07-30 13:00,13,2,0,22.6,884.3
2025-07-30 14:00,14,2,0,22.7,925.4
2025-07-30 15:00,15,2,0,22.9,965.6
2025-07-30 16:00,16,2,0,23.4,983.9
2025-07-30 17:00,17,2,0,23.4,951.0
2025-07-30 18:00,18,2,0,22.6,877.0
2025-07-30 19:00,19,2,0,21.9,777.6
2025-07-30 20:00,20,2,0,21.6,677.5
2025-07-30 21:00,21,2,0,19.4,580.0
2025-07-30 22:00,22,2,0,18.0,502.2
2025-07-30 23:00,23,2,0,17.1,445.3
2025-07-31 00:00,0,3,0,16.1,426.3
2025-07-31 01:00,1,3,0,16.2,437.1
2025-07-31 02:00,2,3,0,15.8,469.5
2025-07-31 03:00,3,3,0,15.6,536.1
2025-07-31 04:00,4,3,0,14.8,587.0
2025-07-31 05:00,5,3,0,16.5,651.1
2025-07-31 06:00,6,3,0,17.5,677.6
2025-07-31 07:00,7,3,0,17.4,716.8
2025-07-31 08:00,8,3,0,18.1,731.7
2025-07-31 09:00,9,3,0,18.5,733.8
2025-07-31 10:00,10,3,0,20.5,758.7
2025-07-31 11:00,11,3,0,21.5,778.8
2025-07-31 12:00,12,3,0,22.5,826.0
2025-07-31 13:00,13,3,0,22.6,875.0
2025-07-31 14:00,14,3,0,20.9,893.8
2025-07-31 15:00,15,3,0,21.3,946.3
2025-07-31 16:00,16,3,0,20.9,936.7
2025-07-31 17:00,17,3,0,20.5,921.0
2025-07-31 18:00,18,3,0,19.6,878.4
2025-07-31 19:00,19,3,0,18.6,796.3
2025-07-31 20:00,20,3,0,17.3,700.3
2025-07-31 21:00,21,3,0,16.4,608.4
2025-07-31 22:00,22,3,0,15.5,536.8
2025-07-31 23:00,23,3,0,15.3,494.4
2025-08-01 00:00,0,4,0,15.0,468.7
2025-08-01 01:00,1,4,0,14.2,473.9
2025-08-01 02:00,2,4,0,13.4,518.9
2025-08-01 03:00,3,4,0,14.7,553.1
2025-08-01 04:00,4,4,0,14.9,630.4
2025-08-01 05:00,5,4,0,16.4,676.8
2025-08-01 06:00,6,4,0,18.8,717.1
2025-08-01 07:00,7,4,0,19.8,728.7
2025-08-01 08:00,8,4,0,20.0,759.6
2025-08-01 09:00,9,4,0,19.8,765.7
2025-08-01 10:00,10,4,0,20.9,772.7
2025-08-01 11:00,11,4,0,22.3,812.3
2025-08-01 12:00,12,4,0,22.3,849.8
2025-08-01 13:00,13,4,0,22.0,888.0
2025-08-01 14:00,14,4,0,22.4,925.1
2025-08-01 15:00,15,4,0,22.1,960.7
2025-08-01 16:00,16,4,0,22.5,963.5
2025-08-01 17:00,17,4,0,21.8,909.8
2025-08-01 18:00,18,4,0,21.6,858.6
2025-08-01 19:00,19,4,0,21.0,780.6
2025-08-01 20:00,20,4,0,20.5,676.5
2025-08-01 21:00,21,4,0,19.7,576.2
2025-08-01 22:00,22,4,0,18.9,513.1
2025-08-01 23:00,23,4,0,18.2,462.5
2025-08-02 00:00,0,5,0,17.2,405.8
2025-08-02 01:00,1,5,0,16.5,434.9
2025-08-02 02:00,2,5,0,15.2,477.7
2025-08-02 03:00,3,5,0,16.1,539.9
2025-08-02 04:00,4,5,0,16.6,593.2
2025-08-02 05:00,5,5,0,16.8,650.8
2025-08-02 06:00,6,5,0,15.7,671.9
2025-08-02 07:00,7,5,0,16.2,691.3
2025-08-02 08:00,8,5,0,17.2,708.9
2025-08-02 09:00,9,5,0,19.4,685.7
2025-08-02 10:00,10,5,0,20.9,711.7
2025-08-02 11:00,11,5,0,22.1,749.1
2025-08-02 12:00,12,5,0,23.4,770.5
2025-08-02 13:00,13,5,0,25.2,818.8
2025-08-02 14:00,14,5,0,24.5,858.4
2025-08-02 15:00,15,5,0,24.7,889.8
2025-08-02 16:00,16,5,0,25.1,917.5
2025-08-02 17:00,17,5,0,26.0,885.6
2025-08-02 18:00,18,5,0,26.3,831.0
2025-08-02 19:00,19,5,0,24.8,723.1
2025-08-02 20:00,20,5,0,24.3,661.0
2025-08-02 21:00,21,5,0,23.6,558.7
2025-08-02 22:00,22,5,0,22.4,470.8
2025-08-02 23:00,23,5,0,20.2,429.0
2025-08-03 00:00,0,6,0,19.7,395.5
2025-08-03 01:00,1,6,0,18.9,399.2
2025-08-03 02:00,2,6,0,19.0,444.3
2025-08-03 03:00,3,6,0,18.0,499.9
2025-08-03 04:00,4,6,0,17.6,555.4
2025-08-03 05:00,5,6,0,18.5,585.8
2025-08-03 06:00,6,6,0,18.0,613.8
2025-08-03 07:00,7,6,0,18.9,635.0
2025-08-03 08:00,8,6,0,19.9,663.7
2025-08-03 09:00,9,6,0,20.7,657.4
2025-08-03 10:00,10,6,0,22.2,649.5
2025-08-03 11:00,11,6,0,24.4,706.8
2025-08-03 12:00,12,6,0,25.0,735.7
2025-08-03 13:00,13,6,0,25.6,778.8
2025-08-03 14:00,14,6,0,26.0,819.5
2025-08-03 15:00,15,6,0,26.2,824.1
2025-08-03 16:00,16,6,0,26.4,835.3
2025-08-03 17:00,17,6,0,26.5,800.9
2025-08-03 18:00,18,6,0,26.1,768.2
2025-08-03 19:00,19,6,0,25.5,685.1
2025-08-03 20:00,20,6,0,24.4,600.3
2025-08-03 21:00,21,6,0,24.6,517.5
2025-08-03 22:00,22,6,0,23.1,433.7
2025-08-03 23:00,23,6,0,21.6,375.5
2025-08-04 00:00,0,0,0,20.5,437.7
2025-08-04 01:00,1,0,0,19.4,457.6
2025-08-04 02:00,2,0,0,18.2,481.7
2025-08-04 03:00,3,0,0,18.3,532.3
2025-08-04 04:00,4,0,0,17.9,596.1
2025-08-04 05:00,5,0,0,19.6,648.6
2025-08-04 06:00,6,0,0,19.7,694.6
2025-08-04 07:00,7,0,0,20.2,714.0
2025-08-04 08:00,8,0,0,20.2,729.8
2025-08-04 09:00,9,0,0,22.2,746.4
2025-08-04 10:00,10,0,0,22.7,772.9
2025-08-04 11:00,11,0,0,22.8,815.1
2025-08-04 12:00,12,0,0,23.7,850.0
2025-08-04 13:00,13,0,0,23.7,883.5
2025-08-04 14:00,14,0,0,24.3,931.2
2025-08-04 15:00,15,0,0,24.4,965.0
2025-08-04 16:00,16,0,0,24.7,960.2
2025-08-04 17:00,17,0,0,25.4,946.6
2025-08-04 18:00,18,0,0,25.2,876.1
2025-08-04 19:00,19,0,0,23.8,794.8
2025-08-04 20:00,20,0,0,21.6,682.4
2025-08-04 21:00,21,0,0,21.8,584.1
2025-08-04 22:00,22,0,0,21.1,488.2
2025-08-04 23:00,23,0,0,19.7,431.7
2025-08-05 00:00,0,1,0,18.9,419.2
2025-08-05 01:00,1,1,0,18.5,439.2
2025-08-05 02:00,2,1,0,17.4,458.2
2025-08-05 03:00,3,1,0,17.6,542.6
2025-08-05 04:00,4,1,0,18.4,584.0
2025-08-05 05:00,5,1,0,18.9,650.7
2025-08-05 06:00,6,1,0,19.8,698.6
2025-08-05 07:00,7,1,0,20.2,740.0
2025-08-05 08:00,8,1,0,21.2,752.0
2025-08-05 09:00,9,1,0,21.1,770.5
2025-08-05 10:00,10,1,0,21.9,771.1
2025-08-05 11:00,11,1,0,24.8,826.5
2025-08-05 12:00,12,1,0,25.4,872.7
2025-08-05 13:00,13,1,0,25.8,922.8
2025-08-05 14:00,14,1,0,25.9,961.3
2025-08-05 15:00,15,1,0,26.6,1000.4
2025-08-05 16:00,16,1,0,26.7,994.2
2025-08-05 17:00,17,1,0,27.0,959.2
2025-08-05 18:00,18,1,0,26.0,892.7
2025-08-05 19:00,19,1,0,24.9,796.7
2025-08-05 20:00,20,1,0,24.0,682.1
2025-08-05 21:00,21,1,0,22.7,563.2
2025-08-05 22:00,22,1,0,21.1,478.7
2025-08-05 23:00,23,1,0,19.7,426.5
2025-08-06 00:00,0,2,0,18.5,404.0
2025-08-06 01:00,1,2,0,19.2,426.1
2025-08-06 02:00,2,2,0,18.4,462.6
2025-08-06 03:00,3,2,0,19.4,542.3
2025-08-06 04:00,4,2,0,19.3,592.6
2025-08-06 05:00,5,2,0,18.7,650.2
2025-08-06 06:00,6,2,0,19.8,694.9
2025-08-06 07:00,7,2,0,20.9,725.2
2025-08-06 08:00,8,2,0,23.0,733.1
2025-08-06 09:00,9,2,0,23.4,754.2
2025-08-06 10:00,10,2,0,25.6,799.0
2025-08-06 11:00,11,2,0,25.2,825.8
2025-08-06 12:00,12,2,0,24.9,859.2
2025-08-06 13:00,13,2,0,26.1,921.3
2025-08-06 14:00,14,2,0,27.5,987.4
2025-08-06 15:00,15,2,0,28.2,1016.6
2025-08-06 16:00,16,2,0,27.3,1004.0
2025-08-06 17:00,17,2,0,27.2,968.9
2025-08-06 18:00,18,2,0,27.4,932.8
2025-08-06 19:00,19,2,0,27.5,831.9
2025-08-06 20:00,20,2,0,27.1,743.2
2025-08-06 21:00,21,2,0,26.9,641.8
2025-08-06 22:00,22,2,0,26.0,562.6
2025-08-06 23:00,23,2,0,24.3,502.6
2025-08-07 00:00,0,3,0,24.1,486.7
2025-08-07 01:00,1,3,0,24.1,513.5
2025-08-07 02:00,2,3,0,24.2,556.0
2025-08-07 03:00,3,3,0,22.4,594.2
2025-08-07 04:00,4,3,0,21.9,645.3
2025-08-07 05:00,5,3,0,23.2,707.0
2025-08-07 06:00,6,3,0,23.3,725.8
2025-08-07 07:00,7,3,0,25.0,768.4
2025-08-07 08:00,8,3,0,25.1,773.8
2025-08-07 09:00,9,3,0,26.5,807.8
2025-08-07 10:00,10,3,0,26.0,812.6
2025-08-07 11:00,11,3,0,27.4,873.7
2025-08-07 12:00,12,3,0,28.4,926.9
2025-08-07 13:00,13,3,0,28.5,959.5
2025-08-07 14:00,14,3,0,28.6,1004.6
2025-08-07 15:00,15,3,0,28.7,1034.3
2025-08-07 16:00,16,3,0,28.0,1014.9
2025-08-07 17:00,17,3,0,27.1,988.9
2025-08-07 18:00,18,3,0,27.6,929.1
2025-08-07 19:00,19,3,0,27.1,839.2
2025-08-07 20:00,20,3,0,25.9,713.5
2025-08-07 21:00,21,3,0,25.5,598.4
2025-08-07 22:00,22,3,0,24.7,498.3
2025-08-07 23:00,23,3,0,22.8,437.9
2025-08-08 00:00,0,4,0,21.0,420.7
2025-08-08 01:00,1,4,0,20.5,456.5
2025-08-08 02:00,2,4,0,19.4,500.8
2025-08-08 03:00,3,4,0,19.6,562.9
2025-08-08 04:00,4,4,0,19.4,621.4
2025-08-08 05:00,5,4,0,19.2,663.9
2025-08-08 06:00,6,4,0,19.4,697.5
2025-08-08 07:00,7,4,0,18.9,707.5
2025-08-08 08:00,8,4,0,20.8,710.3
2025-08-08 09:00,9,4,0,22.0,732.5
2025-08-08 10:00,10,4,0,23.1,773.4
2025-08-08 11:00,11,4,0,25.3,805.4
2025-08-08 12:00,12,4,0,26.3,858.6
2025-08-08 13:00,13,4,0,26.0,912.8
2025-08-08 14:00,14,4,0,27.0,977.3
2025-08-08 15:00,15,4,0,27.7,1004.6
2025-08-08 16:00,16,4,0,27.4,1006.7
2025-08-08 17:00,17,4,0,28.1,977.5
2025-08-08 18:00,18,4,0,27.1,888.8
2025-08-08 19:00,19,4,0,26.1,787.8
2025-08-08 20:00,20,4,0,25.5,704.8
2025-08-08 21:00,21,4,0,24.4,602.0
2025-08-08 22:00,22,4,0,22.6,497.2
2025-08-08 23:00,23,4,0,21.4,439.0
2025-08-09 00:00,0,5,0,20.4,375.8
2025-08-09 01:00,1,5,0,20.7,407.1
2025-08-09 02:00,2,5,0,20.3,435.0
2025-08-09 03:00,3,5,0,19.0,461.2
2025-08-09 04:00,4,5,0,18.8,523.4
2025-08-09 05:00,5,5,0,18.8,574.7
2025-08-09 06:00,6,5,0,19.5,634.6
2025-08-09 07:00,7,5,0,19.7,666.1
2025-08-09 08:00,8,5,0,20.1,681.2
2025-08-09 09:00,9,5,0,21.5,676.7
2025-08-09 10:00,10,5,0,22.0,685.8
2025-08-09 11:00,11,5,0,23.7,740.0
2025-08-09 12:00,12,5,0,24.7,775.8
2025-08-09 13:00,13,5,0,25.2,819.1
2025-08-09 14:00,14,5,0,25.5,853.4
2025-08-09 15:00,15,5,0,25.9,887.0
2025-08-09 16:00,16,5,0,25.9,888.0
2025-08-09 17:00,17,5,0,25.0,852.0
2025-08-09 18:00,18,5,0,25.0,795.9
2025-08-09 19:00,19,5,0,24.0,730.4
2025-08-09 20:00,20,5,0,23.4,634.2
2025-08-09 21:00,21,5,0,22.4,525.3
2025-08-09 22:00,22,5,0,22.5,464.1
2025-08-09 23:00,23,5,0,21.4,396.6
2025-08-10 00:00,0,6,0,20.1,369.0
2025-08-10 01:00,1,6,0,19.4,377.6
2025-08-10 02:00,2,6,0,19.6,410.3
2025-08-10 03:00,3,6,0,19.4,427.3
2025-08-10 04:00,4,6,0,18.4,494.1
2025-08-10 05:00,5,6,0,18.9,540.1
2025-08-10 06:00,6,6,0,19.2,581.3
2025-08-10 07:00,7,6,0,20.8,599.4
2025-08-10 08:00,8,6,0,22.0,604.7
2025-08-10 09:00,9,6,0,23.1,629.9
2025-08-10 10:00,10,6,0,24.9,662.5
2025-08-10 11:00,11,6,0,25.8,695.7
2025-08-10 12:00,12,6,0,25.4,725.9
2025-08-10 13:00,13,6,0,25.8,779.2
2025-08-10 14:00,14,6,0,25.9,789.7
2025-08-10 15:00,15,6,0,26.2,822.4
2025-08-10 16:00,16,6,0,25.3,817.6
2025-08-10 17:00,17,6,0,24.9,795.0
2025-08-10 18:00,18,6,0,24.3,737.5
2025-08-10 19:00,19,6,0,23.2,658.8
2025-08-10 20:00,20,6,0,21.6,580.2
2025-08-10 21:00,21,6,0,21.2,482.6
2025-08-10 22:00,22,6,0,19.5,419.9
2025-08-10 23:00,23,6,0,19.4,382.5
2025-08-11 00:00,0,0,0,18.9,427.4
2025-08-11 01:00,1,0,0,18.5,425.6
2025-08-11 02:00,2,0,0,17.8,480.3
2025-08-11 03:00,3,0,0,17.6,531.2
2025-08-11 04:00,4,0,0,17.8,603.2
2025-08-11 05:00,5,0,0,17.7,653.0
2025-08-11 06:00,6,0,0,18.0,702.7
2025-08-11 07:00,7,0,0,19.0,725.9
2025-08-11 08:00,8,0,0,19.5,750.0
2025-08-11 09:00,9,0,0,20.7,772.0
2025-08-11 10:00,10,0,0,21.4,794.2
2025-08-11 11:00,11,0,0,21.8,830.6
2025-08-11 12:00,12,0,0,23.1,878.6
2025-08-11 13:00,13,0,0,23.5,914.4
2025-08-11 14:00,14,0,0,23.4,957.0
2025-08-11 15:00,15,0,0,23.3,978.5
2025-08-11 16:00,16,0,0,23.6,980.0
2025-08-11 17:00,17,0,0,22.8,961.5
2025-08-11 18:00,18,0,0,22.1,878.9
2025-08-11 19:00,19,0,0,20.4,791.9
2025-08-11 20:00,20,0,0,19.6,689.8
2025-08-11 21:00,21,0,0,18.6,597.3
2025-08-11 22:00,22,0,0,17.0,500.2
2025-08-11 23:00,23,0,0,16.4,445.1
2025-08-12 00:00,0,1,0,15.9,414.3
2025-08-12 01:00,1,1,0,15.9,433.9
2025-08-12 02:00,2,1,0,15.2,497.7
2025-08-12 03:00,3,1,0,14.4,551.7
2025-08-12 04:00,4,1,0,15.5,609.0
2025-08-12 05:00,5,1,0,14.8,651.7
2025-08-12 06:00,6,1,0,15.6,686.7
2025-08-12 07:00,7,1,0,16.6,720.7
2025-08-12 08:00,8,1,0,17.9,730.9
2025-08-12 09:00,9,1,0,19.0,744.7
2025-08-12 10:00,10,1,0,20.3,756.3
2025-08-12 11:00,11,1,0,21.1,790.6
2025-08-12 12:00,12,1,0,22.2,826.7
2025-08-12 13:00,13,1,0,22.8,859.8
2025-08-12 14:00,14,1,0,23.5,910.7
2025-08-12 15:00,15,1,0,25.3,969.5
2025-08-12 16:00,16,1,0,24.4,932.0
2025-08-12 17:00,17,1,0,22.5,897.2
2025-08-12 18:00,18,1,0,22.1,833.3
2025-08-12 19:00,19,1,0,22.7,754.4
2025-08-12 20:00,20,1,0,21.2,654.5
2025-08-12 21:00,21,1,0,21.0,550.6
2025-08-12 22:00,22,1,0,20.1,482.1
2025-08-12 23:00,23,1,0,19.6,421.4
2025-08-13 00:00,0,2,0,18.4,417.3
2025-08-13 01:00,1,2,0,18.8,415.9
2025-08-13 02:00,2,2,0,18.3,482.8
2025-08-13 03:00,3,2,0,19.2,551.3
2025-08-13 04:00,4,2,0,20.8,603.8
2025-08-13 05:00,5,2,0,22.5,675.1
2025-08-13 06:00,6,2,0,23.8,710.1
2025-08-13 07:00,7,2,0,23.4,736.0
2025-08-13 08:00,8,2,0,24.5,748.5
2025-08-13 09:00,9,2,0,26.0,770.0
2025-08-13 10:00,10,2,0,26.8,815.9
2025-08-13 11:00,11,2,0,27.5,851.4
2025-08-13 12:00,12,2,0,27.7,886.8
2025-08-13 13:00,13,2,0,29.8,941.5
2025-08-13 14:00,14,2,0,30.4,1009.3
2025-08-13 15:00,15,2,0,30.3,1017.7
2025-08-13 16:00,16,2,0,29.9,1009.2
2025-08-13 17:00,17,2,0,29.8,972.3
2025-08-13 18:00,18,2,0,29.5,923.5
2025-08-13 19:00,19,2,0,28.1,843.8
2025-08-13 20:00,20,2,0,27.0,727.4
2025-08-13 21:00,21,2,0,26.2,612.5
2025-08-13 22:00,22,2,0,25.1,516.6
2025-08-13 23:00,23,2,0,25.4,464.0
2025-08-14 00:00,0,3,0,24.6,445.9
2025-08-14 01:00,1,3,0,24.0,463.7
2025-08-14 02:00,2,3,0,21.7,480.5
2025-08-14 03:00,3,3,0,21.2,531.4
2025-08-14 04:00,4,3,0,22.1,601.9
2025-08-14 05:00,5,3,0,23.5,647.1
2025-08-14 06:00,6,3,0,24.4,702.3
2025-08-14 07:00,7,3,0,25.7,724.5
2025-08-14 08:00,8,3,0,26.2,763.8
2025-08-14 09:00,9,3,0,26.7,785.6
2025-08-14 10:00,10,3,0,27.3,811.0
2025-08-14 11:00,11,3,0,28.8,845.7
2025-08-14 12:00,12,3,0,29.6,888.5
2025-08-14 13:00,13,3,0,29.4,934.1
2025-08-14 14:00,14,3,0,30.5,967.9
2025-08-14 15:00,15,3,0,30.1,998.8
2025-08-14 16:00,16,3,0,29.3,989.7
2025-08-14 17:00,17,3,0,28.7,968.2
2025-08-14 18:00,18,3,0,28.4,907.0
2025-08-14 19:00,19,3,0,27.3,839.7
2025-08-14 20:00,20,3,0,26.7,732.1
2025-08-14 21:00,21,3,0,25.6,623.6
2025-08-14 22:00,22,3,0,25.1,536.4
2025-08-14 23:00,23,3,0,24.0,472.5
2025-08-15 00:00,0,4,0,23.5,437.3
2025-08-15 01:00,1,4,0,22.5,443.8
2025-08-15 02:00,2,4,0,22.4,483.9
2025-08-15 03:00,3,4,0,22.2,559.9
2025-08-15 04:00,4,4,0,21.6,635.3
2025-08-15 05:00,5,4,0,22.8,701.5
2025-08-15 06:00,6,4,0,23.1,736.6
2025-08-15 07:00,7,4,0,24.1,780.5
2025-08-15 08:00,8,4,0,24.7,797.8
2025-08-15 09:00,9,4,0,25.7,829.3
2025-08-15 10:00,10,4,0,26.7,859.6
2025-08-15 11:00,11,4,0,27.2,892.2
2025-08-15 12:00,12,4,0,28.1,924.9
2025-08-15 13:00,13,4,0,28.7,982.9
2025-08-15 14:00,14,4,0,29.4,1005.7
2025-08-15 15:00,15,4,0,29.4,1035.8
2025-08-15 16:00,16,4,0,29.7,1036.6
2025-08-15 17:00,17,4,0,29.0,1019.7
2025-08-15 18:00,18,4,0,28.2,930.6
2025-08-15 19:00,19,4,0,27.1,830.0
2025-08-15 20:00,20,4,0,25.9,722.2
2025-08-15 21:00,21,4,0,24.8,605.9
2025-08-15 22:00,22,4,0,24.0,533.3
2025-08-15 23:00,23,4,0,23.2,489.9
2025-08-16 00:00,0,5,0,21.7,412.0
2025-08-16 01:00,1,5,0,20.2,434.6
2025-08-16 02:00,2,5,0,18.8,458.1
2025-08-16 03:00,3,5,0,19.7,514.2
2025-08-16 04:00,4,5,0,19.1,571.9
2025-08-16 05:00,5,5,0,19.4,626.8
2025-08-16 06:00,6,5,0,21.1,659.1
2025-08-16 07:00,7,5,0,22.2,679.2
2025-08-16 08:00,8,5,0,23.3,685.8
2025-08-16 09:00,9,5,0,24.0,693.4
2025-08-16 10:00,10,5,0,24.7,711.6
2025-08-16 11:00,11,5,0,25.7,753.1
2025-08-16 12:00,12,5,0,27.0,804.9
2025-08-16 13:00,13,5,0,28.1,866.7
2025-08-16 14:00,14,5,0,28.8,894.5
2025-08-16 15:00,15,5,0,28.3,923.2
2025-08-16 16:00,16,5,0,27.9,928.5
2025-08-16 17:00,17,5,0,27.4,882.5
2025-08-16 18:00,18,5,0,26.9,838.2
2025-08-16 19:00,19,5,0,27.0,746.1
2025-08-16 20:00,20,5,0,26.0,650.9
2025-08-16 21:00,21,5,0,24.6,548.9
2025-08-16 22:00,22,5,0,23.8,453.7
2025-08-16 23:00,23,5,0,22.9,386.9
2025-08-17 00:00,0,6,0,22.5,342.1
2025-08-17 01:00,1,6,0,21.8,325.9
2025-08-17 02:00,2,6,0,21.1,368.1
2025-08-17 03:00,3,6,0,20.0,431.7
2025-08-17 04:00,4,6,0,20.0,489.5
2025-08-17 05:00,5,6,0,20.5,533.3
2025-08-17 06:00,6,6,0,20.9,575.8
2025-08-17 07:00,7,6,0,22.1,586.0
2025-08-17 08:00,8,6,0,23.3,620.4
2025-08-17 09:00,9,6,0,24.6,658.0
2025-08-17 10:00,10,6,0,24.6,682.5
2025-08-17 11:00,11,6,0,26.3,725.4
2025-08-17 12:00,12,6,0,27.4,758.2
2025-08-17 13:00,13,6,0,26.5,796.8
2025-08-17 14:00,14,6,0,26.5,835.9
2025-08-17 15:00,15,6,0,25.3,838.3
2025-08-17 16:00,16,6,0,24.8,821.4
2025-08-17 17:00,17,6,0,23.8,802.0
2025-08-17 18:00,18,6,0,22.5,734.0
2025-08-17 19:00,19,6,0,22.1,670.5
2025-08-17 20:00,20,6,0,21.7,567.2
2025-08-17 21:00,21,6,0,20.5,493.7
2025-08-17 22:00,22,6,0,18.9,428.6
2025-08-17 23:00,23,6,0,18.6,391.2
2025-08-18 00:00,0,0,0,17.4,456.0
2025-08-18 01:00,1,0,0,16.7,473.3
2025-08-18 02:00,2,0,0,16.7,522.3
2025-08-18 03:00,3,0,0,16.5,572.8
2025-08-18 04:00,4,0,0,16.3,630.5
2025-08-18 05:00,5,0,0,16.7,678.9
2025-08-18 06:00,6,0,0,17.6,710.1
2025-08-18 07:00,7,0,0,18.8,738.4
2025-08-18 08:00,8,0,0,19.6,759.4
2025-08-18 09:00,9,0,0,19.8,784.4
2025-08-18 10:00,10,0,0,21.1,793.4
2025-08-18 11:00,11,0,0,22.2,817.4
2025-08-18 12:00,12,0,0,23.8,874.2
2025-08-18 13:00,13,0,0,24.5,942.6
2025-08-18 14:00,14,0,0,24.7,973.4
2025-08-18 15:00,15,0,0,24.4,993.8
2025-08-18 16:00,16,0,0,24.7,1018.5
2025-08-18 17:00,17,0,0,23.2,959.1
2025-08-18 18:00,18,0,0,22.7,895.4
2025-08-18 19:00,19,0,0,21.2,805.4
2025-08-18 20:00,20,0,0,20.5,692.4
2025-08-18 21:00,21,0,0,19.6,601.2
2025-08-18 22:00,22,0,0,18.6,521.1
2025-08-18 23:00,23,0,0,18.0,470.6
2025-08-19 00:00,0,1,0,17.8,436.8
2025-08-19 01:00,1,1,0,17.9,449.4
2025-08-19 02:00,2,1,0,17.2,506.1
2025-08-19 03:00,3,1,0,17.8,535.8
2025-08-19 04:00,4,1,0,18.0,609.3
2025-08-19 05:00,5,1,0,18.7,664.3
2025-08-19 06:00,6,1,0,19.4,704.1
2025-08-19 07:00,7,1,0,20.4,746.7
2025-08-19 08:00,8,1,0,21.0,759.2
2025-08-19 09:00,9,1,0,21.3,779.4
2025-08-19 10:00,10,1,0,22.0,795.7
2025-08-19 11:00,11,1,0,23.2,844.1
2025-08-19 12:00,12,1,0,25.1,890.9
2025-08-19 13:00,13,1,0,25.2,925.1
2025-08-19 14:00,14,1,0,26.2,982.7
2025-08-19 15:00,15,1,0,25.5,997.0
2025-08-19 16:00,16,1,0,25.3,997.0
2025-08-19 17:00,17,1,0,25.5,971.2
2025-08-19 18:00,18,1,0,25.5,902.5
2025-08-19 19:00,19,1,0,24.6,808.1
2025-08-19 20:00,20,1,0,25.0,701.0
2025-08-19 21:00,21,1,0,24.0,608.6
2025-08-19 22:00,22,1,0,22.8,513.5
2025-08-19 23:00,23,1,0,20.9,446.5
2025-08-20 00:00,0,2,0,19.9,425.1
2025-08-20 01:00,1,2,0,19.1,431.9
2025-08-20 02:00,2,2,0,18.5,457.3
2025-08-20 03:00,3,2,0,18.7,518.1
2025-08-20 04:00,4,2,0,18.6,595.8
2025-08-20 05:00,5,2,0,18.4,643.1
2025-08-20 06:00,6,2,0,18.7,680.1
2025-08-20 07:00,7,2,0,20.0,703.5
2025-08-20 08:00,8,2,0,20.9,730.6
2025-08-20 09:00,9,2,0,22.6,746.5
2025-08-20 10:00,10,2,0,24.2,786.6
2025-08-20 11:00,11,2,0,24.9,814.4
2025-08-20 12:00,12,2,0,24.4,856.1
2025-08-20 13:00,13,2,0,25.2,918.8
2025-08-20 14:00,14,2,0,25.8,952.5
2025-08-20 15:00,15,2,0,26.6,985.4
2025-08-20 16:00,16,2,0,27.5,989.5
2025-08-20 17:00,17,2,0,27.4,963.4
2025-08-20 18:00,18,2,0,26.3,912.2
2025-08-20 19:00,19,2,0,25.0,809.1
2025-08-20 20:00,20,2,0,23.8,696.5
2025-08-20 21:00,21,2,0,22.5,579.6
2025-08-20 22:00,22,2,0,21.2,492.4
2025-08-20 23:00,23,2,0,20.2,442.3
2025-08-21 00:00,0,3,0,20.5,424.1
2025-08-21 01:00,1,3,0,18.8,464.5
2025-08-21 02:00,2,3,0,16.8,498.6
2025-08-21 03:00,3,3,0,16.6,561.8
2025-08-21 04:00,4,3,0,16.5,609.4
2025-08-21 05:00,5,3,0,16.1,682.3
2025-08-21 06:00,6,3,0,17.5,711.4
2025-08-21 07:00,7,3,0,18.7,733.7
2025-08-21 08:00,8,3,0,20.4,737.8
2025-08-21 09:00,9,3,0,22.0,783.6
2025-08-21 10:00,10,3,0,23.5,806.9
2025-08-21 11:00,11,3,0,24.3,825.5
2025-08-21 12:00,12,3,0,24.7,879.9
2025-08-21 13:00,13,3,0,25.5,931.1
2025-08-21 14:00,14,3,0,26.4,977.4
2025-08-21 15:00,15,3,0,25.7,988.3
2025-08-21 16:00,16,3,0,25.0,983.2
2025-08-21 17:00,17,3,0,24.2,955.0
2025-08-21 18:00,18,3,0,23.3,867.9
2025-08-21 19:00,19,3,0,21.5,779.9
2025-08-21 20:00,20,3,0,20.4,670.5
2025-08-21 21:00,21,3,0,19.2,597.9
2025-08-21 22:00,22,3,0,18.3,512.4
2025-08-21 23:00,23,3,0,16.4,452.6
2025-08-22 00:00,0,4,0,14.8,456.8
2025-08-22 01:00,1,4,0,14.7,465.8
2025-08-22 02:00,2,4,0,15.1,505.1
2025-08-22 03:00,3,4,0,16.2,561.4
2025-08-22 04:00,4,4,0,17.1,625.5
2025-08-22 05:00,5,4,0,17.3,680.6
2025-08-22 06:00,6,4,0,18.5,730.5
2025-08-22 07:00,7,4,0,18.5,735.2
2025-08-22 08:00,8,4,0,20.1,756.3
2025-08-22 09:00,9,4,0,20.9,761.4
2025-08-22 10:00,10,4,0,20.4,784.5
2025-08-22 11:00,11,4,0,22.3,810.2
2025-08-22 12:00,12,4,0,23.1,848.0
2025-08-22 13:00,13,4,0,24.5,906.8
2025-08-22 14:00,14,4,0,24.8,958.6
2025-08-22 15:00,15,4,0,25.7,1011.2
2025-08-22 16:00,16,4,0,26.0,1018.5
2025-08-22 17:00,17,4,0,26.0,974.4
2025-08-22 18:00,18,4,0,24.3,893.2
2025-08-22 19:00,19,4,0,23.0,772.5
2025-08-22 20:00,20,4,0,20.9,659.2
2025-08-22 21:00,21,4,0,20.2,576.2
2025-08-22 22:00,22,4,0,18.7,484.2
2025-08-22 23:00,23,4,0,18.4,446.9
2025-08-23 00:00,0,5,0,17.1,392.0
2025-08-23 01:00,1,5,0,16.4,404.4
2025-08-23 02:00,2,5,0,16.4,439.5
2025-08-23 03:00,3,5,0,15.7,476.8
2025-08-23 04:00,4,5,0,16.0,533.1
2025-08-23 05:00,5,5,0,14.8,592.1
2025-08-23 06:00,6,5,0,15.1,627.3
2025-08-23 07:00,7,5,0,16.5,652.8
2025-08-23 08:00,8,5,0,19.1,673.7
2025-08-23 09:00,9,5,0,18.9,699.5
2025-08-23 10:00,10,5,0,20.9,707.0
2025-08-23 11:00,11,5,0,22.8,745.7
2025-08-23 12:00,12,5,0,23.3,777.6
2025-08-23 13:00,13,5,0,23.4,814.5
2025-08-23 14:00,14,5,0,23.7,864.4
2025-08-23 15:00,15,5,0,23.8,888.1
2025-08-23 16:00,16,5,0,23.9,885.5
2025-08-23 17:00,17,5,0,22.6,833.7
2025-08-23 18:00,18,5,0,22.1,789.0
2025-08-23 19:00,19,5,0,21.0,689.4
2025-08-23 20:00,20,5,0,19.9,616.4
2025-08-23 21:00,21,5,0,19.3,545.9
2025-08-23 22:00,22,5,0,18.6,460.9
2025-08-23 23:00,23,5,0,16.3,417.0
2025-08-24 00:00,0,6,0,15.5,383.1
2025-08-24 01:00,1,6,0,15.0,386.1
2025-08-24 02:00,2,6,0,15.1,422.8
2025-08-24 03:00,3,6,0,15.1,474.5
2025-08-24 04:00,4,6,0,15.4,522.6
2025-08-24 05:00,5,6,0,15.7,563.6
2025-08-24 06:00,6,6,0,16.4,600.5
2025-08-24 07:00,7,6,0,17.7,600.5
2025-08-24 08:00,8,6,0,17.9,630.4
2025-08-24 09:00,9,6,0,18.8,650.2
2025-08-24 10:00,10,6,0,19.7,651.3
2025-08-24 11:00,11,6,0,20.3,678.4
2025-08-24 12:00,12,6,0,19.8,707.7
2025-08-24 13:00,13,6,0,21.3,750.2
2025-08-24 14:00,14,6,0,21.5,775.9
2025-08-24 15:00,15,6,0,22.7,798.7
2025-08-24 16:00,16,6,0,24.1,811.5
2025-08-24 17:00,17,6,0,23.1,773.6
2025-08-24 18:00,18,6,0,23.0,738.2
2025-08-24 19:00,19,6,0,22.2,652.3
2025-08-24 20:00,20,6,0,21.6,577.8
2025-08-24 21:00,21,6,0,21.0,491.6
2025-08-24 22:00,22,6,0,20.4,451.4
2025-08-24 23:00,23,6,0,19.7,406.3
2025-08-25 00:00,0,0,0,18.9,482.5
2025-08-25 01:00,1,0,0,17.6,494.4
2025-08-25 02:00,2,0,0,16.9,519.0
2025-08-25 03:00,3,0,0,16.0,578.2
2025-08-25 04:00,4,0,0,15.4,638.5
2025-08-25 05:00,5,0,0,15.8,700.6
2025-08-25 06:00,6,0,0,16.1,732.9
2025-08-25 07:00,7,0,0,15.9,752.8
2025-08-25 08:00,8,0,0,15.8,770.1
2025-08-25 09:00,9,0,0,16.6,796.4
2025-08-25 10:00,10,0,0,17.1,810.8
2025-08-25 11:00,11,0,0,18.5,821.0
2025-08-25 12:00,12,0,0,19.5,858.2
2025-08-25 13:00,13,0,0,20.5,912.8
2025-08-25 14:00,14,0,0,21.9,943.5
2025-08-25 15:00,15,0,0,21.6,970.1
2025-08-25 16:00,16,0,0,21.8,959.7
2025-08-25 17:00,17,0,0,21.1,935.8
2025-08-25 18:00,18,0,0,20.2,858.4
2025-08-25 19:00,19,0,0,19.3,746.5
2025-08-25 20:00,20,0,0,17.5,664.0
2025-08-25 21:00,21,0,0,16.8,561.7
2025-08-25 22:00,22,0,0,15.9,491.1
2025-08-25 23:00,23,0,0,14.8,443.0
2025-08-26 00:00,0,1,0,14.1,433.8
2025-08-26 01:00,1,1,0,13.2,467.8
2025-08-26 02:00,2,1,0,13.2,508.0
2025-08-26 03:00,3,1,0,11.8,575.3
2025-08-26 04:00,4,1,0,11.3,643.0
2025-08-26 05:00,5,1,0,12.0,696.3
2025-08-26 06:00,6,1,0,12.6,733.8
2025-08-26 07:00,7,1,0,13.8,761.1
2025-08-26 08:00,8,1,0,13.5,772.2
2025-08-26 09:00,9,1,0,14.5,807.5
2025-08-26 10:00,10,1,0,15.4,825.1
2025-08-26 11:00,11,1,0,16.5,848.1
2025-08-26 12:00,12,1,0,16.6,876.8
2025-08-26 13:00,13,1,0,18.1,919.4
2025-08-26 14:00,14,1,0,18.9,970.0
2025-08-26 15:00,15,1,0,19.4,996.8
2025-08-26 16:00,16,1,0,19.6,987.4
2025-08-26 17:00,17,1,0,19.0,949.6
2025-08-26 18:00,18,1,0,18.0,882.9
2025-08-26 19:00,19,1,0,18.1,789.7
2025-08-26 20:00,20,1,0,17.8,694.7
2025-08-26 21:00,21,1,0,16.8,584.8
2025-08-26 22:00,22,1,0,15.2,511.9
2025-08-26 23:00,23,1,0,14.2,465.8
2025-08-27 00:00,0,2,0,14.2,444.8
2025-08-27 01:00,1,2,0,14.0,473.1
2025-08-27 02:00,2,2,0,14.7,497.6
2025-08-27 03:00,3,2,0,15.4,558.9
2025-08-27 04:00,4,2,0,16.5,634.8
2025-08-27 05:00,5,2,0,17.2,669.6
2025-08-27 06:00,6,2,0,17.8,715.2
2025-08-27 07:00,7,2,0,18.5,719.0
2025-08-27 08:00,8,2,0,18.9,746.9
2025-08-27 09:00,9,2,0,19.3,776.0
2025-08-27 10:00,10,2,0,20.6,779.7
2025-08-27 11:00,11,2,0,21.2,818.6
2025-08-27 12:00,12,2,0,20.8,854.9
2025-08-27 13:00,13,2,0,21.8,882.1
2025-08-27 14:00,14,2,0,21.5,913.5
2025-08-27 15:00,15,2,0,21.5,956.2
2025-08-27 16:00,16,2,0,21.1,972.6
2025-08-27 17:00,17,2,0,20.4,935.4
2025-08-27 18:00,18,2,0,20.6,874.8
2025-08-27 19:00,19,2,0,20.1,782.4
2025-08-27 20:00,20,2,0,18.1,697.7
2025-08-27 21:00,21,2,0,18.8,588.4
2025-08-27 22:00,22,2,0,17.8,511.1
2025-08-27 23:00,23,2,0,17.6,457.9
2025-08-28 00:00,0,3,0,17.3,431.9
2025-08-28 01:00,1,3,0,16.7,458.8
2025-08-28 02:00,2,3,0,15.5,510.3
2025-08-28 03:00,3,3,0,14.1,565.0
2025-08-28 04:00,4,3,0,15.4,639.1
2025-08-28 05:00,5,3,0,14.9,679.8
2025-08-28 06:00,6,3,0,16.2,720.7
2025-08-28 07:00,7,3,0,16.0,739.8
2025-08-28 08:00,8,3,0,16.3,757.8
2025-08-28 09:00,9,3,0,18.0,752.0
2025-08-28 10:00,10,3,0,18.6,782.2
2025-08-28 11:00,11,3,0,19.6,803.6
2025-08-28 12:00,12,3,0,20.1,847.0
2025-08-28 13:00,13,3,0,20.1,890.1
2025-08-28 14:00,14,3,0,21.2,931.3
2025-08-28 15:00,15,3,0,21.5,944.8
2025-08-28 16:00,16,3,0,21.3,939.4
2025-08-28 17:00,17,3,0,20.3,909.2
2025-08-28 18:00,18,3,0,18.9,848.3
2025-08-28 19:00,19,3,0,17.8,766.0
2025-08-28 20:00,20,3,0,17.1,673.1
2025-08-28 21:00,21,3,0,16.4,580.2
2025-08-28 22:00,22,3,0,15.7,482.8
2025-08-28 23:00,23,3,0,15.2,452.7
2025-08-29 00:00,0,4,0,13.3,458.2
2025-08-29 01:00,1,4,0,13.3,462.9
2025-08-29 02:00,2,4,0,12.6,503.0
2025-08-29 03:00,3,4,0,12.2,573.9
2025-08-29 04:00,4,4,0,13.2,642.6
2025-08-29 05:00,5,4,0,14.1,686.9
2025-08-29 06:00,6,4,0,14.6,725.8
2025-08-29 07:00,7,4,0,15.5,747.6
2025-08-29 08:00,8,4,0,15.9,751.5
2025-08-29 09:00,9,4,0,16.6,780.0
2025-08-29 10:00,10,4,0,18.0,802.7
2025-08-29 11:00,11,4,0,18.9,824.0
2025-08-29 12:00,12,4,0,20.4,862.6
2025-08-29 13:00,13,4,0,20.8,915.2
2025-08-29 14:00,14,4,0,21.4,944.9
2025-08-29 15:00,15,4,0,20.6,967.4
2025-08-29 16:00,16,4,0,20.5,968.4
2025-08-29 17:00,17,4,0,20.3,938.7
2025-08-29 18:00,18,4,0,19.5,874.7
2025-08-29 19:00,19,4,0,17.7,798.7
2025-08-29 20:00,20,4,0,16.9,680.3
2025-08-29 21:00,21,4,0,14.8,580.0
2025-08-29 22:00,22,4,0,13.6,505.6
2025-08-29 23:00,23,4,0,13.1,458.9
2025-08-30 00:00,0,5,1,12.2,332.1
2025-08-30 01:00,1,5,1,11.1,344.0
2025-08-30 02:00,2,5,1,11.0,375.0
2025-08-30 03:00,3,5,1,9.8,430.5
2025-08-30 04:00,4,5,1,10.7,451.5
2025-08-30 05:00,5,5,1,11.4,484.6
2025-08-30 06:00,6,5,1,10.5,520.3
2025-08-30 07:00,7,5,1,11.5,532.3
2025-08-30 08:00,8,5,1,13.2,546.1
2025-08-30 09:00,9,5,1,14.5,545.7
2025-08-30 10:00,10,5,1,15.5,555.3
2025-08-30 11:00,11,5,1,15.9,583.0
2025-08-30 12:00,12,5,1,15.9,610.6
2025-08-30 13:00,13,5,1,16.8,631.2
2025-08-30 14:00,14,5,1,17.4,671.4
2025-08-30 15:00,15,5,1,18.5,700.7
2025-08-30 16:00,16,5,1,17.7,709.5
2025-08-30 17:00,17,5,1,18.4,685.8
2025-08-30 18:00,18,5,1,18.5,654.5
2025-08-30 19:00,19,5,1,18.1,601.6
2025-08-30 20:00,20,5,1,17.4,544.0
2025-08-30 21:00,21,5,1,16.1,475.7
2025-08-30 22:00,22,5,1,14.6,403.6
2025-08-30 23:00,23,5,1,14.0,374.0
2025-08-31 00:00,0,6,0,12.7,403.9
2025-08-31 01:00,1,6,0,12.4,411.3
2025-08-31 02:00,2,6,0,13.1,428.6
2025-08-31 03:00,3,6,0,14.0,453.9
2025-08-31 04:00,4,6,0,15.0,514.1
2025-08-31 05:00,5,6,0,15.6,574.2
2025-08-31 06:00,6,6,0,16.2,611.3
2025-08-31 07:00,7,6,0,17.8,623.4
2025-08-31 08:00,8,6,0,19.5,650.4
2025-08-31 09:00,9,6,0,20.0,668.5
2025-08-31 10:00,10,6,0,20.5,669.3
2025-08-31 11:00,11,6,0,21.5,703.7
2025-08-31 12:00,12,6,0,22.5,733.4
2025-08-31 13:00,13,6,0,22.6,747.0
2025-08-31 14:00,14,6,0,21.9,772.6
2025-08-31 15:00,15,6,0,21.9,826.9
2025-08-31 16:00,16,6,0,21.6,817.0
2025-08-31 17:00,17,6,0,21.5,792.6
2025-08-31 18:00,18,6,0,20.2,728.1
2025-08-31 19:00,19,6,0,19.7,642.1
2025-08-31 20:00,20,6,0,18.6,552.0
2025-08-31 21:00,21,6,0,17.8,471.0
2025-08-31 22:00,22,6,0,17.8,387.6
2025-08-31 23:00,23,6,0,17.2,360.5
2025-09-01 00:00,0,0,0,16.3,418.7
2025-09-01 01:00,1,0,0,16.3,436.6
2025-09-01 02:00,2,0,0,15.1,474.5
2025-09-01 03:00,3,0,0,14.7,531.7
2025-09-01 04:00,4,0,0,14.9,595.6
2025-09-01 05:00,5,0,0,15.2,633.2
2025-09-01 06:00,6,0,0,15.5,677.0
2025-09-01 07:00,7,0,0,17.5,695.5
2025-09-01 08:00,8,0,0,18.7,715.0
2025-09-01 09:00,9,0,0,20.1,733.2
2025-09-01 10:00,10,0,0,21.2,768.7
2025-09-01 11:00,11,0,0,21.2,799.7
2025-09-01 12:00,12,0,0,22.6,847.6
2025-09-01 13:00,13,0,0,23.6,891.2
2025-09-01 14:00,14,0,0,24.0,935.1
2025-09-01 15:00,15,0,0,23.9,955.9
2025-09-01 16:00,16,0,0,23.9,945.6
2025-09-01 17:00,17,0,0,22.5,925.7
2025-09-01 18:00,18,0,0,22.7,874.0
2025-09-01 19:00,19,0,0,21.6,786.0
2025-09-01 20:00,20,0,0,20.8,686.5
2025-09-01 21:00,21,0,0,19.9,571.9
2025-09-01 22:00,22,0,0,18.1,469.4
2025-09-01 23:00,23,0,0,17.3,421.9
2025-09-02 00:00,0,1,0,16.3,420.4
2025-09-02 01:00,1,1,0,15.7,456.6
2025-09-02 02:00,2,1,0,15.6,498.1
2025-09-02 03:00,3,1,0,14.9,553.7
2025-09-02 04:00,4,1,0,14.3,619.0
2025-09-02 05:00,5,1,0,14.7,662.3
2025-09-02 06:00,6,1,0,16.0,707.2
2025-09-02 07:00,7,1,0,17.3,719.8
2025-09-02 08:00,8,1,0,18.7,748.0
2025-09-02 09:00,9,1,0,19.2,741.3
2025-09-02 10:00,10,1,0,19.5,778.8
2025-09-02 11:00,11,1,0,20.9,796.8
2025-09-02 12:00,12,1,0,22.3,827.7
2025-09-02 13:00,13,1,0,23.0,876.5
2025-09-02 14:00,14,1,0,23.5,929.0
2025-09-02 15:00,15,1,0,23.5,957.0
2025-09-02 16:00,16,1,0,22.4,950.3
2025-09-02 17:00,17,1,0,22.3,933.6
2025-09-02 18:00,18,1,0,22.1,878.0
2025-09-02 19:00,19,1,0,21.6,797.4
2025-09-02 20:00,20,1,0,20.7,696.2
2025-09-02 21:00,21,1,0,20.3,595.5
2025-09-02 22:00,22,1,0,18.6,521.6
2025-09-02 23:00,23,1,0,16.7,487.1
2025-09-03 00:00,0,2,0,16.3,474.4
2025-09-03 01:00,1,2,0,15.7,489.4
2025-09-03 02:00,2,2,0,15.8,513.1
2025-09-03 03:00,3,2,0,15.7,548.2
2025-09-03 04:00,4,2,0,16.2,611.2
2025-09-03 05:00,5,2,0,17.4,663.2
2025-09-03 06:00,6,2,0,18.1,706.2
2025-09-03 07:00,7,2,0,18.1,730.5
2025-09-03 08:00,8,2,0,20.4,734.0
2025-09-03 09:00,9,2,0,21.4,742.4
2025-09-03 10:00,10,2,0,22.9,764.5
2025-09-03 11:00,11,2,0,23.8,805.1
2025-09-03 12:00,12,2,0,24.1,844.8
2025-09-03 13:00,13,2,0,24.5,885.4
2025-09-03 14:00,14,2,0,23.2,934.6
2025-09-03 15:00,15,2,0,23.6,964.5
2025-09-03 16:00,16,2,0,23.1,962.2
2025-09-03 17:00,17,2,0,23.8,934.4
2025-09-03 18:00,18,2,0,23.5,866.2
2025-09-03 19:00,19,2,0,23.5,787.4
2025-09-03 20:00,20,2,0,22.9,676.6
2025-09-03 21:00,21,2,0,21.4,585.6
2025-09-03 22:00,22,2,0,20.4,514.1
2025-09-03 23:00,23,2,0,20.1,460.7
2025-09-04 00:00,0,3,0,19.0,428.2
2025-09-04 01:00,1,3,0,18.5,461.0
2025-09-04 02:00,2,3,0,18.1,501.2
2025-09-04 03:00,3,3,0,18.2,552.9
2025-09-04 04:00,4,3,0,18.3,639.9
2025-09-04 05:00,5,3,0,19.5,678.1
2025-09-04 06:00,6,3,0,20.6,714.3
2025-09-04 07:00,7,3,0,21.5,750.9
2025-09-04 08:00,8,3,0,22.6,778.4
2025-09-04 09:00,9,3,0,23.2,791.7
2025-09-04 10:00,10,3,0,24.2,833.3
2025-09-04 11:00,11,3,0,25.3,891.9
2025-09-04 12:00,12,3,0,26.3,923.8
2025-09-04 13:00,13,3,0,25.7,955.1
2025-09-04 14:00,14,3,0,25.7,1009.5
2025-09-04 15:00,15,3,0,25.1,1019.0
2025-09-04 16:00,16,3,0,26.3,1049.4
2025-09-04 17:00,17,3,0,26.6,1008.1
2025-09-04 18:00,18,3,0,26.3,940.7
2025-09-04 19:00,19,3,0,25.0,820.6
2025-09-04 20:00,20,3,0,23.9,711.6
2025-09-04 21:00,21,3,0,23.1,609.0
2025-09-04 22:00,22,3,0,22.8,529.6
2025-09-04 23:00,23,3,0,21.1,483.1
2025-09-05 00:00,0,4,0,19.5,441.6
2025-09-05 01:00,1,4,0,18.1,464.9
2025-09-05 02:00,2,4,0,17.0,511.9
2025-09-05 03:00,3,4,0,16.5,561.7
2025-09-05 04:00,4,4,0,16.5,638.7
2025-09-05 05:00,5,4,0,17.5,675.5
2025-09-05 06:00,6,4,0,17.7,736.8
2025-09-05 07:00,7,4,0,18.6,758.4
2025-09-05 08:00,8,4,0,19.4,786.5
2025-09-05 09:00,9,4,0,19.5,797.3
2025-09-05 10:00,10,4,0,21.2,831.7
2025-09-05 11:00,11,4,0,22.7,864.4
2025-09-05 12:00,12,4,0,23.5,885.6
2025-09-05 13:00,13,4,0,23.9,939.3
2025-09-05 14:00,14,4,0,24.3,986.2
2025-09-05 15:00,15,4,0,24.8,1004.0
2025-09-05 16:00,16,4,0,24.2,1002.0
2025-09-05 17:00,17,4,0,23.4,953.1
2025-09-05 18:00,18,4,0,23.0,873.8
2025-09-05 19:00,19,4,0,21.5,762.3
2025-09-05 20:00,20,4,0,19.7,683.7
2025-09-05 21:00,21,4,0,18.8,591.6
2025-09-05 22:00,22,4,0,17.5,483.4
2025-09-05 23:00,23,4,0,15.6,434.4
2025-09-06 00:00,0,5,0,15.4,388.7
2025-09-06 01:00,1,5,0,15.0,400.3
2025-09-06 02:00,2,5,0,13.9,460.8
2025-09-06 03:00,3,5,0,13.0,526.0
2025-09-06 04:00,4,5,0,12.7,578.9
2025-09-06 05:00,5,5,0,13.0,652.0
2025-09-06 06:00,6,5,0,14.2,671.1
2025-09-06 07:00,7,5,0,14.6,685.4
2025-09-06 08:00,8,5,0,15.7,687.4
2025-09-06 09:00,9,5,0,15.9,698.3
2025-09-06 10:00,10,5,0,17.2,712.0
2025-09-06 11:00,11,5,0,18.5,736.4
2025-09-06 12:00,12,5,0,20.3,788.9
2025-09-06 13:00,13,5,0,21.5,827.7
2025-09-06 14:00,14,5,0,21.2,866.1
2025-09-06 15:00,15,5,0,21.4,896.6
2025-09-06 16:00,16,5,0,21.8,885.6
2025-09-06 17:00,17,5,0,21.0,867.9
2025-09-06 18:00,18,5,0,20.1,810.1
2025-09-06 19:00,19,5,0,19.3,755.2
2025-09-06 20:00,20,5,0,18.4,656.5
2025-09-06 21:00,21,5,0,16.6,568.4
2025-09-06 22:00,22,5,0,15.8,479.4
2025-09-06 23:00,23,5,0,15.4,415.6
2025-09-07 00:00,0,6,0,14.3,377.6
2025-09-07 01:00,1,6,0,13.9,395.3
2025-09-07 02:00,2,6,0,13.8,436.9
2025-09-07 03:00,3,6,0,13.8,473.5
2025-09-07 04:00,4,6,0,13.6,533.8
2025-09-07 05:00,5,6,0,13.7,578.1
2025-09-07 06:00,6,6,0,15.3,598.3
2025-09-07 07:00,7,6,0,16.9,622.5
2025-09-07 08:00,8,6,0,17.0,620.2
2025-09-07 09:00,9,6,0,17.7,636.4
2025-09-07 10:00,10,6,0,19.1,643.3
2025-09-07 11:00,11,6,0,20.1,665.4
2025-09-07 12:00,12,6,0,22.3,700.5
2025-09-07 13:00,13,6,0,22.3,725.9
2025-09-07 14:00,14,6,0,23.0,766.0
2025-09-07 15:00,15,6,0,23.3,794.7
2025-09-07 16:00,16,6,0,23.3,806.0
2025-09-07 17:00,17,6,0,22.4,781.6
2025-09-07 18:00,18,6,0,21.2,724.6
2025-09-07 19:00,19,6,0,20.2,648.6
2025-09-07 20:00,20,6,0,18.0,573.6
2025-09-07 21:00,21,6,0,17.9,502.3
2025-09-07 22:00,22,6,0,17.0,416.4
2025-09-07 23:00,23,6,0,16.7,389.2
2025-09-08 00:00,0,0,0,16.0,414.4
2025-09-08 01:00,1,0,0,16.6,453.9
2025-09-08 02:00,2,0,0,16.3,514.2
2025-09-08 03:00,3,0,0,16.3,555.8
2025-09-08 04:00,4,0,0,17.4,624.0
2025-09-08 05:00,5,0,0,18.2,674.9
2025-09-08 06:00,6,0,0,20.3,720.4
2025-09-08 07:00,7,0,0,21.1,751.4
2025-09-08 08:00,8,0,0,22.1,754.9
2025-09-08 09:00,9,0,0,23.5,783.0
2025-09-08 10:00,10,0,0,24.5,815.4
2025-09-08 11:00,11,0,0,25.5,840.4
2025-09-08 12:00,12,0,0,26.6,888.4
2025-09-08 13:00,13,0,0,26.4,939.5
2025-09-08 14:00,14,0,0,26.7,973.1
2025-09-08 15:00,15,0,0,27.1,1016.3
2025-09-08 16:00,16,0,0,26.3,994.8
2025-09-08 17:00,17,0,0,25.1,958.7
2025-09-08 18:00,18,0,0,23.0,882.5
2025-09-08 19:00,19,0,0,21.9,774.1
2025-09-08 20:00,20,0,0,20.6,669.2
2025-09-08 21:00,21,0,0,19.3,584.7
2025-09-08 22:00,22,0,0,19.1,509.1
2025-09-08 23:00,23,0,0,19.3,460.4
2025-09-09 00:00,0,1,0,17.7,447.5
2025-09-09 01:00,1,1,0,16.4,458.0
2025-09-09 02:00,2,1,0,16.1,511.4
2025-09-09 03:00,3,1,0,16.3,552.9
2025-09-09 04:00,4,1,0,15.8,601.8
2025-09-09 05:00,5,1,0,15.9,664.0
2025-09-09 06:00,6,1,0,16.6,710.0
2025-09-09 07:00,7,1,0,16.4,746.6
2025-09-09 08:00,8,1,0,16.8,771.9
2025-09-09 09:00,9,1,0,18.1,778.2
2025-09-09 10:00,10,1,0,19.6,777.0
2025-09-09 11:00,11,1,0,20.5,820.5
2025-09-09 12:00,12,1,0,21.1,869.9
2025-09-09 13:00,13,1,0,22.3,909.2
2025-09-09 14:00,14,1,0,22.6,934.4
2025-09-09 15:00,15,1,0,21.9,962.5
2025-09-09 16:00,16,1,0,22.0,958.8
2025-09-09 17:00,17,1,0,22.3,949.8
2025-09-09 18:00,18,1,0,21.9,880.6
2025-09-09 19:00,19,1,0,20.8,813.8
2025-09-09 20:00,20,1,0,19.6,698.6
2025-09-09 21:00,21,1,0,17.7,589.1
2025-09-09 22:00,22,1,0,16.0,529.4
2025-09-09 23:00,23,1,0,14.7,459.7
2025-09-10 00:00,0,2,0,13.6,452.5
2025-09-10 01:00,1,2,0,12.6,468.5
2025-09-10 02:00,2,2,0,12.2,511.4
2025-09-10 03:00,3,2,0,12.1,554.7
2025-09-10 04:00,4,2,0,12.4,632.8
2025-09-10 05:00,5,2,0,11.9,687.5
2025-09-10 06:00,6,2,0,13.1,726.6
2025-09-10 07:00,7,2,0,15.1,744.8
2025-09-10 08:00,8,2,0,16.2,750.5
2025-09-10 09:00,9,2,0,17.8,759.9
2025-09-10 10:00,10,2,0,19.0,775.3
2025-09-10 11:00,11,2,0,18.9,816.2
2025-09-10 12:00,12,2,0,20.4,850.9
2025-09-10 13:00,13,2,0,21.0,889.9
2025-09-10 14:00,14,2,0,20.5,922.8
2025-09-10 15:00,15,2,0,19.6,954.3
2025-09-10 16:00,16,2,0,20.0,964.2
2025-09-10 17:00,17,2,0,20.0,936.1
2025-09-10 18:00,18,2,0,19.1,870.4
2025-09-10 19:00,19,2,0,17.9,782.3
2025-09-10 20:00,20,2,0,17.5,690.3
2025-09-10 21:00,21,2,0,16.5,602.4
2025-09-10 22:00,22,2,0,15.1,524.6
2025-09-10 23:00,23,2,0,13.6,494.2
2025-09-11 00:00,0,3,0,12.6,482.7
2025-09-11 01:00,1,3,0,11.0,535.6
2025-09-11 02:00,2,3,0,11.3,556.9
2025-09-11 03:00,3,3,0,11.2,606.4
2025-09-11 04:00,4,3,0,11.5,672.6
2025-09-11 05:00,5,3,0,11.4,720.4
2025-09-11 06:00,6,3,0,12.1,743.5
2025-09-11 07:00,7,3,0,12.5,759.8
2025-09-11 08:00,8,3,0,13.4,765.4
2025-09-11 09:00,9,3,0,13.7,785.9
2025-09-11 10:00,10,3,0,14.8,788.3
2025-09-11 11:00,11,3,0,15.5,826.8
2025-09-11 12:00,12,3,0,16.2,854.3
2025-09-11 13:00,13,3,0,16.5,902.7
2025-09-11 14:00,14,3,0,16.1,926.2
2025-09-11 15:00,15,3,0,17.4,939.7
2025-09-11 16:00,16,3,0,16.4,947.2
2025-09-11 17:00,17,3,0,15.1,910.3
2025-09-11 18:00,18,3,0,13.8,869.1
2025-09-11 19:00,19,3,0,13.9,778.6
2025-09-11 20:00,20,3,0,13.4,674.0
2025-09-11 21:00,21,3,0,12.1,579.5
2025-09-11 22:00,22,3,0,10.9,502.6
2025-09-11 23:00,23,3,0,10.8,461.1
2025-09-12 00:00,0,4,0,9.9,446.7
2025-09-12 01:00,1,4,0,8.9,456.3
2025-09-12 02:00,2,4,0,8.1,527.0
2025-09-12 03:00,3,4,0,9.1,584.6
2025-09-12 04:00,4,4,0,8.5,648.4
2025-09-12 05:00,5,4,0,10.3,684.1
2025-09-12 06:00,6,4,0,11.1,718.6
2025-09-12 07:00,7,4,0,13.5,731.8
2025-09-12 08:00,8,4,0,14.6,723.0
2025-09-12 09:00,9,4,0,15.4,757.6
2025-09-12 10:00,10,4,0,15.5,774.2
2025-09-12 11:00,11,4,0,15.3,811.1
2025-09-12 12:00,12,4,0,16.0,841.7
2025-09-12 13:00,13,4,0,16.2,882.5
2025-09-12 14:00,14,4,0,16.3,922.1
2025-09-12 15:00,15,4,0,16.0,959.9
2025-09-12 16:00,16,4,0,15.7,954.0
2025-09-12 17:00,17,4,0,14.7,924.5
2025-09-12 18:00,18,4,0,15.1,863.5
2025-09-12 19:00,19,4,0,14.6,794.1
2025-09-12 20:00,20,4,0,14.6,696.8
2025-09-12 21:00,21,4,0,13.8,599.0
2025-09-12 22:00,22,4,0,12.5,536.7
2025-09-12 23:00,23,4,0,12.2,491.7
2025-09-13 00:00,0,5,0,12.3,416.6
2025-09-13 01:00,1,5,0,11.7,441.4
2025-09-13 02:00,2,5,0,11.7,471.4
2025-09-13 03:00,3,5,0,11.9,515.9
2025-09-13 04:00,4,5,0,12.1,594.7
2025-09-13 05:00,5,5,0,13.2,627.6
2025-09-13 06:00,6,5,0,14.2,665.0
2025-09-13 07:00,7,5,0,15.8,671.6
2025-09-13 08:00,8,5,0,16.1,702.3
2025-09-13 09:00,9,5,0,16.8,693.2
2025-09-13 10:00,10,5,0,18.6,708.3
2025-09-13 11:00,11,5,0,19.4,725.1
2025-09-13 12:00,12,5,0,20.5,776.0
2025-09-13 13:00,13,5,0,20.5,799.4
2025-09-13 14:00,14,5,0,21.3,823.1
2025-09-13 15:00,15,5,0,22.2,857.6
2025-09-13 16:00,16,5,0,21.6,852.3
2025-09-13 17:00,17,5,0,21.6,834.3
2025-09-13 18:00,18,5,0,21.1,790.7
2025-09-13 19:00,19,5,0,20.3,709.3
2025-09-13 20:00,20,5,0,18.6,631.3
2025-09-13 21:00,21,5,0,17.9,528.3
2025-09-13 22:00,22,5,0,17.3,448.9
2025-09-13 23:00,23,5,0,16.4,404.3
2025-09-14 00:00,0,6,0,14.8,351.6
2025-09-14 01:00,1,6,0,14.8,390.0
2025-09-14 02:00,2,6,0,14.6,429.3
2025-09-14 03:00,3,6,0,14.3,473.8
2025-09-14 04:00,4,6,0,14.9,537.7
2025-09-14 05:00,5,6,0,15.0,579.9
2025-09-14 06:00,6,6,0,15.7,606.9
2025-09-14 07:00,7,6,0,16.7,625.0
2025-09-14 08:00,8,6,0,17.9,637.6
2025-09-14 09:00,9,6,0,18.4,646.1
2025-09-14 10:00,10,6,0,19.3,654.6
2025-09-14 11:00,11,6,0,20.4,668.8
2025-09-14 12:00,12,6,0,21.4,708.1
2025-09-14 13:00,13,6,0,22.3,735.2
2025-09-14 14:00,14,6,0,22.6,773.6
2025-09-14 15:00,15,6,0,23.3,797.6
2025-09-14 16:00,16,6,0,23.0,793.0
2025-09-14 17:00,17,6,0,22.0,773.0
2025-09-14 18:00,18,6,0,21.6,732.9
2025-09-14 19:00,19,6,0,20.3,657.6
2025-09-14 20:00,20,6,0,18.9,579.5
2025-09-14 21:00,21,6,0,19.2,506.8
2025-09-14 22:00,22,6,0,18.2,446.5
2025-09-14 23:00,23,6,0,17.3,397.5
2025-09-15 00:00,0,0,0,17.0,455.0
2025-09-15 01:00,1,0,0,15.7,479.9
2025-09-15 02:00,2,0,0,14.7,530.3
2025-09-15 03:00,3,0,0,15.8,583.7
2025-09-15 04:00,4,0,0,15.8,640.6
2025-09-15 05:00,5,0,0,15.9,688.0
2025-09-15 06:00,6,0,0,17.0,734.7
2025-09-15 07:00,7,0,0,16.5,749.6
2025-09-15 08:00,8,0,0,17.6,755.8
2025-09-15 09:00,9,0,0,18.4,779.6
2025-09-15 10:00,10,0,0,20.0,795.5
2025-09-15 11:00,11,0,0,21.4,810.9
2025-09-15 12:00,12,0,0,22.6,868.8
2025-09-15 13:00,13,0,0,24.0,908.3
2025-09-15 14:00,14,0,0,24.5,965.1
2025-09-15 15:00,15,0,0,24.0,972.0
2025-09-15 16:00,16,0,0,24.3,978.9
2025-09-15 17:00,17,0,0,24.2,952.0
2025-09-15 18:00,18,0,0,24.3,884.7
2025-09-15 19:00,19,0,0,23.7,786.8
2025-09-15 20:00,20,0,0,22.8,691.0
2025-09-15 21:00,21,0,0,22.7,582.6
2025-09-15 22:00,22,0,0,20.9,487.5
2025-09-15 23:00,23,0,0,20.1,446.7
2025-09-16 00:00,0,1,0,18.6,428.4
2025-09-16 01:00,1,1,0,17.2,459.7
2025-09-16 02:00,2,1,0,16.8,498.9
2025-09-16 03:00,3,1,0,16.5,567.7
2025-09-16 04:00,4,1,0,15.4,621.1
2025-09-16 05:00,5,1,0,16.2,665.0
2025-09-16 06:00,6,1,0,16.6,718.4
2025-09-16 07:00,7,1,0,17.8,739.0
2025-09-16 08:00,8,1,0,19.7,739.7
2025-09-16 09:00,9,1,0,20.6,739.8
2025-09-16 10:00,10,1,0,21.1,770.6
2025-09-16 11:00,11,1,0,22.1,794.7
2025-09-16 12:00,12,1,0,22.2,851.1
2025-09-16 13:00,13,1,0,22.5,889.0
2025-09-16 14:00,14,1,0,23.2,946.8
2025-09-16 15:00,15,1,0,23.4,966.3
2025-09-16 16:00,16,1,0,23.3,986.8
2025-09-16 17:00,17,1,0,22.2,943.0
2025-09-16 18:00,18,1,0,22.3,867.4
2025-09-16 19:00,19,1,0,19.2,782.0
2025-09-16 20:00,20,1,0,18.2,678.1
2025-09-16 21:00,21,1,0,16.9,574.9
2025-09-16 22:00,22,1,0,15.3,494.5
2025-09-16 23:00,23,1,0,14.5,456.3
2025-09-17 00:00,0,2,0,13.2,450.9
2025-09-17 01:00,1,2,0,11.9,483.0
2025-09-17 02:00,2,2,0,11.2,522.3
2025-09-17 03:00,3,2,0,11.6,575.0
2025-09-17 04:00,4,2,0,12.2,645.5
2025-09-17 05:00,5,2,0,12.9,681.3
2025-09-17 06:00,6,2,0,13.1,709.5
2025-09-17 07:00,7,2,0,13.7,724.6
2025-09-17 08:00,8,2,0,15.3,750.7
2025-09-17 09:00,9,2,0,15.9,786.6
2025-09-17 10:00,10,2,0,17.3,788.7
2025-09-17 11:00,11,2,0,17.9,822.7
2025-09-17 12:00,12,2,0,19.0,863.6
2025-09-17 13:00,13,2,0,19.6,904.3
2025-09-17 14:00,14,2,0,19.7,929.0
2025-09-17 15:00,15,2,0,20.0,952.2
2025-09-17 16:00,16,2,0,21.0,946.1
2025-09-17 17:00,17,2,0,20.9,935.8
2025-09-17 18:00,18,2,0,20.9,880.2
2025-09-17 19:00,19,2,0,20.0,790.2
2025-09-17 20:00,20,2,0,19.3,688.9
2025-09-17 21:00,21,2,0,18.7,590.3
2025-09-17 22:00,22,2,0,17.1,506.3
2025-09-17 23:00,23,2,0,16.2,449.1
2025-09-18 00:00,0,3,0,14.3,458.9
2025-09-18 01:00,1,3,0,13.6,479.7
2025-09-18 02:00,2,3,0,14.0,513.4
2025-09-18 03:00,3,3,0,13.7,548.0
2025-09-18 04:00,4,3,0,14.5,631.7
2025-09-18 05:00,5,3,0,13.8,676.5
2025-09-18 06:00,6,3,0,15.0,705.8
2025-09-18 07:00,7,3,0,16.1,745.1
2025-09-18 08:00,8,3,0,16.8,757.6
2025-09-18 09:00,9,3,0,17.8,775.0
2025-09-18 10:00,10,3,0,18.2,780.8
2025-09-18 11:00,11,3,0,19.2,821.2
2025-09-18 12:00,12,3,0,19.5,855.8
2025-09-18 13:00,13,3,0,20.2,867.0
2025-09-18 14:00,14,3,0,21.9,924.6
2025-09-18 15:00,15,3,0,21.8,938.2
2025-09-18 16:00,16,3,0,21.3,961.2
2025-09-18 17:00,17,3,0,20.8,941.7
2025-09-18 18:00,18,3,0,20.8,884.1
2025-09-18 19:00,19,3,0,20.1,789.3
2025-09-18 20:00,20,3,0,19.0,693.2
2025-09-18 21:00,21,3,0,17.4,601.8
2025-09-18 22:00,22,3,0,16.4,508.1
2025-09-18 23:00,23,3,0,15.2,441.5
2025-09-19 00:00,0,4,0,14.8,446.4
2025-09-19 01:00,1,4,0,13.4,479.0
2025-09-19 02:00,2,4,0,13.9,523.0
2025-09-19 03:00,3,4,0,13.9,590.3
2025-09-19 04:00,4,4,0,15.0,644.9
2025-09-19 05:00,5,4,0,14.6,689.2
2025-09-19 06:00,6,4,0,15.0,711.3
2025-09-19 07:00,7,4,0,17.1,737.6
2025-09-19 08:00,8,4,0,18.4,739.1
2025-09-19 09:00,9,4,0,18.6,761.1
2025-09-19 10:00,10,4,0,19.1,775.9
2025-09-19 11:00,11,4,0,19.5,788.5
2025-09-19 12:00,12,4,0,19.3,840.0
2025-09-19 13:00,13,4,0,20.5,879.0
2025-09-19 14:00,14,4,0,20.6,929.0
2025-09-19 15:00,15,4,0,20.0,949.3
2025-09-19 16:00,16,4,0,20.1,948.3
2025-09-19 17:00,17,4,0,20.3,917.4
2025-09-19 18:00,18,4,0,19.8,862.1
2025-09-19 19:00,19,4,0,17.7,786.6
2025-09-19 20:00,20,4,0,15.8,686.6
2025-09-19 21:00,21,4,0,14.6,605.0
2025-09-19 22:00,22,4,0,13.3,526.8
2025-09-19 23:00,23,4,0,12.2,494.1
2025-09-20 00:00,0,5,0,11.4,450.4
2025-09-20 01:00,1,5,0,10.8,471.4
2025-09-20 02:00,2,5,0,10.6,505.4
2025-09-20 03:00,3,5,0,9.9,564.4
2025-09-20 04:00,4,5,0,10.6,607.0
2025-09-20 05:00,5,5,0,10.8,660.2
2025-09-20 06:00,6,5,0,11.3,701.0
2025-09-20 07:00,7,5,0,12.8,699.8
2025-09-20 08:00,8,5,0,13.7,697.8
2025-09-20 09:00,9,5,0,13.9,706.8
2025-09-20 10:00,10,5,0,15.3,708.6
2025-09-20 11:00,11,5,0,17.2,731.2
2025-09-20 12:00,12,5,0,18.2,783.5
2025-09-20 13:00,13,5,0,19.2,824.6
2025-09-20 14:00,14,5,0,19.7,857.3
2025-09-20 15:00,15,5,0,20.9,877.8
2025-09-20 16:00,16,5,0,20.2,867.0
2025-09-20 17:00,17,5,0,19.7,833.6
2025-09-20 18:00,18,5,0,19.7,798.2
2025-09-20 19:00,19,5,0,18.5,721.6
2025-09-20 20:00,20,5,0,18.2,642.6
2025-09-20 21:00,21,5,0,17.6,529.0
2025-09-20 22:00,22,5,0,16.4,454.3
2025-09-20 23:00,23,5,0,15.8,427.6
2025-09-21 00:00,0,6,0,15.4,399.4
2025-09-21 01:00,1,6,0,14.3,414.6
2025-09-21 02:00,2,6,0,14.4,458.6
2025-09-21 03:00,3,6,0,13.9,498.7
2025-09-21 04:00,4,6,0,13.7,553.3
2025-09-21 05:00,5,6,0,14.9,592.6
2025-09-21 06:00,6,6,0,15.7,609.8
2025-09-21 07:00,7,6,0,15.6,616.9
2025-09-21 08:00,8,6,0,16.3,632.8
2025-09-21 09:00,9,6,0,17.2,652.8
2025-09-21 10:00,10,6,0,18.1,673.2
2025-09-21 11:00,11,6,0,18.6,697.2
2025-09-21 12:00,12,6,0,19.3,732.1
2025-09-21 13:00,13,6,0,20.7,760.3
2025-09-21 14:00,14,6,0,21.7,795.8
2025-09-21 15:00,15,6,0,21.0,808.0
2025-09-21 16:00,16,6,0,20.9,810.8
2025-09-21 17:00,17,6,0,21.9,777.2
2025-09-21 18:00,18,6,0,21.7,719.4
2025-09-21 19:00,19,6,0,21.3,660.7
2025-09-21 20:00,20,6,0,20.5,582.3
2025-09-21 21:00,21,6,0,19.5,510.1
2025-09-21 22:00,22,6,0,19.1,441.3
2025-09-21 23:00,23,6,0,16.9,406.0
2025-09-22 00:00,0,0,0,16.2,459.6
2025-09-22 01:00,1,0,0,15.8,463.7
2025-09-22 02:00,2,0,0,14.4,516.5
2025-09-22 03:00,3,0,0,14.4,567.7
2025-09-22 04:00,4,0,0,13.8,643.5
2025-09-22 05:00,5,0,0,14.2,676.4
2025-09-22 06:00,6,0,0,15.1,709.7
2025-09-22 07:00,7,0,0,16.8,730.3
2025-09-22 08:00,8,0,0,17.2,743.8
2025-09-22 09:00,9,0,0,18.5,769.6
2025-09-22 10:00,10,0,0,19.6,792.9
2025-09-22 11:00,11,0,0,20.2,824.4
2025-09-22 12:00,12,0,0,20.4,870.4
2025-09-22 13:00,13,0,0,20.4,920.8
2025-09-22 14:00,14,0,0,20.8,946.2
2025-09-22 15:00,15,0,0,21.0,977.5
2025-09-22 16:00,16,0,0,20.6,979.1
2025-09-22 17:00,17,0,0,20.9,944.5
2025-09-22 18:00,18,0,0,20.4,882.8
2025-09-22 19:00,19,0,0,19.4,792.3
2025-09-22 20:00,20,0,0,17.8,691.6
2025-09-22 21:00,21,0,0,17.2,588.6
2025-09-22 22:00,22,0,0,15.0,498.6
2025-09-22 23:00,23,0,0,14.1,463.8
2025-09-23 00:00,0,1,0,14.2,461.8
2025-09-23 01:00,1,1,0,13.1,489.1
2025-09-23 02:00,2,1,0,13.0,538.8
2025-09-23 03:00,3,1,0,12.5,591.3
2025-09-23 04:00,4,1,0,12.8,646.8
2025-09-23 05:00,5,1,0,13.4,703.9
2025-09-23 06:00,6,1,0,14.3,747.1
2025-09-23 07:00,7,1,0,14.8,764.4
2025-09-23 08:00,8,1,0,15.5,793.8
2025-09-23 09:00,9,1,0,16.6,788.6
2025-09-23 10:00,10,1,0,17.7,789.1
2025-09-23 11:00,11,1,0,18.6,824.3
2025-09-23 12:00,12,1,0,19.6,873.3
2025-09-23 13:00,13,1,0,20.0,913.5
2025-09-23 14:00,14,1,0,19.2,936.2
2025-09-23 15:00,15,1,0,19.3,949.3
2025-09-23 16:00,16,1,0,18.8,959.1
2025-09-23 17:00,17,1,0,18.9,925.8
2025-09-23 18:00,18,1,0,16.5,868.0
2025-09-23 19:00,19,1,0,16.0,778.1
2025-09-23 20:00,20,1,0,15.3,670.5
2025-09-23 21:00,21,1,0,13.8,598.1
2025-09-23 22:00,22,1,0,11.9,525.8
2025-09-23 23:00,23,1,0,11.1,478.6
2025-09-24 00:00,0,2,0,9.9,475.9
2025-09-24 01:00,1,2,0,8.2,510.0
2025-09-24 02:00,2,2,0,7.0,536.6
2025-09-24 03:00,3,2,0,6.8,597.0
2025-09-24 04:00,4,2,0,6.5,672.4
2025-09-24 05:00,5,2,0,8.7,716.3
2025-09-24 06:00,6,2,0,10.1,748.3
2025-09-24 07:00,7,2,0,11.0,754.5
2025-09-24 08:00,8,2,0,12.7,754.7
2025-09-24 09:00,9,2,0,13.6,755.5
2025-09-24 10:00,10,2,0,16.0,759.0
2025-09-24 11:00,11,2,0,17.6,804.8
2025-09-24 12:00,12,2,0,18.3,846.5
2025-09-24 13:00,13,2,0,18.1,887.5
2025-09-24 14:00,14,2,0,18.8,955.3
2025-09-24 15:00,15,2,0,17.7,978.5
2025-09-24 16:00,16,2,0,18.1,964.4
2025-09-24 17:00,17,2,0,17.2,944.8
2025-09-24 18:00,18,2,0,18.2,868.1
2025-09-24 19:00,19,2,0,17.3,782.5
2025-09-24 20:00,20,2,0,15.9,685.9
2025-09-24 21:00,21,2,0,15.9,577.6
2025-09-24 22:00,22,2,0,15.0,509.5
2025-09-24 23:00,23,2,0,14.0,472.9
2025-09-25 00:00,0,3,0,11.9,466.3
2025-09-25 01:00,1,3,0,10.9,492.6
2025-09-25 02:00,2,3,0,10.8,540.4
2025-09-25 03:00,3,3,0,11.6,595.8
2025-09-25 04:00,4,3,0,12.4,632.9
2025-09-25 05:00,5,3,0,12.9,688.2
2025-09-25 06:00,6,3,0,13.7,733.4
2025-09-25 07:00,7,3,0,15.1,750.7
2025-09-25 08:00,8,3,0,16.2,764.3
2025-09-25 09:00,9,3,0,17.0,767.1
2025-09-25 10:00,10,3,0,17.2,760.5
2025-09-25 11:00,11,3,0,18.2,811.7
2025-09-25 12:00,12,3,0,18.6,854.4
2025-09-25 13:00,13,3,0,18.9,898.6
2025-09-25 14:00,14,3,0,19.1,940.8
2025-09-25 15:00,15,3,0,18.6,968.6
2025-09-25 16:00,16,3,0,19.2,964.6
2025-09-25 17:00,17,3,0,19.0,935.6
2025-09-25 18:00,18,3,0,18.4,878.2
2025-09-25 19:00,19,3,0,16.5,788.3
2025-09-25 20:00,20,3,0,15.7,682.9
2025-09-25 21:00,21,3,0,15.0,592.2
2025-09-25 22:00,22,3,0,12.9,524.7
2025-09-25 23:00,23,3,0,11.1,487.1
2025-09-26 00:00,0,4,0,10.0,481.7
2025-09-26 01:00,1,4,0,10.1,501.0
2025-09-26 02:00,2,4,0,11.5,546.5
2025-09-26 03:00,3,4,0,12.1,584.6
2025-09-26 04:00,4,4,0,11.8,669.7
2025-09-26 05:00,5,4,0,12.2,727.8
2025-09-26 06:00,6,4,0,14.3,752.7
2025-09-26 07:00,7,4,0,15.5,767.2
2025-09-26 08:00,8,4,0,16.8,789.8
2025-09-26 09:00,9,4,0,18.1,788.6
2025-09-26 10:00,10,4,0,18.8,788.1
2025-09-26 11:00,11,4,0,18.4,817.4
2025-09-26 12:00,12,4,0,18.5,856.4
2025-09-26 13:00,13,4,0,18.8,904.3
2025-09-26 14:00,14,4,0,19.5,951.9
2025-09-26 15:00,15,4,0,20.0,982.4
2025-09-26 16:00,16,4,0,20.0,994.2
2025-09-26 17:00,17,4,0,19.3,976.8
2025-09-26 18:00,18,4,0,19.5,889.1
2025-09-26 19:00,19,4,0,19.0,798.8
2025-09-26 20:00,20,4,0,18.2,678.0
2025-09-26 21:00,21,4,0,16.7,591.2
2025-09-26 22:00,22,4,0,15.8,510.5
2025-09-26 23:00,23,4,0,15.2,464.8
2025-09-27 00:00,0,5,0,14.7,421.7
2025-09-27 01:00,1,5,0,13.9,433.2
2025-09-27 02:00,2,5,0,13.8,465.3
2025-09-27 03:00,3,5,0,13.6,518.8
2025-09-27 04:00,4,5,0,14.1,581.6
2025-09-27 05:00,5,5,0,14.3,638.7
2025-09-27 06:00,6,5,0,16.1,667.2
2025-09-27 07:00,7,5,0,17.9,680.7
2025-09-27 08:00,8,5,0,18.1,708.0
2025-09-27 09:00,9,5,0,19.2,705.4
2025-09-27 10:00,10,5,0,20.5,708.1
2025-09-27 11:00,11,5,0,21.9,723.2
2025-09-27 12:00,12,5,0,21.8,751.4
2025-09-27 13:00,13,5,0,21.8,786.0
2025-09-27 14:00,14,5,0,22.7,854.6
2025-09-27 15:00,15,5,0,23.0,854.2
2025-09-27 16:00,16,5,0,23.7,875.4
2025-09-27 17:00,17,5,0,24.0,865.2
2025-09-27 18:00,18,5,0,22.7,778.0
2025-09-27 19:00,19,5,0,21.9,695.0
2025-09-27 20:00,20,5,0,20.5,605.1
2025-09-27 21:00,21,5,0,19.7,529.7
2025-09-27 22:00,22,5,0,19.6,452.4
2025-09-27 23:00,23,5,0,18.5,418.7
2025-09-28 00:00,0,6,0,18.0,381.0
2025-09-28 01:00,1,6,0,17.6,404.3
2025-09-28 02:00,2,6,0,17.3,426.2
2025-09-28 03:00,3,6,0,17.1,473.7
2025-09-28 04:00,4,6,0,17.1,540.4
2025-09-28 05:00,5,6,0,17.9,557.9
2025-09-28 06:00,6,6,0,18.1,603.0
2025-09-28 07:00,7,6,0,19.3,624.4
2025-09-28 08:00,8,6,0,20.2,625.7
2025-09-28 09:00,9,6,0,20.7,638.7
2025-09-28 10:00,10,6,0,21.0,646.6
2025-09-28 11:00,11,6,0,22.6,672.1
2025-09-28 12:00,12,6,0,22.5,697.0
2025-09-28 13:00,13,6,0,23.3,766.8
2025-09-28 14:00,14,6,0,25.7,832.0
2025-09-28 15:00,15,6,0,25.1,839.1
2025-09-28 16:00,16,6,0,25.1,846.8
2025-09-28 17:00,17,6,0,23.8,800.3
2025-09-28 18:00,18,6,0,23.4,752.4
2025-09-28 19:00,19,6,0,22.9,678.5
2025-09-28 20:00,20,6,0,22.0,580.7
2025-09-28 21:00,21,6,0,21.3,494.1
2025-09-28 22:00,22,6,0,19.5,433.8
2025-09-28 23:00,23,6,0,18.5,412.7
2025-09-29 00:00,0,0,0,16.7,448.5
2025-09-29 01:00,1,0,0,16.4,467.0
2025-09-29 02:00,2,0,0,15.0,499.4
2025-09-29 03:00,3,0,0,15.1,561.0
2025-09-29 04:00,4,0,0,16.0,627.4
2025-09-29 05:00,5,0,0,17.1,695.3
2025-09-29 06:00,6,0,0,17.7,740.4
2025-09-29 07:00,7,0,0,18.5,753.1
2025-09-29 08:00,8,0,0,19.0,775.3
2025-09-29 09:00,9,0,0,20.0,782.2
2025-09-29 10:00,10,0,0,20.5,786.4
2025-09-29 11:00,11,0,0,20.2,821.9
2025-09-29 12:00,12,0,0,20.6,855.6
2025-09-29 13:00,13,0,0,21.6,888.2
2025-09-29 14:00,14,0,0,21.3,923.5
2025-09-29 15:00,15,0,0,21.8,952.6
2025-09-29 16:00,16,0,0,22.9,960.0
2025-09-29 17:00,17,0,0,22.6,926.5
2025-09-29 18:00,18,0,0,22.0,877.5
2025-09-29 19:00,19,0,0,19.9,788.3
2025-09-29 20:00,20,0,0,18.6,714.6
2025-09-29 21:00,21,0,0,16.7,617.8
2025-09-29 22:00,22,0,0,16.1,543.0
2025-09-29 23:00,23,0,0,14.6,476.0
2025-09-30 00:00,0,1,0,13.5,463.7
2025-09-30 01:00,1,1,0,12.5,489.4
2025-09-30 02:00,2,1,0,12.1,544.5
2025-09-30 03:00,3,1,0,11.8,607.9
2025-09-30 04:00,4,1,0,12.4,673.9
2025-09-30 05:00,5,1,0,14.1,689.1
2025-09-30 06:00,6,1,0,15.0,721.3
2025-09-30 07:00,7,1,0,15.3,752.1
2025-09-30 08:00,8,1,0,16.0,751.6
2025-09-30 09:00,9,1,0,16.7,767.0
2025-09-30 10:00,10,1,0,17.0,803.9
2025-09-30 11:00,11,1,0,18.0,828.5
2025-09-30 12:00,12,1,0,18.3,865.6
2025-09-30 13:00,13,1,0,18.8,881.4
2025-09-30 14:00,14,1,0,19.4,930.5
2025-09-30 15:00,15,1,0,20.7,969.1
2025-09-30 16:00,16,1,0,20.5,956.2
2025-09-30 17:00,17,1,0,20.8,938.3
2025-09-30 18:00,18,1,0,20.9,874.1
2025-09-30 19:00,19,1,0,19.3,812.2
2025-09-30 20:00,20,1,0,18.3,700.3
2025-09-30 21:00,21,1,0,16.8,606.4
2025-09-30 22:00,22,1,0,16.7,512.0
2025-09-30 23:00,23,1,0,16.2,456.7
2025-10-01 00:00,0,2,0,15.4,441.2
2025-10-01 01:00,1,2,0,14.7,455.9
2025-10-01 02:00,2,2,0,13.2,524.8
2025-10-01 03:00,3,2,0,12.9,577.4
2025-10-01 04:00,4,2,0,12.5,650.9
2025-10-01 05:00,5,2,0,12.9,710.2
2025-10-01 06:00,6,2,0,12.8,735.6
2025-10-01 07:00,7,2,0,12.7,768.8
2025-10-01 08:00,8,2,0,13.0,794.1
2025-10-01 09:00,9,2,0,14.5,792.4
2025-10-01 10:00,10,2,0,15.9,799.6
2025-10-01 11:00,11,2,0,17.0,812.8
2025-10-01 12:00,12,2,0,17.9,844.8
2025-10-01 13:00,13,2,0,18.3,894.6
2025-10-01 14:00,14,2,0,19.2,946.2
2025-10-01 15:00,15,2,0,18.9,960.5
2025-10-01 16:00,16,2,0,18.7,954.4
2025-10-01 17:00,17,2,0,18.7,920.0
2025-10-01 18:00,18,2,0,18.5,868.0
2025-10-01 19:00,19,2,0,17.1,796.6
2025-10-01 20:00,20,2,0,16.0,703.4
2025-10-01 21:00,21,2,0,15.4,610.4
2025-10-01 22:00,22,2,0,14.5,503.6
2025-10-01 23:00,23,2,0,13.7,482.7
2025-10-02 00:00,0,3,0,13.2,476.7
2025-10-02 01:00,1,3,0,12.8,502.9
2025-10-02 02:00,2,3,0,11.8,561.6
2025-10-02 03:00,3,3,0,11.0,626.3
2025-10-02 04:00,4,3,0,11.3,691.7
2025-10-02 05:00,5,3,0,12.6,711.9
2025-10-02 06:00,6,3,0,13.0,751.2
2025-10-02 07:00,7,3,0,14.4,763.9
2025-10-02 08:00,8,3,0,15.3,766.0
2025-10-02 09:00,9,3,0,17.3,766.4
2025-10-02 10:00,10,3,0,17.1,788.3
2025-10-02 11:00,11,3,0,17.3,818.9
2025-10-02 12:00,12,3,0,18.9,859.6
2025-10-02 13:00,13,3,0,20.1,879.5
2025-10-02 14:00,14,3,0,20.3,924.3
2025-10-02 15:00,15,3,0,21.0,953.3
2025-10-02 16:00,16,3,0,20.6,977.6
2025-10-02 17:00,17,3,0,20.1,939.8
2025-10-02 18:00,18,3,0,19.7,866.0
2025-10-02 19:00,19,3,0,18.8,790.5
2025-10-02 20:00,20,3,0,17.6,702.7
2025-10-02 21:00,21,3,0,15.7,596.5
2025-10-02 22:00,22,3,0,13.9,524.7
2025-10-02 23:00,23,3,0,12.5,478.2
2025-10-03 00:00,0,4,0,12.4,462.3
2025-10-03 01:00,1,4,0,11.2,482.7
2025-10-03 02:00,2,4,0,11.2,526.0
2025-10-03 03:00,3,4,0,10.4,599.2
2025-10-03 04:00,4,4,0,10.8,647.1
2025-10-03 05:00,5,4,0,11.2,702.9
2025-10-03 06:00,6,4,0,11.0,752.1
2025-10-03 07:00,7,4,0,12.5,749.9
2025-10-03 08:00,8,4,0,13.1,762.7
2025-10-03 09:00,9,4,0,13.4,779.3
2025-10-03 10:00,10,4,0,14.3,790.5
2025-10-03 11:00,11,4,0,15.4,811.1
2025-10-03 12:00,12,4,0,16.6,851.5
2025-10-03 13:00,13,4,0,16.7,895.1
2025-10-03 14:00,14,4,0,16.4,924.6
2025-10-03 15:00,15,4,0,17.5,987.3
2025-10-03 16:00,16,4,0,18.2,975.9
2025-10-03 17:00,17,4,0,17.8,928.1
2025-10-03 18:00,18,4,0,17.5,869.9
2025-10-03 19:00,19,4,0,17.4,784.8
2025-10-03 20:00,20,4,0,16.3,684.0
2025-10-03 21:00,21,4,0,14.9,580.3
2025-10-03 22:00,22,4,0,14.0,528.7
2025-10-03 23:00,23,4,0,12.8,468.7
2025-10-04 00:00,0,5,0,11.6,433.0
2025-10-04 01:00,1,5,0,11.6,451.2
2025-10-04 02:00,2,5,0,12.0,482.5
2025-10-04 03:00,3,5,0,12.1,527.8
2025-10-04 04:00,4,5,0,12.7,594.6
2025-10-04 05:00,5,5,0,12.4,636.8
2025-10-04 06:00,6,5,0,13.3,678.5
2025-10-04 07:00,7,5,0,14.6,684.4
2025-10-04 08:00,8,5,0,15.8,688.1
2025-10-04 09:00,9,5,0,15.8,705.9
2025-10-04 10:00,10,5,0,16.2,709.1
2025-10-04 11:00,11,5,0,17.5,737.6
2025-10-04 12:00,12,5,0,17.3,773.6
2025-10-04 13:00,13,5,0,18.2,822.9
2025-10-04 14:00,14,5,0,18.5,868.0
2025-10-04 15:00,15,5,0,19.9,909.3
2025-10-04 16:00,16,5,0,19.3,880.7
2025-10-04 17:00,17,5,0,18.6,859.8
2025-10-04 18:00,18,5,0,18.7,783.5
2025-10-04 19:00,19,5,0,18.5,714.6
2025-10-04 20:00,20,5,0,16.9,635.3
2025-10-04 21:00,21,5,0,15.8,536.3
2025-10-04 22:00,22,5,0,14.8,467.7
2025-10-04 23:00,23,5,0,13.7,437.8
2025-10-05 00:00,0,6,0,12.7,406.6
2025-10-05 01:00,1,6,0,12.4,408.5
2025-10-05 02:00,2,6,0,10.6,463.2
2025-10-05 03:00,3,6,0,10.9,517.6
2025-10-05 04:00,4,6,0,11.0,578.9
2025-10-05 05:00,5,6,0,11.5,622.6
2025-10-05 06:00,6,6,0,12.7,644.8
2025-10-05 07:00,7,6,0,13.6,649.3
2025-10-05 08:00,8,6,0,14.4,666.4
2025-10-05 09:00,9,6,0,16.4,675.0
2025-10-05 10:00,10,6,0,16.9,705.5
2025-10-05 11:00,11,6,0,17.1,710.5
2025-10-05 12:00,12,6,0,16.3,738.9
2025-10-05 13:00,13,6,0,17.6,766.9
2025-10-05 14:00,14,6,0,17.4,793.9
2025-10-05 15:00,15,6,0,18.3,822.0
2025-10-05 16:00,16,6,0,18.7,800.8
2025-10-05 17:00,17,6,0,18.9,786.8
2025-10-05 18:00,18,6,0,17.7,730.5
2025-10-05 19:00,19,6,0,17.1,657.0
2025-10-05 20:00,20,6,0,17.1,579.7
2025-10-05 21:00,21,6,0,15.7,485.5
2025-10-05 22:00,22,6,0,14.1,435.4
2025-10-05 23:00,23,6,0,13.2,394.5
2025-10-06 00:00,0,0,0,11.7,458.7
2025-10-06 01:00,1,0,0,10.8,477.7
2025-10-06 02:00,2,0,0,10.4,535.0
2025-10-06 03:00,3,0,0,10.2,581.3
2025-10-06 04:00,4,0,0,10.5,625.7
2025-10-06 05:00,5,0,0,10.4,686.6
2025-10-06 06:00,6,0,0,10.5,732.6
2025-10-06 07:00,7,0,0,11.4,737.2
2025-10-06 08:00,8,0,0,13.1,763.7
2025-10-06 09:00,9,0,0,14.3,775.1
2025-10-06 10:00,10,0,0,13.8,794.9
2025-10-06 11:00,11,0,0,14.9,822.0
2025-10-06 12:00,12,0,0,15.5,879.7
2025-10-06 13:00,13,0,0,15.8,908.7
2025-10-06 14:00,14,0,0,16.2,930.8
2025-10-06 15:00,15,0,0,16.1,975.1
2025-10-06 16:00,16,0,0,15.9,981.8
2025-10-06 17:00,17,0,0,16.0,942.5
2025-10-06 18:00,18,0,0,16.2,865.7
2025-10-06 19:00,19,0,0,15.1,781.0
2025-10-06 20:00,20,0,0,14.1,668.7
2025-10-06 21:00,21,0,0,14.0,569.9
2025-10-06 22:00,22,0,0,12.3,517.8
2025-10-06 23:00,23,0,0,11.2,483.4
2025-10-07 00:00,0,1,0,10.4,471.6
2025-10-07 01:00,1,1,0,9.4,497.6
2025-10-07 02:00,2,1,0,8.8,551.0
2025-10-07 03:00,3,1,0,9.6,609.8
2025-10-07 04:00,4,1,0,10.1,659.9
2025-10-07 05:00,5,1,0,9.8,736.5
2025-10-07 06:00,6,1,0,12.2,737.0
2025-10-07 07:00,7,1,0,13.3,756.5
2025-10-07 08:00,8,1,0,14.5,766.8
2025-10-07 09:00,9,1,0,15.2,766.4
2025-10-07 10:00,10,1,0,16.7,783.7
2025-10-07 11:00,11,1,0,17.9,815.9
2025-10-07 12:00,12,1,0,18.7,869.9
2025-10-07 13:00,13,1,0,19.3,926.4
2025-10-07 14:00,14,1,0,19.7,964.6
2025-10-07 15:00,15,1,0,19.2,998.6
2025-10-07 16:00,16,1,0,19.6,973.8
2025-10-07 17:00,17,1,0,18.8,947.7
2025-10-07 18:00,18,1,0,17.1,889.2
2025-10-07 19:00,19,1,0,14.8,800.2
2025-10-07 20:00,20,1,0,13.9,714.0
2025-10-07 21:00,21,1,0,11.8,618.3
2025-10-07 22:00,22,1,0,10.8,551.3
2025-10-07 23:00,23,1,0,10.0,513.3
2025-10-08 00:00,0,2,0,9.0,482.6
2025-10-08 01:00,1,2,0,9.4,501.8
2025-10-08 02:00,2,2,0,8.7,550.5
2025-10-08 03:00,3,2,0,8.7,601.0
2025-10-08 04:00,4,2,0,9.1,656.1
2025-10-08 05:00,5,2,0,10.3,697.2
2025-10-08 06:00,6,2,0,10.0,719.1
2025-10-08 07:00,7,2,0,12.2,735.5
2025-10-08 08:00,8,2,0,12.9,741.6
2025-10-08 09:00,9,2,0,15.0,764.4
2025-10-08 10:00,10,2,0,15.5,783.9
2025-10-08 11:00,11,2,0,16.2,802.7
2025-10-08 12:00,12,2,0,17.3,849.1
2025-10-08 13:00,13,2,0,17.7,908.9
2025-10-08 14:00,14,2,0,18.3,951.3
2025-10-08 15:00,15,2,0,18.3,980.3
2025-10-08 16:00,16,2,0,19.4,967.2
2025-10-08 17:00,17,2,0,18.4,936.8
2025-10-08 18:00,18,2,0,18.0,900.4
2025-10-08 19:00,19,2,0,17.9,796.8
2025-10-08 20:00,20,2,0,17.1,708.9
2025-10-08 21:00,21,2,0,14.9,613.2
2025-10-08 22:00,22,2,0,14.6,533.8
2025-10-08 23:00,23,2,0,12.8,480.5
2025-10-09 00:00,0,3,0,11.3,471.4
2025-10-09 01:00,1,3,0,11.6,496.0
2025-10-09 02:00,2,3,0,12.1,540.5
2025-10-09 03:00,3,3,0,11.8,605.8
2025-10-09 04:00,4,3,0,12.7,657.3
2025-10-09 05:00,5,3,0,12.2,710.6
2025-10-09 06:00,6,3,0,12.8,741.2
2025-10-09 07:00,7,3,0,13.3,759.3
2025-10-09 08:00,8,3,0,13.4,763.9
2025-10-09 09:00,9,3,0,13.1,780.3
2025-10-09 10:00,10,3,0,15.0,793.5
2025-10-09 11:00,11,3,0,15.9,824.6
2025-10-09 12:00,12,3,0,17.3,876.1
2025-10-09 13:00,13,3,0,18.3,925.2
2025-10-09 14:00,14,3,0,18.5,969.4
2025-10-09 15:00,15,3,0,18.6,979.9
2025-10-09 16:00,16,3,0,17.5,973.2
2025-10-09 17:00,17,3,0,17.0,931.2
2025-10-09 18:00,18,3,0,17.0,868.5
2025-10-09 19:00,19,3,0,17.1,767.4
2025-10-09 20:00,20,3,0,15.6,678.8
2025-10-09 21:00,21,3,0,15.5,586.4
2025-10-09 22:00,22,3,0,13.7,509.6
2025-10-09 23:00,23,3,0,12.8,466.8
2025-10-10 00:00,0,4,0,11.9,453.3
2025-10-10 01:00,1,4,0,11.8,478.1
2025-10-10 02:00,2,4,0,10.9,548.1
2025-10-10 03:00,3,4,0,11.2,595.3
2025-10-10 04:00,4,4,0,11.0,667.6
2025-10-10 05:00,5,4,0,10.6,698.7
2025-10-10 06:00,6,4,0,10.8,741.9
2025-10-10 07:00,7,4,0,11.6,771.3
2025-10-10 08:00,8,4,0,13.1,764.1
2025-10-10 09:00,9,4,0,14.5,760.2
2025-10-10 10:00,10,4,0,15.1,769.6
2025-10-10 11:00,11,4,0,16.4,793.6
2025-10-10 12:00,12,4,0,17.7,843.2
2025-10-10 13:00,13,4,0,18.8,884.9
2025-10-10 14:00,14,4,0,19.2,928.1
2025-10-10 15:00,15,4,0,19.0,945.9
2025-10-10 16:00,16,4,0,18.2,959.7
2025-10-10 17:00,17,4,0,18.0,932.1
2025-10-10 18:00,18,4,0,17.7,889.5
2025-10-10 19:00,19,4,0,16.3,781.9
2025-10-10 20:00,20,4,0,15.0,697.9
2025-10-10 21:00,21,4,0,14.7,610.5
2025-10-10 22:00,22,4,0,14.3,527.5
2025-10-10 23:00,23,4,0,13.6,478.1
2025-10-11 00:00,0,5,0,12.6,417.8
2025-10-11 01:00,1,5,0,11.7,437.1
2025-10-11 02:00,2,5,0,10.8,469.0
2025-10-11 03:00,3,5,0,11.3,520.6
2025-10-11 04:00,4,5,0,10.8,587.9
2025-10-11 05:00,5,5,0,12.3,627.6
2025-10-11 06:00,6,5,0,13.9,651.4
2025-10-11 07:00,7,5,0,14.0,692.0
2025-10-11 08:00,8,5,0,13.8,693.1
2025-10-11 09:00,9,5,0,14.8,691.7
2025-10-11 10:00,10,5,0,15.1,709.9
2025-10-11 11:00,11,5,0,15.7,729.3
2025-10-11 12:00,12,5,0,16.7,769.3
2025-10-11 13:00,13,5,0,16.5,802.8
2025-10-11 14:00,14,5,0,17.0,838.2
2025-10-11 15:00,15,5,0,17.9,866.7
2025-10-11 16:00,16,5,0,18.6,871.4
2025-10-11 17:00,17,5,0,18.8,833.4
2025-10-11 18:00,18,5,0,17.9,786.8
2025-10-11 19:00,19,5,0,16.8,699.4
2025-10-11 20:00,20,5,0,15.5,626.8
2025-10-11 21:00,21,5,0,14.5,530.6
2025-10-11 22:00,22,5,0,13.9,471.6
2025-10-11 23:00,23,5,0,12.8,426.3
2025-10-12 00:00,0,6,0,10.9,400.0
2025-10-12 01:00,1,6,0,9.5,409.6
2025-10-12 02:00,2,6,0,8.7,460.0
2025-10-12 03:00,3,6,0,8.6,496.7
2025-10-12 04:00,4,6,0,9.1,555.8
2025-10-12 05:00,5,6,0,9.5,601.2
2025-10-12 06:00,6,6,0,10.6,620.9
2025-10-12 07:00,7,6,0,11.3,632.6
2025-10-12 08:00,8,6,0,12.4,675.4
2025-10-12 09:00,9,6,0,13.7,656.3
2025-10-12 10:00,10,6,0,14.6,664.7
2025-10-12 11:00,11,6,0,16.0,702.8
2025-10-12 12:00,12,6,0,17.7,735.0
2025-10-12 13:00,13,6,0,18.6,761.9
2025-10-12 14:00,14,6,0,18.7,783.5
2025-10-12 15:00,15,6,0,18.9,815.9
2025-10-12 16:00,16,6,0,19.3,813.5
2025-10-12 17:00,17,6,0,19.0,769.8
2025-10-12 18:00,18,6,0,18.1,732.7
2025-10-12 19:00,19,6,0,16.9,676.4
2025-10-12 20:00,20,6,0,15.8,596.8
2025-10-12 21:00,21,6,0,14.7,511.5
2025-10-12 22:00,22,6,0,12.7,462.6
2025-10-12 23:00,23,6,0,12.1,411.3
2025-10-13 00:00,0,0,0,10.3,469.9
2025-10-13 01:00,1,0,0,10.3,487.2
2025-10-13 02:00,2,0,0,7.9,536.6
2025-10-13 03:00,3,0,0,7.8,607.9
2025-10-13 04:00,4,0,0,8.6,667.0
2025-10-13 05:00,5,0,0,9.7,706.9
2025-10-13 06:00,6,0,0,9.4,745.5
2025-10-13 07:00,7,0,0,9.4,787.9
2025-10-13 08:00,8,0,0,10.7,780.8
2025-10-13 09:00,9,0,0,11.1,804.8
2025-10-13 10:00,10,0,0,12.7,811.8
2025-10-13 11:00,11,0,0,14.6,816.7
2025-10-13 12:00,12,0,0,14.9,843.9
2025-10-13 13:00,13,0,0,14.8,894.1
2025-10-13 14:00,14,0,0,15.1,941.1
2025-10-13 15:00,15,0,0,15.7,971.9
2025-10-13 16:00,16,0,0,16.0,968.5
2025-10-13 17:00,17,0,0,15.8,924.0
2025-10-13 18:00,18,0,0,14.4,858.8
2025-10-13 19:00,19,0,0,14.4,802.9
2025-10-13 20:00,20,0,0,13.4,706.9
2025-10-13 21:00,21,0,0,12.8,604.1
2025-10-13 22:00,22,0,0,11.9,549.2
2025-10-13 23:00,23,0,0,11.4,490.2
2025-10-14 00:00,0,1,0,11.1,466.2
2025-10-14 01:00,1,1,0,10.9,476.4
2025-10-14 02:00,2,1,0,8.8,542.2
2025-10-14 03:00,3,1,0,8.2,613.6
2025-10-14 04:00,4,1,0,8.7,683.2
2025-10-14 05:00,5,1,0,8.5,725.6
2025-10-14 06:00,6,1,0,10.4,756.8
2025-10-14 07:00,7,1,0,10.6,766.1
2025-10-14 08:00,8,1,0,11.7,772.7
2025-10-14 09:00,9,1,0,13.1,777.1
2025-10-14 10:00,10,1,0,14.7,785.6
2025-10-14 11:00,11,1,0,16.9,824.8
2025-10-14 12:00,12,1,0,16.5,876.4
2025-10-14 13:00,13,1,0,17.8,922.1
2025-10-14 14:00,14,1,0,18.5,968.7
2025-10-14 15:00,15,1,0,18.7,1002.4
2025-10-14 16:00,16,1,0,18.4,1001.8
2025-10-14 17:00,17,1,0,17.5,971.0
2025-10-14 18:00,18,1,0,17.4,898.9
2025-10-14 19:00,19,1,0,16.2,813.5
2025-10-14 20:00,20,1,0,15.7,720.7
2025-10-14 21:00,21,1,0,15.9,609.3
2025-10-14 22:00,22,1,0,15.5,538.5
2025-10-14 23:00,23,1,0,15.0,471.7
2025-10-15 00:00,0,2,0,14.4,462.1
2025-10-15 01:00,1,2,0,11.8,507.8
2025-10-15 02:00,2,2,0,11.8,556.6
2025-10-15 03:00,3,2,0,11.3,630.3
2025-10-15 04:00,4,2,0,10.7,716.7
2025-10-15 05:00,5,2,0,11.6,745.8
2025-10-15 06:00,6,2,0,13.5,785.0
2025-10-15 07:00,7,2,0,13.7,794.4
2025-10-15 08:00,8,2,0,14.6,806.0
2025-10-15 09:00,9,2,0,15.1,800.5
2025-10-15 10:00,10,2,0,15.8,820.2
2025-10-15 11:00,11,2,0,17.4,835.4
2025-10-15 12:00,12,2,0,17.9,877.4
2025-10-15 13:00,13,2,0,18.4,892.6
2025-10-15 14:00,14,2,0,18.7,953.1
2025-10-15 15:00,15,2,0,17.8,961.5
2025-10-15 16:00,16,2,0,17.4,972.6
2025-10-15 17:00,17,2,0,17.4,953.0
2025-10-15 18:00,18,2,0,17.2,888.3
2025-10-15 19:00,19,2,0,16.2,796.1
2025-10-15 20:00,20,2,0,15.9,681.0
2025-10-15 21:00,21,2,0,15.6,597.8
2025-10-15 22:00,22,2,0,13.3,513.8
2025-10-15 23:00,23,2,0,12.1,454.0
2025-10-16 00:00,0,3,0,11.3,460.7
2025-10-16 01:00,1,3,0,11.1,482.3
2025-10-16 02:00,2,3,0,10.7,531.0
2025-10-16 03:00,3,3,0,11.1,591.1
2025-10-16 04:00,4,3,0,10.9,648.7
2025-10-16 05:00,5,3,0,11.8,699.4
2025-10-16 06:00,6,3,0,11.9,743.2
2025-10-16 07:00,7,3,0,11.9,771.7
2025-10-16 08:00,8,3,0,13.8,762.8
2025-10-16 09:00,9,3,0,14.9,766.2
2025-10-16 10:00,10,3,0,15.9,785.1
2025-10-16 11:00,11,3,0,16.0,815.7
2025-10-16 12:00,12,3,0,17.4,868.4
2025-10-16 13:00,13,3,0,17.8,911.1
2025-10-16 14:00,14,3,0,18.6,963.1
2025-10-16 15:00,15,3,0,18.5,992.2
2025-10-16 16:00,16,3,0,18.1,979.5
2025-10-16 17:00,17,3,0,17.2,945.7
2025-10-16 18:00,18,3,0,16.2,898.7
2025-10-16 19:00,19,3,0,15.3,795.6
2025-10-16 20:00,20,3,0,14.3,699.4
2025-10-16 21:00,21,3,0,13.3,607.1
2025-10-16 22:00,22,3,0,11.9,561.2
2025-10-16 23:00,23,3,0,11.0,514.3
2025-10-17 00:00,0,4,0,10.3,508.0
2025-10-17 01:00,1,4,0,9.3,528.1
2025-10-17 02:00,2,4,0,9.2,548.2
2025-10-17 03:00,3,4,0,9.8,598.0
2025-10-17 04:00,4,4,0,8.3,663.2
2025-10-17 05:00,5,4,0,9.2,712.8
2025-10-17 06:00,6,4,0,9.1,770.1
2025-10-17 07:00,7,4,0,10.7,778.2
2025-10-17 08:00,8,4,0,11.7,812.9
2025-10-17 09:00,9,4,0,13.4,799.5
2025-10-17 10:00,10,4,0,14.0,790.5
2025-10-17 11:00,11,4,0,14.8,820.8
2025-10-17 12:00,12,4,0,14.7,856.8
2025-10-17 13:00,13,4,0,15.2,896.0
2025-10-17 14:00,14,4,0,15.7,941.9
2025-10-17 15:00,15,4,0,16.3,966.0
2025-10-17 16:00,16,4,0,15.7,990.4
2025-10-17 17:00,17,4,0,15.6,964.2
2025-10-17 18:00,18,4,0,14.6,899.8
2025-10-17 19:00,19,4,0,14.2,799.5
2025-10-17 20:00,20,4,0,13.8,707.5
2025-10-17 21:00,21,4,0,12.6,620.8
2025-10-17 22:00,22,4,0,11.4,556.2
2025-10-17 23:00,23,4,0,10.5,523.3
2025-10-18 00:00,0,5,0,8.3,462.0
2025-10-18 01:00,1,5,0,7.2,482.6
2025-10-18 02:00,2,5,0,7.0,517.1
2025-10-18 03:00,3,5,0,6.6,583.2
2025-10-18 04:00,4,5,0,7.5,631.2
2025-10-18 05:00,5,5,0,7.0,678.4
2025-10-18 06:00,6,5,0,8.2,698.2
2025-10-18 07:00,7,5,0,8.7,701.2
2025-10-18 08:00,8,5,0,8.9,719.1
2025-10-18 09:00,9,5,0,10.2,713.5
2025-10-18 10:00,10,5,0,10.8,723.7
2025-10-18 11:00,11,5,0,11.0,750.2
2025-10-18 12:00,12,5,0,12.2,770.2
2025-10-18 13:00,13,5,0,12.3,812.9
2025-10-18 14:00,14,5,0,12.2,850.7
2025-10-18 15:00,15,5,0,12.6,895.1
2025-10-18 16:00,16,5,0,12.1,889.0
2025-10-18 17:00,17,5,0,11.6,846.2
2025-10-18 18:00,18,5,0,12.3,803.2
2025-10-18 19:00,19,5,0,12.0,719.2
2025-10-18 20:00,20,5,0,11.0,649.8
2025-10-18 21:00,21,5,0,8.5,575.9
2025-10-18 22:00,22,5,0,7.5,513.2
2025-10-18 23:00,23,5,0,6.5,485.8
2025-10-19 00:00,0,6,0,5.8,439.1
2025-10-19 01:00,1,6,0,4.8,447.9
2025-10-19 02:00,2,6,0,5.5,487.0
2025-10-19 03:00,3,6,0,5.4,546.9
2025-10-19 04:00,4,6,0,5.4,596.8
2025-10-19 05:00,5,6,0,6.8,614.0
2025-10-19 06:00,6,6,0,7.8,666.5
2025-10-19 07:00,7,6,0,8.7,680.5
2025-10-19 08:00,8,6,0,9.4,678.4
2025-10-19 09:00,9,6,0,10.6,688.0
2025-10-19 10:00,10,6,0,11.4,707.2
2025-10-19 11:00,11,6,0,11.8,735.1
2025-10-19 12:00,12,6,0,13.1,757.2
2025-10-19 13:00,13,6,0,14.0,789.5
2025-10-19 14:00,14,6,0,14.8,826.0
2025-10-19 15:00,15,6,0,15.2,828.0
2025-10-19 16:00,16,6,0,15.0,822.2
2025-10-19 17:00,17,6,0,14.1,801.8
2025-10-19 18:00,18,6,0,13.7,756.0
2025-10-19 19:00,19,6,0,12.6,682.8
2025-10-19 20:00,20,6,0,12.5,588.7
2025-10-19 21:00,21,6,0,12.5,508.9
2025-10-19 22:00,22,6,0,10.5,474.4
2025-10-19 23:00,23,6,0,9.5,441.1
2025-10-20 00:00,0,0,0,8.3,489.9
2025-10-20 01:00,1,0,0,7.8,504.4
2025-10-20 02:00,2,0,0,8.4,556.3
2025-10-20 03:00,3,0,0,8.8,629.0
2025-10-20 04:00,4,0,0,7.7,696.9
2025-10-20 05:00,5,0,0,8.8,746.6
2025-10-20 06:00,6,0,0,9.0,780.2
2025-10-20 07:00,7,0,0,10.1,782.7
2025-10-20 08:00,8,0,0,10.6,804.8
2025-10-20 09:00,9,0,0,11.2,815.1
2025-10-20 10:00,10,0,0,11.9,818.3
2025-10-20 11:00,11,0,0,13.0,833.4
2025-10-20 12:00,12,0,0,14.8,858.1
2025-10-20 13:00,13,0,0,15.2,895.6
2025-10-20 14:00,14,0,0,15.4,955.0
2025-10-20 15:00,15,0,0,14.8,970.4
2025-10-20 16:00,16,0,0,14.6,964.3
2025-10-20 17:00,17,0,0,14.3,953.2
2025-10-20 18:00,18,0,0,13.3,894.1
2025-10-20 19:00,19,0,0,12.9,826.6
2025-10-20 20:00,20,0,0,11.6,731.6
2025-10-20 21:00,21,0,0,10.6,655.8
2025-10-20 22:00,22,0,0,10.5,596.4
2025-10-20 23:00,23,0,0,10.9,511.5
2025-10-21 00:00,0,1,0,11.3,505.3
2025-10-21 01:00,1,1,0,10.2,517.3
2025-10-21 02:00,2,1,0,9.5,562.1
2025-10-21 03:00,3,1,0,8.7,637.3
2025-10-21 04:00,4,1,0,8.3,691.0
2025-10-21 05:00,5,1,0,8.5,734.4
2025-10-21 06:00,6,1,0,9.8,751.2
2025-10-21 07:00,7,1,0,11.4,761.2
2025-10-21 08:00,8,1,0,11.9,779.7
2025-10-21 09:00,9,1,0,12.8,778.6
2025-10-21 10:00,10,1,0,14.4,798.0
2025-10-21 11:00,11,1,0,16.0,819.2
2025-10-21 12:00,12,1,0,16.9,869.9
2025-10-21 13:00,13,1,0,17.1,911.7
2025-10-21 14:00,14,1,0,17.7,950.0
2025-10-21 15:00,15,1,0,18.8,981.0
2025-10-21 16:00,16,1,0,19.7,968.3
2025-10-21 17:00,17,1,0,19.2,958.2
2025-10-21 18:00,18,1,0,17.8,879.1
2025-10-21 19:00,19,1,0,16.6,787.8
2025-10-21 20:00,20,1,0,14.6,686.0
2025-10-21 21:00,21,1,0,13.6,612.2
2025-10-21 22:00,22,1,0,12.3,545.1
2025-10-21 23:00,23,1,0,11.1,491.1
2025-10-22 00:00,0,2,0,10.4,498.9
2025-10-22 01:00,1,2,0,9.5,507.1
2025-10-22 02:00,2,2,0,9.7,543.1
2025-10-22 03:00,3,2,0,9.4,623.4
2025-10-22 04:00,4,2,0,9.6,674.0
2025-10-22 05:00,5,2,0,10.6,726.4
2025-10-22 06:00,6,2,0,10.4,763.8
2025-10-22 07:00,7,2,0,12.4,776.4
2025-10-22 08:00,8,2,0,13.2,786.7
2025-10-22 09:00,9,2,0,13.6,816.0
2025-10-22 10:00,10,2,0,14.8,829.5
2025-10-22 11:00,11,2,0,16.9,841.4
2025-10-22 12:00,12,2,0,17.4,870.9
2025-10-22 13:00,13,2,0,18.4,925.8
2025-10-22 14:00,14,2,0,19.5,962.8
2025-10-22 15:00,15,2,0,20.4,990.8
2025-10-22 16:00,16,2,0,20.4,1018.1
2025-10-22 17:00,17,2,0,19.2,973.8
2025-10-22 18:00,18,2,0,18.2,901.8
2025-10-22 19:00,19,2,0,18.2,811.2
2025-10-22 20:00,20,2,0,16.4,703.7
2025-10-22 21:00,21,2,0,16.0,603.2
2025-10-22 22:00,22,2,0,15.0,527.5
2025-10-22 23:00,23,2,0,14.2,486.1
2025-10-23 00:00,0,3,0,13.2,488.1
2025-10-23 01:00,1,3,0,11.9,521.1
2025-10-23 02:00,2,3,0,12.8,561.2
2025-10-23 03:00,3,3,0,11.8,619.2
2025-10-23 04:00,4,3,0,11.7,677.4
2025-10-23 05:00,5,3,0,11.1,719.4
2025-10-23 06:00,6,3,0,11.9,744.6
2025-10-23 07:00,7,3,0,12.9,760.3
2025-10-23 08:00,8,3,0,12.3,782.1
2025-10-23 09:00,9,3,0,13.5,788.0
2025-10-23 10:00,10,3,0,14.4,786.6
2025-10-23 11:00,11,3,0,15.8,828.4
2025-10-23 12:00,12,3,0,16.5,864.1
2025-10-23 13:00,13,3,0,16.5,903.8
2025-10-23 14:00,14,3,0,16.9,942.1
2025-10-23 15:00,15,3,0,16.5,964.1
2025-10-23 16:00,16,3,0,16.8,960.4
2025-10-23 17:00,17,3,0,17.3,942.9
2025-10-23 18:00,18,3,0,17.5,861.9
2025-10-23 19:00,19,3,0,16.4,772.2
2025-10-23 20:00,20,3,0,14.8,687.8
2025-10-23 21:00,21,3,0,13.7,586.5
2025-10-23 22:00,22,3,0,13.3,542.3
2025-10-23 23:00,23,3,0,12.5,473.2
2025-10-24 00:00,0,4,0,12.1,448.6
2025-10-24 01:00,1,4,0,11.3,477.4
2025-10-24 02:00,2,4,0,10.8,524.2
2025-10-24 03:00,3,4,0,10.8,573.7
2025-10-24 04:00,4,4,0,11.3,615.3
2025-10-24 05:00,5,4,0,14.1,645.3
2025-10-24 06:00,6,4,0,15.6,694.6
2025-10-24 07:00,7,4,0,16.1,713.8
2025-10-24 08:00,8,4,0,17.1,740.4
2025-10-24 09:00,9,4,0,17.6,771.4
2025-10-24 10:00,10,4,0,19.0,779.0
2025-10-24 11:00,11,4,0,20.2,817.0
2025-10-24 12:00,12,4,0,20.7,843.7
2025-10-24 13:00,13,4,0,21.2,908.9
2025-10-24 14:00,14,4,0,21.2,961.4
2025-10-24 15:00,15,4,0,20.9,981.4
2025-10-24 16:00,16,4,0,21.4,977.4
2025-10-24 17:00,17,4,0,20.8,950.5
2025-10-24 18:00,18,4,0,19.6,891.1
2025-10-24 19:00,19,4,0,17.9,804.7
2025-10-24 20:00,20,4,0,16.3,721.4
2025-10-24 21:00,21,4,0,14.6,598.1
2025-10-24 22:00,22,4,0,14.0,509.1
2025-10-24 23:00,23,4,0,12.5,482.1
2025-10-25 00:00,0,5,0,11.5,441.3
2025-10-25 01:00,1,5,0,10.8,452.3
2025-10-25 02:00,2,5,0,10.7,489.2
2025-10-25 03:00,3,5,0,9.8,562.6
2025-10-25 04:00,4,5,0,9.4,601.3
2025-10-25 05:00,5,5,0,10.3,639.5
2025-10-25 06:00,6,5,0,11.2,670.9
2025-10-25 07:00,7,5,0,11.5,682.7
2025-10-25 08:00,8,5,0,13.3,686.7
2025-10-25 09:00,9,5,0,14.4,693.9
2025-10-25 10:00,10,5,0,15.3,709.3
2025-10-25 11:00,11,5,0,16.3,734.9
2025-10-25 12:00,12,5,0,16.4,772.0
2025-10-25 13:00,13,5,0,17.2,813.4
2025-10-25 14:00,14,5,0,17.6,847.4
2025-10-25 15:00,15,5,0,19.1,857.5
2025-10-25 16:00,16,5,0,18.7,867.1
2025-10-25 17:00,17,5,0,18.2,821.4
2025-10-25 18:00,18,5,0,16.4,790.5
2025-10-25 19:00,19,5,0,14.7,716.3
2025-10-25 20:00,20,5,0,13.5,643.1
2025-10-25 21:00,21,5,0,13.6,540.7
2025-10-25 22:00,22,5,0,12.2,506.2
2025-10-25 23:00,23,5,0,11.5,454.2
2025-10-26 00:00,0,6,0,10.4,424.0
2025-10-26 01:00,1,6,0,10.0,426.6
2025-10-26 02:00,2,6,0,10.2,479.2
2025-10-26 03:00,3,6,0,9.9,517.5
2025-10-26 04:00,4,6,0,10.1,556.3
2025-10-26 05:00,5,6,0,10.3,598.3
2025-10-26 06:00,6,6,0,9.7,643.6
2025-10-26 07:00,7,6,0,10.8,662.8
2025-10-26 08:00,8,6,0,11.7,658.1
2025-10-26 09:00,9,6,0,12.7,672.3
2025-10-26 10:00,10,6,0,14.2,685.2
2025-10-26 11:00,11,6,0,14.9,700.8
2025-10-26 12:00,12,6,0,16.5,714.8
2025-10-26 13:00,13,6,0,17.0,754.4
2025-10-26 14:00,14,6,0,16.8,793.1
2025-10-26 15:00,15,6,0,17.1,823.3
2025-10-26 16:00,16,6,0,18.1,812.4
2025-10-26 17:00,17,6,0,17.3,797.2
2025-10-26 18:00,18,6,0,16.7,734.8
2025-10-26 19:00,19,6,0,14.8,666.6
2025-10-26 20:00,20,6,0,14.5,577.4
2025-10-26 21:00,21,6,0,12.8,510.8
2025-10-26 22:00,22,6,0,11.1,461.0
2025-10-26 23:00,23,6,0,10.0,429.3
2025-10-27 00:00,0,0,0,8.4,498.3
2025-10-27 01:00,1,0,0,7.7,504.6
2025-10-27 02:00,2,0,0,6.6,545.2
2025-10-27 03:00,3,0,0,6.1,619.3
2025-10-27 04:00,4,0,0,6.4,677.9
2025-10-27 05:00,5,0,0,7.4,726.5
2025-10-27 06:00,6,0,0,7.5,782.1
2025-10-27 07:00,7,0,0,7.5,787.0
2025-10-27 08:00,8,0,0,8.2,808.2
2025-10-27 09:00,9,0,0,9.3,805.3
2025-10-27 10:00,10,0,0,10.2,828.9
2025-10-27 11:00,11,0,0,11.4,861.5
2025-10-27 12:00,12,0,0,12.0,918.5
2025-10-27 13:00,13,0,0,12.8,942.5
2025-10-27 14:00,14,0,0,13.9,974.4
2025-10-27 15:00,15,0,0,13.4,990.9
2025-10-27 16:00,16,0,0,13.2,1022.4
2025-10-27 17:00,17,0,0,12.9,990.7
2025-10-27 18:00,18,0,0,12.0,930.9
2025-10-27 19:00,19,0,0,10.9,846.9
2025-10-27 20:00,20,0,0,8.5,739.4
2025-10-27 21:00,21,0,0,7.1,656.2
2025-10-27 22:00,22,0,0,6.2,579.0
2025-10-27 23:00,23,0,0,5.4,539.3
2025-10-28 00:00,0,1,0,5.4,523.6
2025-10-28 01:00,1,1,0,4.0,563.8
2025-10-28 02:00,2,1,0,2.7,603.9
2025-10-28 03:00,3,1,0,2.6,655.4
2025-10-28 04:00,4,1,0,2.6,709.1
2025-10-28 05:00,5,1,0,3.4,761.5
2025-10-28 06:00,6,1,0,3.7,815.1
2025-10-28 07:00,7,1,0,4.0,820.0
2025-10-28 08:00,8,1,0,4.9,838.3
2025-10-28 09:00,9,1,0,5.8,848.8
2025-10-28 10:00,10,1,0,7.5,841.5
2025-10-28 11:00,11,1,0,8.2,870.3
2025-10-28 12:00,12,1,0,8.9,879.0
2025-10-28 13:00,13,1,0,9.6,919.2
2025-10-28 14:00,14,1,0,9.5,971.6
2025-10-28 15:00,15,1,0,8.6,994.3
2025-10-28 16:00,16,1,0,8.6,997.4
2025-10-28 17:00,17,1,0,8.3,963.1
2025-10-28 18:00,18,1,0,7.4,908.4
2025-10-28 19:00,19,1,0,6.7,833.5
2025-10-28 20:00,20,1,0,5.2,747.1
2025-10-28 21:00,21,1,0,4.3,658.1
2025-10-28 22:00,22,1,0,3.0,576.4
2025-10-28 23:00,23,1,0,1.5,530.2
2025-10-29 00:00,0,2,1,1.0,448.5
2025-10-29 01:00,1,2,1,1.3,465.3
2025-10-29 02:00,2,2,1,1.1,495.0
2025-10-29 03:00,3,2,1,1.4,529.7
2025-10-29 04:00,4,2,1,2.9,584.0
2025-10-29 05:00,5,2,1,3.6,613.4
2025-10-29 06:00,6,2,1,5.3,630.9
2025-10-29 07:00,7,2,1,6.1,657.3
2025-10-29 08:00,8,2,1,6.7,676.9
2025-10-29 09:00,9,2,1,8.9,666.9
2025-10-29 10:00,10,2,1,9.1,681.0
2025-10-29 11:00,11,2,1,9.3,711.9
2025-10-29 12:00,12,2,1,10.5,742.1
2025-10-29 13:00,13,2,1,11.4,801.6
2025-10-29 14:00,14,2,1,11.1,835.0
2025-10-29 15:00,15,2,1,11.9,837.7
2025-10-29 16:00,16,2,1,11.9,835.8
2025-10-29 17:00,17,2,1,11.2,810.1
2025-10-29 18:00,18,2,1,10.7,765.5
2025-10-29 19:00,19,2,1,9.9,689.9
2025-10-29 20:00,20,2,1,8.6,633.0
2025-10-29 21:00,21,2,1,7.7,549.8
2025-10-29 22:00,22,2,1,6.3,493.5
2025-10-29 23:00,23,2,1,5.6,460.8
2025-10-30 00:00,0,3,0,5.6,527.1
2025-10-30 01:00,1,3,0,5.5,544.3
2025-10-30 02:00,2,3,0,5.3,594.3
2025-10-30 03:00,3,3,0,5.2,645.0
2025-10-30 04:00,4,3,0,6.7,684.0
2025-10-30 05:00,5,3,0,6.9,734.4
2025-10-30 06:00,6,3,0,6.8,773.4
2025-10-30 07:00,7,3,0,7.9,783.4
2025-10-30 08:00,8,3,0,8.8,805.7
2025-10-30 09:00,9,3,0,10.0,803.3
2025-10-30 10:00,10,3,0,10.6,825.6
2025-10-30 11:00,11,3,0,10.4,859.6
2025-10-30 12:00,12,3,0,11.3,898.2
2025-10-30 13:00,13,3,0,12.7,925.3
2025-10-30 14:00,14,3,0,12.3,959.3
2025-10-30 15:00,15,3,0,12.7,988.4
2025-10-30 16:00,16,3,0,13.0,994.6
2025-10-30 17:00,17,3,0,12.8,971.2
2025-10-30 18:00,18,3,0,12.9,885.2
2025-10-30 19:00,19,3,0,12.1,815.4
2025-10-30 20:00,20,3,0,10.1,728.2
2025-10-30 21:00,21,3,0,8.4,633.7
2025-10-30 22:00,22,3,0,6.5,570.5
2025-10-30 23:00,23,3,0,6.0,521.0
2025-10-31 00:00,0,4,0,5.1,503.6
2025-10-31 01:00,1,4,0,4.7,526.3
2025-10-31 02:00,2,4,0,4.2,559.9
2025-10-31 03:00,3,4,0,3.3,627.7
2025-10-31 04:00,4,4,0,3.6,691.2
2025-10-31 05:00,5,4,0,4.4,735.4
2025-10-31 06:00,6,4,0,5.7,770.4
2025-10-31 07:00,7,4,0,6.3,804.3
2025-10-31 08:00,8,4,0,8.0,807.6
2025-10-31 09:00,9,4,0,9.2,815.1
2025-10-31 10:00,10,4,0,10.2,835.3
2025-10-31 11:00,11,4,0,12.2,836.1
2025-10-31 12:00,12,4,0,13.1,869.8
2025-10-31 13:00,13,4,0,13.6,907.0
2025-10-31 14:00,14,4,0,14.4,949.3
2025-10-31 15:00,15,4,0,15.0,972.1
2025-10-31 16:00,16,4,0,14.9,969.1
2025-10-31 17:00,17,4,0,14.5,938.2
2025-10-31 18:00,18,4,0,12.8,886.3
2025-10-31 19:00,19,4,0,12.0,790.0
2025-10-31 20:00,20,4,0,10.1,718.7
2025-10-31 21:00,21,4,0,8.3,639.0
2025-10-31 22:00,22,4,0,7.2,561.4
2025-10-31 23:00,23,4,0,5.7,526.9
2025-11-01 00:00,0,5,0,4.2,477.1
2025-11-01 01:00,1,5,0,3.2,481.8
2025-11-01 02:00,2,5,0,2.7,523.0
2025-11-01 03:00,3,5,0,2.7,591.7
2025-11-01 04:00,4,5,0,2.2,645.4
2025-11-01 05:00,5,5,0,3.0,702.7
2025-11-01 06:00,6,5,0,4.2,728.3
2025-11-01 07:00,7,5,0,5.2,729.0
2025-11-01 08:00,8,5,0,6.0,733.8
2025-11-01 09:00,9,5,0,7.1,743.2
2025-11-01 10:00,10,5,0,8.5,730.4
2025-11-01 11:00,11,5,0,9.1,768.2
2025-11-01 12:00,12,5,0,10.0,814.1
2025-11-01 13:00,13,5,0,9.8,858.1
2025-11-01 14:00,14,5,0,10.2,879.9
2025-11-01 15:00,15,5,0,10.5,924.1
2025-11-01 16:00,16,5,0,11.6,899.3
2025-11-01 17:00,17,5,0,12.0,877.4
2025-11-01 18:00,18,5,0,12.2,814.6
2025-11-01 19:00,19,5,0,10.8,735.3
2025-11-01 20:00,20,5,0,9.5,667.5
2025-11-01 21:00,21,5,0,9.2,575.5
2025-11-01 22:00,22,5,0,8.3,493.2
2025-11-01 23:00,23,5,0,7.0,460.1
2025-11-02 00:00,0,6,0,4.9,429.1
2025-11-02 01:00,1,6,0,4.6,444.4
2025-11-02 02:00,2,6,0,4.1,499.5
2025-11-02 03:00,3,6,0,3.4,542.1
2025-11-02 04:00,4,6,0,3.9,598.9
2025-11-02 05:00,5,6,0,4.5,655.4
2025-11-02 06:00,6,6,0,5.6,664.1
2025-11-02 07:00,7,6,0,6.7,692.6
2025-11-02 08:00,8,6,0,7.5,701.1
2025-11-02 09:00,9,6,0,7.9,710.0
2025-11-02 10:00,10,6,0,9.4,704.1
2025-11-02 11:00,11,6,0,11.1,709.8
2025-11-02 12:00,12,6,0,12.0,747.0
2025-11-02 13:00,13,6,0,12.5,759.2
2025-11-02 14:00,14,6,0,13.3,808.4
2025-11-02 15:00,15,6,0,13.7,820.1
2025-11-02 16:00,16,6,0,14.1,835.5
2025-11-02 17:00,17,6,0,13.4,807.4
2025-11-02 18:00,18,6,0,12.8,745.7
2025-11-02 19:00,19,6,0,11.2,696.6
2025-11-02 20:00,20,6,0,9.6,623.9
2025-11-02 21:00,21,6,0,8.1,567.8
2025-11-02 22:00,22,6,0,7.1,525.8
2025-11-02 23:00,23,6,0,6.5,479.5
2025-11-03 00:00,0,0,0,6.8,527.6
2025-11-03 01:00,1,0,0,5.8,554.4
2025-11-03 02:00,2,0,0,5.0,597.0
2025-11-03 03:00,3,0,0,5.6,667.9
2025-11-03 04:00,4,0,0,4.8,715.8
2025-11-03 05:00,5,0,0,4.6,773.3
2025-11-03 06:00,6,0,0,5.5,788.8
2025-11-03 07:00,7,0,0,6.5,800.2
2025-11-03 08:00,8,0,0,6.9,814.6
2025-11-03 09:00,9,0,0,8.8,818.9
2025-11-03 10:00,10,0,0,10.7,814.4
2025-11-03 11:00,11,0,0,11.0,858.1
2025-11-03 12:00,12,0,0,11.4,897.1
2025-11-03 13:00,13,0,0,11.2,931.2
2025-11-03 14:00,14,0,0,11.8,976.9
2025-11-03 15:00,15,0,0,11.8,1006.0
2025-11-03 16:00,16,0,0,11.5,1005.3
2025-11-03 17:00,17,0,0,12.6,964.4
2025-11-03 18:00,18,0,0,12.1,906.6
2025-11-03 19:00,19,0,0,10.4,816.1
2025-11-03 20:00,20,0,0,9.0,717.5
2025-11-03 21:00,21,0,0,8.1,635.4
2025-11-03 22:00,22,0,0,7.1,565.0
2025-11-03 23:00,23,0,0,6.6,531.4
2025-11-04 00:00,0,1,0,5.8,530.6
2025-11-04 01:00,1,1,0,6.0,557.8
2025-11-04 02:00,2,1,0,6.5,590.7
2025-11-04 03:00,3,1,0,7.0,642.8
2025-11-04 04:00,4,1,0,7.9,679.5
2025-11-04 05:00,5,1,0,7.4,738.0
2025-11-04 06:00,6,1,0,7.9,774.2
2025-11-04 07:00,7,1,0,9.0,794.8
2025-11-04 08:00,8,1,0,10.6,783.9
2025-11-04 09:00,9,1,0,11.1,787.7
2025-11-04 10:00,10,1,0,12.8,804.3
2025-11-04 11:00,11,1,0,13.1,820.0
2025-11-04 12:00,12,1,0,14.0,857.5
2025-11-04 13:00,13,1,0,15.4,895.6
2025-11-04 14:00,14,1,0,15.5,936.3
2025-11-04 15:00,15,1,0,15.8,941.6
2025-11-04 16:00,16,1,0,14.8,944.8
2025-11-04 17:00,17,1,0,14.5,928.7
2025-11-04 18:00,18,1,0,14.2,868.2
2025-11-04 19:00,19,1,0,13.5,784.0
2025-11-04 20:00,20,1,0,12.5,706.8
2025-11-04 21:00,21,1,0,11.1,609.9
2025-11-04 22:00,22,1,0,9.2,543.2
2025-11-04 23:00,23,1,0,8.4,502.6
2025-11-05 00:00,0,2,0,6.8,489.9
2025-11-05 01:00,1,2,0,6.0,520.8
2025-11-05 02:00,2,2,0,5.2,557.2
2025-11-05 03:00,3,2,0,5.7,620.8
2025-11-05 04:00,4,2,0,6.4,683.6
2025-11-05 05:00,5,2,0,7.7,717.4
2025-11-05 06:00,6,2,0,8.5,748.5
2025-11-05 07:00,7,2,0,8.5,760.0
2025-11-05 08:00,8,2,0,9.3,778.0
2025-11-05 09:00,9,2,0,9.9,784.3
2025-11-05 10:00,10,2,0,10.0,792.9
2025-11-05 11:00,11,2,0,10.8,832.1
2025-11-05 12:00,12,2,0,11.0,867.7
2025-11-05 13:00,13,2,0,12.9,899.6
2025-11-05 14:00,14,2,0,14.9,924.2
2025-11-05 15:00,15,2,0,14.6,963.3
2025-11-05 16:00,16,2,0,14.7,959.6
2025-11-05 17:00,17,2,0,14.1,940.9
2025-11-05 18:00,18,2,0,13.5,880.1
2025-11-05 19:00,19,2,0,12.6,806.9
2025-11-05 20:00,20,2,0,11.9,701.2
2025-11-05 21:00,21,2,0,10.7,608.9
2025-11-05 22:00,22,2,0,10.0,541.6
2025-11-05 23:00,23,2,0,7.8,518.1
2025-11-06 00:00,0,3,0,6.2,516.3
2025-11-06 01:00,1,3,0,6.3,531.2
2025-11-06 02:00,2,3,0,6.0,561.5
2025-11-06 03:00,3,3,0,6.0,637.0
2025-11-06 04:00,4,3,0,6.1,703.5
2025-11-06 05:00,5,3,0,5.7,732.6
2025-11-06 06:00,6,3,0,5.9,782.2
2025-11-06 07:00,7,3,0,7.2,790.4
2025-11-06 08:00,8,3,0,8.3,796.9
2025-11-06 09:00,9,3,0,8.4,802.4
2025-11-06 10:00,10,3,0,10.4,799.2
2025-11-06 11:00,11,3,0,12.3,823.5
2025-11-06 12:00,12,3,0,12.5,853.8
2025-11-06 13:00,13,3,0,13.4,874.1
2025-11-06 14:00,14,3,0,12.9,956.8
2025-11-06 15:00,15,3,0,12.3,990.3
2025-11-06 16:00,16,3,0,11.0,997.0
2025-11-06 17:00,17,3,0,11.6,956.0
2025-11-06 18:00,18,3,0,11.8,915.0
2025-11-06 19:00,19,3,0,11.9,827.4
2025-11-06 20:00,20,3,0,9.9,722.6
2025-11-06 21:00,21,3,0,9.3,613.7
2025-11-06 22:00,22,3,0,7.7,566.4
2025-11-06 23:00,23,3,0,7.9,499.1
2025-11-07 00:00,0,4,0,7.7,493.9
2025-11-07 01:00,1,4,0,7.7,519.1
2025-11-07 02:00,2,4,0,8.2,564.7
2025-11-07 03:00,3,4,0,8.4,619.5
2025-11-07 04:00,4,4,0,8.8,676.6
2025-11-07 05:00,5,4,0,9.0,746.4
2025-11-07 06:00,6,4,0,9.5,769.1
2025-11-07 07:00,7,4,0,10.4,785.2
2025-11-07 08:00,8,4,0,11.0,807.8
2025-11-07 09:00,9,4,0,11.2,827.5
2025-11-07 10:00,10,4,0,12.4,830.6
2025-11-07 11:00,11,4,0,12.6,863.8
2025-11-07 12:00,12,4,0,14.4,873.0
2025-11-07 13:00,13,4,0,16.1,921.2
2025-11-07 14:00,14,4,0,17.0,963.9
2025-11-07 15:00,15,4,0,16.9,1003.3
2025-11-07 16:00,16,4,0,17.1,995.6
2025-11-07 17:00,17,4,0,16.9,970.8
2025-11-07 18:00,18,4,0,16.9,901.2
2025-11-07 19:00,19,4,0,14.8,813.9
2025-11-07 20:00,20,4,0,14.9,698.8
2025-11-07 21:00,21,4,0,14.3,581.5
2025-11-07 22:00,22,4,0,13.5,512.1
2025-11-07 23:00,23,4,0,12.2,470.7
2025-11-08 00:00,0,5,0,10.5,419.8
2025-11-08 01:00,1,5,0,10.1,427.9
2025-11-08 02:00,2,5,0,9.4,482.6
2025-11-08 03:00,3,5,0,7.7,542.7
2025-11-08 04:00,4,5,0,7.2,604.9
2025-11-08 05:00,5,5,0,7.5,660.9
2025-11-08 06:00,6,5,0,7.0,694.7
2025-11-08 07:00,7,5,0,7.0,705.9
2025-11-08 08:00,8,5,0,8.3,719.0
2025-11-08 09:00,9,5,0,8.8,732.3
2025-11-08 10:00,10,5,0,9.7,753.4
2025-11-08 11:00,11,5,0,11.1,771.4
2025-11-08 12:00,12,5,0,11.6,803.9
2025-11-08 13:00,13,5,0,12.1,821.4
2025-11-08 14:00,14,5,0,13.3,884.0
2025-11-08 15:00,15,5,0,14.3,872.3
2025-11-08 16:00,16,5,0,12.8,906.4
2025-11-08 17:00,17,5,0,12.8,881.3
2025-11-08 18:00,18,5,0,12.9,829.6
2025-11-08 19:00,19,5,0,12.0,739.6
2025-11-08 20:00,20,5,0,10.9,640.9
2025-11-08 21:00,21,5,0,9.4,564.5
2025-11-08 22:00,22,5,0,9.2,493.0
2025-11-08 23:00,23,5,0,8.0,468.5
2025-11-09 00:00,0,6,0,7.7,413.6
2025-11-09 01:00,1,6,0,7.6,435.7
2025-11-09 02:00,2,6,0,6.5,470.7
2025-11-09 03:00,3,6,0,6.6,531.8
2025-11-09 04:00,4,6,0,6.2,587.9
2025-11-09 05:00,5,6,0,6.9,616.0
2025-11-09 06:00,6,6,0,7.2,643.1
2025-11-09 07:00,7,6,0,7.4,664.3
2025-11-09 08:00,8,6,0,9.1,685.5
2025-11-09 09:00,9,6,0,10.3,677.8
2025-11-09 10:00,10,6,0,11.5,673.9
2025-11-09 11:00,11,6,0,12.9,702.4
2025-11-09 12:00,12,6,0,14.1,720.7
2025-11-09 13:00,13,6,0,14.8,759.2
2025-11-09 14:00,14,6,0,15.1,790.4
2025-11-09 15:00,15,6,0,15.2,825.1
2025-11-09 16:00,16,6,0,15.2,820.0
2025-11-09 17:00,17,6,0,14.9,789.8
2025-11-09 18:00,18,6,0,15.1,728.2
2025-11-09 19:00,19,6,0,14.2,648.1
2025-11-09 20:00,20,6,0,13.1,586.1
2025-11-09 21:00,21,6,0,13.2,494.0
2025-11-09 22:00,22,6,0,11.6,432.7
2025-11-09 23:00,23,6,0,10.9,397.1
2025-11-10 00:00,0,0,0,8.7,466.7
2025-11-10 01:00,1,0,0,6.7,482.0
2025-11-10 02:00,2,0,0,5.7,541.4
2025-11-10 03:00,3,0,0,5.8,592.6
2025-11-10 04:00,4,0,0,5.9,654.7
2025-11-10 05:00,5,0,0,7.3,704.5
2025-11-10 06:00,6,0,0,7.9,742.7
2025-11-10 07:00,7,0,0,9.2,768.6
2025-11-10 08:00,8,0,0,9.9,780.8
2025-11-10 09:00,9,0,0,10.6,798.5
2025-11-10 10:00,10,0,0,11.4,796.8
2025-11-10 11:00,11,0,0,11.9,816.7
2025-11-10 12:00,12,0,0,13.1,839.5
2025-11-10 13:00,13,0,0,13.1,889.7
2025-11-10 14:00,14,0,0,13.3,936.8
2025-11-10 15:00,15,0,0,13.2,973.7
2025-11-10 16:00,16,0,0,12.5,969.5
2025-11-10 17:00,17,0,0,13.1,943.1
2025-11-10 18:00,18,0,0,13.3,868.0
2025-11-10 19:00,19,0,0,12.5,787.4
2025-11-10 20:00,20,0,0,12.0,694.5
2025-11-10 21:00,21,0,0,9.8,600.9
2025-11-10 22:00,22,0,0,8.6,558.3
2025-11-10 23:00,23,0,0,8.4,520.4
2025-11-11 00:00,0,1,0,7.4,497.1
2025-11-11 01:00,1,1,0,6.1,520.1
2025-11-11 02:00,2,1,0,5.0,555.4
2025-11-11 03:00,3,1,0,5.5,606.2
2025-11-11 04:00,4,1,0,5.1,674.3
2025-11-11 05:00,5,1,0,6.1,726.7
2025-11-11 06:00,6,1,0,5.7,788.1
2025-11-11 07:00,7,1,0,6.8,798.1
2025-11-11 08:00,8,1,0,8.1,814.6
2025-11-11 09:00,9,1,0,9.3,825.9
2025-11-11 10:00,10,1,0,10.2,834.2
2025-11-11 11:00,11,1,0,11.6,865.7
2025-11-11 12:00,12,1,0,12.1,874.7
2025-11-11 13:00,13,1,0,12.8,917.3
2025-11-11 14:00,14,1,0,13.4,951.5
2025-11-11 15:00,15,1,0,13.7,970.1
2025-11-11 16:00,16,1,0,13.1,973.7
2025-11-11 17:00,17,1,0,13.3,913.7
2025-11-11 18:00,18,1,0,11.5,874.9
2025-11-11 19:00,19,1,0,10.0,801.2
2025-11-11 20:00,20,1,0,9.3,711.3
2025-11-11 21:00,21,1,0,8.1,627.9
2025-11-11 22:00,22,1,0,6.3,574.0
2025-11-11 23:00,23,1,0,5.4,537.0
2025-11-12 00:00,0,2,0,3.7,524.2
2025-11-12 01:00,1,2,0,2.8,565.8
2025-11-12 02:00,2,2,0,2.8,597.1
2025-11-12 03:00,3,2,0,3.2,648.6
2025-11-12 04:00,4,2,0,3.8,715.4
2025-11-12 05:00,5,2,0,3.6,747.4
2025-11-12 06:00,6,2,0,4.1,778.7
2025-11-12 07:00,7,2,0,6.1,806.2
2025-11-12 08:00,8,2,0,6.7,825.4
2025-11-12 09:00,9,2,0,8.5,819.4
2025-11-12 10:00,10,2,0,9.3,821.5
2025-11-12 11:00,11,2,0,10.0,845.1
2025-11-12 12:00,12,2,0,10.3,850.1
2025-11-12 13:00,13,2,0,10.6,906.0
2025-11-12 14:00,14,2,0,10.8,936.9
2025-11-12 15:00,15,2,0,10.4,977.3
2025-11-12 16:00,16,2,0,10.0,981.3
2025-11-12 17:00,17,2,0,10.7,937.5
2025-11-12 18:00,18,2,0,9.4,883.6
2025-11-12 19:00,19,2,0,7.8,810.7
2025-11-12 20:00,20,2,0,5.7,731.7
2025-11-12 21:00,21,2,0,3.4,643.2
2025-11-12 22:00,22,2,0,3.1,573.1
2025-11-12 23:00,23,2,0,2.7,529.8
2025-11-13 00:00,0,3,0,2.3,523.5
2025-11-13 01:00,1,3,0,2.1,529.1
2025-11-13 02:00,2,3,0,2.5,579.3
2025-11-13 03:00,3,3,0,2.9,633.9
2025-11-13 04:00,4,3,0,3.6,696.8
2025-11-13 05:00,5,3,0,4.8,743.3
2025-11-13 06:00,6,3,0,6.2,787.2
2025-11-13 07:00,7,3,0,7.6,790.6
2025-11-13 08:00,8,3,0,9.0,800.8
2025-11-13 09:00,9,3,0,9.5,802.2
2025-11-13 10:00,10,3,0,10.2,811.3
2025-11-13 11:00,11,3,0,11.5,832.9
2025-11-13 12:00,12,3,0,13.1,875.0
2025-11-13 13:00,13,3,0,12.7,907.6
2025-11-13 14:00,14,3,0,13.9,948.4
2025-11-13 15:00,15,3,0,14.4,973.1
2025-11-13 16:00,16,3,0,14.9,978.5
2025-11-13 17:00,17,3,0,14.0,951.1
2025-11-13 18:00,18,3,0,13.2,875.7
2025-11-13 19:00,19,3,0,11.9,799.1
2025-11-13 20:00,20,3,0,11.1,711.8
2025-11-13 21:00,21,3,0,9.8,632.2
2025-11-13 22:00,22,3,0,7.9,556.0
2025-11-13 23:00,23,3,0,6.8,522.8
2025-11-14 00:00,0,4,0,5.8,498.2
2025-11-14 01:00,1,4,0,5.4,532.0
2025-11-14 02:00,2,4,0,4.7,562.2
2025-11-14 03:00,3,4,0,4.7,618.8
2025-11-14 04:00,4,4,0,5.2,673.7
2025-11-14 05:00,5,4,0,6.6,721.6
2025-11-14 06:00,6,4,0,7.3,756.8
2025-11-14 07:00,7,4,0,7.9,759.5
2025-11-14 08:00,8,4,0,9.0,766.2
2025-11-14 09:00,9,4,0,9.2,789.9
2025-11-14 10:00,10,4,0,9.0,810.2
2025-11-14 11:00,11,4,0,10.3,842.1
2025-11-14 12:00,12,4,0,11.5,879.6
2025-11-14 13:00,13,4,0,12.1,914.4
2025-11-14 14:00,14,4,0,11.7,941.6
2025-11-14 15:00,15,4,0,12.5,982.6
2025-11-14 16:00,16,4,0,11.9,985.7
2025-11-14 17:00,17,4,0,12.6,959.3
2025-11-14 18:00,18,4,0,12.5,894.8
2025-11-14 19:00,19,4,0,11.7,803.1
2025-11-14 20:00,20,4,0,11.1,728.4
2025-11-14 21:00,21,4,0,9.9,648.0
2025-11-14 22:00,22,4,0,8.7,577.4
2025-11-14 23:00,23,4,0,7.5,520.9
2025-11-15 00:00,0,5,0,6.2,471.5
2025-11-15 01:00,1,5,0,5.1,471.1
2025-11-15 02:00,2,5,0,4.3,521.2
2025-11-15 03:00,3,5,0,4.2,562.6
2025-11-15 04:00,4,5,0,2.7,631.8
2025-11-15 05:00,5,5,0,2.3,671.9
2025-11-15 06:00,6,5,0,2.8,727.8
2025-11-15 07:00,7,5,0,4.0,728.6
2025-11-15 08:00,8,5,0,4.8,729.1
2025-11-15 09:00,9,5,0,6.0,741.3
2025-11-15 10:00,10,5,0,5.8,729.3
2025-11-15 11:00,11,5,0,7.5,752.1
2025-11-15 12:00,12,5,0,8.2,771.5
2025-11-15 13:00,13,5,0,8.5,820.0
2025-11-15 14:00,14,5,0,8.9,853.0
2025-11-15 15:00,15,5,0,9.8,882.2
2025-11-15 16:00,16,5,0,10.0,882.5
2025-11-15 17:00,17,5,0,10.2,859.1
2025-11-15 18:00,18,5,0,10.2,831.7
2025-11-15 19:00,19,5,0,9.1,761.6
2025-11-15 20:00,20,5,0,8.8,674.8
2025-11-15 21:00,21,5,0,6.5,605.8
2025-11-15 22:00,22,5,0,5.0,526.6
2025-11-15 23:00,23,5,0,4.5,492.0
2025-11-16 00:00,0,6,0,4.0,450.0
2025-11-16 01:00,1,6,0,2.8,466.9
2025-11-16 02:00,2,6,0,2.6,520.8
2025-11-16 03:00,3,6,0,3.1,563.4
2025-11-16 04:00,4,6,0,3.2,615.2
2025-11-16 05:00,5,6,0,3.8,660.4
2025-11-16 06:00,6,6,0,4.7,691.9
2025-11-16 07:00,7,6,0,6.4,699.6
2025-11-16 08:00,8,6,0,7.0,695.8
2025-11-16 09:00,9,6,0,7.3,692.8
2025-11-16 10:00,10,6,0,9.2,691.4
2025-11-16 11:00,11,6,0,10.5,716.9
2025-11-16 12:00,12,6,0,10.2,759.0
2025-11-16 13:00,13,6,0,11.0,795.5
2025-11-16 14:00,14,6,0,10.7,819.4
2025-11-16 15:00,15,6,0,9.5,835.9
2025-11-16 16:00,16,6,0,10.8,833.3
2025-11-16 17:00,17,6,0,10.5,803.9
2025-11-16 18:00,18,6,0,10.5,744.7
2025-11-16 19:00,19,6,0,8.7,696.1
2025-11-16 20:00,20,6,0,7.9,633.9
2025-11-16 21:00,21,6,0,6.7,561.3
2025-11-16 22:00,22,6,0,5.6,500.2
2025-11-16 23:00,23,6,0,5.6,468.4
2025-11-17 00:00,0,0,0,4.1,540.7
2025-11-17 01:00,1,0,0,2.2,553.1
2025-11-17 02:00,2,0,0,2.4,597.1
2025-11-17 03:00,3,0,0,1.5,658.0
2025-11-17 04:00,4,0,0,2.3,711.2
2025-11-17 05:00,5,0,0,3.4,744.1
2025-11-17 06:00,6,0,0,3.1,786.1
2025-11-17 07:00,7,0,0,4.4,801.3
2025-11-17 08:00,8,0,0,5.5,823.3
2025-11-17 09:00,9,0,0,5.2,821.0
2025-11-17 10:00,10,0,0,5.5,827.6
2025-11-17 11:00,11,0,0,6.5,843.3
2025-11-17 12:00,12,0,0,7.6,881.4
2025-11-17 13:00,13,0,0,8.2,941.0
2025-11-17 14:00,14,0,0,9.2,959.4
2025-11-17 15:00,15,0,0,8.6,1008.2
2025-11-17 16:00,16,0,0,8.7,1015.9
2025-11-17 17:00,17,0,0,8.4,982.6
2025-11-17 18:00,18,0,0,7.1,934.1
2025-11-17 19:00,19,0,0,5.9,843.4
2025-11-17 20:00,20,0,0,5.3,734.9
2025-11-17 21:00,21,0,0,4.8,630.9
2025-11-17 22:00,22,0,0,4.0,561.8
2025-11-17 23:00,23,0,0,3.6,517.1
2025-11-18 00:00,0,1,0,3.4,503.9
2025-11-18 01:00,1,1,0,2.9,542.5
2025-11-18 02:00,2,1,0,2.2,589.1
2025-11-18 03:00,3,1,0,0.9,652.2
2025-11-18 04:00,4,1,0,2.1,711.8
2025-11-18 05:00,5,1,0,2.2,757.3
2025-11-18 06:00,6,1,0,3.1,796.0
2025-11-18 07:00,7,1,0,3.9,823.8
2025-11-18 08:00,8,1,0,4.8,832.0
2025-11-18 09:00,9,1,0,5.6,845.9
2025-11-18 10:00,10,1,0,6.6,851.5
2025-11-18 11:00,11,1,0,7.6,885.5
2025-11-18 12:00,12,1,0,8.5,904.0
2025-11-18 13:00,13,1,0,8.1,942.0
2025-11-18 14:00,14,1,0,9.2,983.7
2025-11-18 15:00,15,1,0,8.9,1027.5
2025-11-18 16:00,16,1,0,8.9,1020.0
2025-11-18 17:00,17,1,0,8.5,981.3
2025-11-18 18:00,18,1,0,8.7,923.1
2025-11-18 19:00,19,1,0,7.9,844.5
2025-11-18 20:00,20,1,0,7.1,734.5
2025-11-18 21:00,21,1,0,5.0,651.3
2025-11-18 22:00,22,1,0,3.9,583.0
2025-11-18 23:00,23,1,0,3.6,529.8
2025-11-19 00:00,0,2,0,2.5,500.2
2025-11-19 01:00,1,2,0,2.8,529.7
2025-11-19 02:00,2,2,0,2.4,573.4
2025-11-19 03:00,3,2,0,3.0,612.5
2025-11-19 04:00,4,2,0,4.0,691.3
2025-11-19 05:00,5,2,0,4.9,740.5
2025-11-19 06:00,6,2,0,5.0,780.8
2025-11-19 07:00,7,2,0,7.0,800.5
2025-11-19 08:00,8,2,0,8.2,789.7
2025-11-19 09:00,9,2,0,8.6,814.3
2025-11-19 10:00,10,2,0,10.8,802.5
2025-11-19 11:00,11,2,0,11.3,843.9
2025-11-19 12:00,12,2,0,12.0,867.9
2025-11-19 13:00,13,2,0,13.2,893.9
2025-11-19 14:00,14,2,0,13.9,941.2
2025-11-19 15:00,15,2,0,13.4,965.1
2025-11-19 16:00,16,2,0,14.8,944.2
2025-11-19 17:00,17,2,0,13.5,915.7
2025-11-19 18:00,18,2,0,12.3,862.3
2025-11-19 19:00,19,2,0,11.7,773.3
2025-11-19 20:00,20,2,0,11.9,682.2
2025-11-19 21:00,21,2,0,9.6,595.6
2025-11-19 22:00,22,2,0,8.0,533.3
2025-11-19 23:00,23,2,0,7.0,497.5
2025-11-20 00:00,0,3,0,6.2,487.0
2025-11-20 01:00,1,3,0,5.3,504.3
2025-11-20 02:00,2,3,0,5.1,548.8
2025-11-20 03:00,3,3,0,4.5,617.0
2025-11-20 04:00,4,3,0,4.3,667.9
2025-11-20 05:00,5,3,0,3.7,732.9
2025-11-20 06:00,6,3,0,4.7,766.4
2025-11-20 07:00,7,3,0,5.0,784.2
2025-11-20 08:00,8,3,0,6.1,796.5
2025-11-20 09:00,9,3,0,8.2,795.9
2025-11-20 10:00,10,3,0,10.4,807.0
2025-11-20 11:00,11,3,0,11.4,828.6
2025-11-20 12:00,12,3,0,12.1,851.2
2025-11-20 13:00,13,3,0,12.1,890.7
2025-11-20 14:00,14,3,0,12.5,927.0
2025-11-20 15:00,15,3,0,12.6,956.0
2025-11-20 16:00,16,3,0,11.6,960.7
2025-11-20 17:00,17,3,0,11.0,930.6
2025-11-20 18:00,18,3,0,10.5,870.3
2025-11-20 19:00,19,3,0,10.0,794.3
2025-11-20 20:00,20,3,0,8.5,705.4
2025-11-20 21:00,21,3,0,7.1,625.8
2025-11-20 22:00,22,3,0,5.5,551.4
2025-11-20 23:00,23,3,0,5.0,502.0
2025-11-21 00:00,0,4,0,3.5,489.5
2025-11-21 01:00,1,4,0,3.2,501.9
2025-11-21 02:00,2,4,0,2.7,553.5
2025-11-21 03:00,3,4,0,3.0,617.3
2025-11-21 04:00,4,4,0,4.4,666.9
2025-11-21 05:00,5,4,0,4.2,724.7
2025-11-21 06:00,6,4,0,5.0,749.7
2025-11-21 07:00,7,4,0,5.6,780.3
2025-11-21 08:00,8,4,0,7.4,776.7
2025-11-21 09:00,9,4,0,8.8,766.1
2025-11-21 10:00,10,4,0,9.7,779.6
2025-11-21 11:00,11,4,0,10.5,799.9
2025-11-21 12:00,12,4,0,12.2,838.3
2025-11-21 13:00,13,4,0,14.1,873.8
2025-11-21 14:00,14,4,0,13.5,930.6
2025-11-21 15:00,15,4,0,13.5,965.4
2025-11-21 16:00,16,4,0,12.6,980.3
2025-11-21 17:00,17,4,0,12.0,948.3
2025-11-21 18:00,18,4,0,11.3,918.4
2025-11-21 19:00,19,4,0,10.0,842.0
2025-11-21 20:00,20,4,0,9.8,753.2
2025-11-21 21:00,21,4,0,8.3,663.3
2025-11-21 22:00,22,4,0,7.6,589.1
2025-11-21 23:00,23,4,0,5.6,550.6
2025-11-22 00:00,0,5,0,4.1,487.8
2025-11-22 01:00,1,5,0,3.6,518.8
2025-11-22 02:00,2,5,0,3.7,556.6
2025-11-22 03:00,3,5,0,3.2,610.6
2025-11-22 04:00,4,5,0,3.9,669.4
2025-11-22 05:00,5,5,0,4.5,707.2
2025-11-22 06:00,6,5,0,4.2,744.4
2025-11-22 07:00,7,5,0,6.3,757.1
2025-11-22 08:00,8,5,0,6.6,761.6
2025-11-22 09:00,9,5,0,8.7,773.1
2025-11-22 10:00,10,5,0,8.8,772.1
2025-11-22 11:00,11,5,0,10.4,794.9
2025-11-22 12:00,12,5,0,11.8,816.0
2025-11-22 13:00,13,5,0,13.0,846.5
2025-11-22 14:00,14,5,0,13.1,869.6
2025-11-22 15:00,15,5,0,13.7,872.7
2025-11-22 16:00,16,5,0,12.0,878.6
2025-11-22 17:00,17,5,0,11.6,855.3
2025-11-22 18:00,18,5,0,10.9,820.8
2025-11-22 19:00,19,5,0,9.8,749.5
2025-11-22 20:00,20,5,0,9.8,668.4
2025-11-22 21:00,21,5,0,9.1,600.9
2025-11-22 22:00,22,5,0,8.4,518.0
2025-11-22 23:00,23,5,0,7.6,482.3
2025-11-23 00:00,0,6,0,6.9,455.5
2025-11-23 01:00,1,6,0,6.5,474.7
2025-11-23 02:00,2,6,0,5.1,508.1
2025-11-23 03:00,3,6,0,4.9,573.6
2025-11-23 04:00,4,6,0,5.9,603.0
2025-11-23 05:00,5,6,0,6.3,646.3
2025-11-23 06:00,6,6,0,6.4,679.6
2025-11-23 07:00,7,6,0,7.1,702.3
2025-11-23 08:00,8,6,0,8.0,686.6
2025-11-23 09:00,9,6,0,9.1,684.1
2025-11-23 10:00,10,6,0,10.3,702.0
2025-11-23 11:00,11,6,0,11.4,723.7
2025-11-23 12:00,12,6,0,12.7,730.3
2025-11-23 13:00,13,6,0,12.7,765.2
2025-11-23 14:00,14,6,0,12.7,794.3
2025-11-23 15:00,15,6,0,12.1,823.7
2025-11-23 16:00,16,6,0,11.8,823.9
2025-11-23 17:00,17,6,0,12.0,805.4
2025-11-23 18:00,18,6,0,11.7,765.9
2025-11-23 19:00,19,6,0,10.2,697.9
2025-11-23 20:00,20,6,0,8.3,637.6
2025-11-23 21:00,21,6,0,6.6,563.9
2025-11-23 22:00,22,6,0,6.1,526.9
2025-11-23 23:00,23,6,0,5.8,474.3
2025-11-24 00:00,0,0,0,5.6,525.5
2025-11-24 01:00,1,0,0,3.8,533.9
2025-11-24 02:00,2,0,0,1.9,567.9
2025-11-24 03:00,3,0,0,2.8,633.1
2025-11-24 04:00,4,0,0,2.8,699.3
2025-11-24 05:00,5,0,0,3.2,767.5
2025-11-24 06:00,6,0,0,3.9,799.0
2025-11-24 07:00,7,0,0,4.4,824.2
2025-11-24 08:00,8,0,0,5.6,809.0
2025-11-24 09:00,9,0,0,5.7,817.8
2025-11-24 10:00,10,0,0,5.6,843.0
2025-11-24 11:00,11,0,0,6.0,862.4
2025-11-24 12:00,12,0,0,6.3,890.8
2025-11-24 13:00,13,0,0,7.2,930.7
2025-11-24 14:00,14,0,0,7.3,964.8
2025-11-24 15:00,15,0,0,6.6,1003.8
2025-11-24 16:00,16,0,0,6.8,1006.3
2025-11-24 17:00,17,0,0,5.6,980.1
2025-11-24 18:00,18,0,0,5.4,929.3
2025-11-24 19:00,19,0,0,5.4,856.3
2025-11-24 20:00,20,0,0,5.1,752.9
2025-11-24 21:00,21,0,0,3.7,662.7
2025-11-24 22:00,22,0,0,3.3,582.7
2025-11-24 23:00,23,0,0,1.7,532.6
2025-11-25 00:00,0,1,0,0.9,514.7
2025-11-25 01:00,1,1,0,-0.4,544.5
2025-11-25 02:00,2,1,0,-0.9,580.4
2025-11-25 03:00,3,1,0,-1.7,660.8
2025-11-25 04:00,4,1,0,-1.2,733.3
2025-11-25 05:00,5,1,0,-0.8,798.1
2025-11-25 06:00,6,1,0,-0.5,834.4
2025-11-25 07:00,7,1,0,0.5,850.7
2025-11-25 08:00,8,1,0,1.3,851.7
2025-11-25 09:00,9,1,0,2.6,850.7
2025-11-25 10:00,10,1,0,3.0,861.1
2025-11-25 11:00,11,1,0,4.8,884.0
2025-11-25 12:00,12,1,0,4.9,925.2
2025-11-25 13:00,13,1,0,5.5,972.9
2025-11-25 14:00,14,1,0,6.9,1004.7
2025-11-25 15:00,15,1,0,7.2,1009.8
2025-11-25 16:00,16,1,0,6.1,1028.1
2025-11-25 17:00,17,1,0,5.2,996.5
2025-11-25 18:00,18,1,0,4.6,924.5
2025-11-25 19:00,19,1,0,3.2,847.8
2025-11-25 20:00,20,1,0,2.0,747.8
2025-11-25 21:00,21,1,0,0.9,667.1
2025-11-25 22:00,22,1,0,-0.0,581.3
2025-11-25 23:00,23,1,0,-1.3,533.8
2025-11-26 00:00,0,2,0,-2.0,512.3
2025-11-26 01:00,1,2,0,-2.6,549.3
2025-11-26 02:00,2,2,0,-2.3,587.7
2025-11-26 03:00,3,2,0,-3.2,645.1
2025-11-26 04:00,4,2,0,-3.8,692.7
2025-11-26 05:00,5,2,0,-4.1,766.1
2025-11-26 06:00,6,2,0,-4.2,824.8
2025-11-26 07:00,7,2,0,-3.8,838.4
2025-11-26 08:00,8,2,0,-3.5,843.8
2025-11-26 09:00,9,2,0,-2.6,860.5
2025-11-26 10:00,10,2,0,-2.1,875.9
2025-11-26 11:00,11,2,0,0.4,901.1
2025-11-26 12:00,12,2,0,0.9,926.2
2025-11-26 13:00,13,2,0,2.2,947.5
2025-11-26 14:00,14,2,0,2.4,1000.4
2025-11-26 15:00,15,2,0,2.2,1033.3
2025-11-26 16:00,16,2,0,1.5,1041.0
2025-11-26 17:00,17,2,0,1.3,999.9
2025-11-26 18:00,18,2,0,0.6,944.5
2025-11-26 19:00,19,2,0,-0.8,867.5
2025-11-26 20:00,20,2,0,-1.4,780.4
2025-11-26 21:00,21,2,0,-2.2,696.4
2025-11-26 22:00,22,2,0,-3.1,623.4
2025-11-26 23:00,23,2,0,-4.6,598.0
2025-11-27 00:00,0,3,0,-5.3,602.8
2025-11-27 01:00,1,3,0,-5.3,608.8
2025-11-27 02:00,2,3,0,-5.7,654.3
2025-11-27 03:00,3,3,0,-6.2,711.4
2025-11-27 04:00,4,3,0,-6.4,768.4
2025-11-27 05:00,5,3,0,-4.5,795.8
2025-11-27 06:00,6,3,0,-3.7,817.3
2025-11-27 07:00,7,3,0,-2.9,822.9
2025-11-27 08:00,8,3,0,-1.6,846.5
2025-11-27 09:00,9,3,0,-0.8,860.5
2025-11-27 10:00,10,3,0,-0.4,875.5
2025-11-27 11:00,11,3,0,0.8,891.6
2025-11-27 12:00,12,3,0,2.0,936.2
2025-11-27 13:00,13,3,0,3.3,965.3
2025-11-27 14:00,14,3,0,3.9,996.8
2025-11-27 15:00,15,3,0,4.2,1031.8
2025-11-27 16:00,16,3,0,4.3,1023.0
2025-11-27 17:00,17,3,0,4.5,1003.3
2025-11-27 18:00,18,3,0,3.9,928.3
2025-11-27 19:00,19,3,0,2.3,864.0
2025-11-27 20:00,20,3,0,1.3,789.0
2025-11-27 21:00,21,3,0,1.0,683.4
2025-11-27 22:00,22,3,0,0.5,585.3
2025-11-27 23:00,23,3,0,-0.0,551.0
2025-11-28 00:00,0,4,0,-1.2,542.7
2025-11-28 01:00,1,4,0,-1.6,574.2
2025-11-28 02:00,2,4,0,-2.0,616.1
2025-11-28 03:00,3,4,0,-2.2,672.4
2025-11-28 04:00,4,4,0,-1.6,715.4
2025-11-28 05:00,5,4,0,-1.3,762.4
2025-11-28 06:00,6,4,0,-0.3,788.9
2025-11-28 07:00,7,4,0,0.7,815.8
2025-11-28 08:00,8,4,0,1.6,823.2
2025-11-28 09:00,9,4,0,2.7,854.8
2025-11-28 10:00,10,4,0,3.5,868.8
2025-11-28 11:00,11,4,0,4.1,871.7
2025-11-28 12:00,12,4,0,5.1,899.0
2025-11-28 13:00,13,4,0,6.4,927.7
2025-11-28 14:00,14,4,0,5.7,994.4
2025-11-28 15:00,15,4,0,5.9,996.3
2025-11-28 16:00,16,4,0,6.9,1002.3
2025-11-28 17:00,17,4,0,6.6,982.8
2025-11-28 18:00,18,4,0,6.5,925.0
2025-11-28 19:00,19,4,0,5.1,848.9
2025-11-28 20:00,20,4,0,3.9,749.5
2025-11-28 21:00,21,4,0,3.5,653.0
2025-11-28 22:00,22,4,0,3.1,560.8
2025-11-28 23:00,23,4,0,1.8,531.8
2025-11-29 00:00,0,5,0,-0.2,475.9
2025-11-29 01:00,1,5,0,-0.9,507.4
2025-11-29 02:00,2,5,0,-1.6,560.7
2025-11-29 03:00,3,5,0,-1.8,615.6
2025-11-29 04:00,4,5,0,-2.5,666.0
2025-11-29 05:00,5,5,0,-2.6,704.9
2025-11-29 06:00,6,5,0,-0.8,738.0
2025-11-29 07:00,7,5,0,-0.8,752.7
2025-11-29 08:00,8,5,0,0.4,739.6
2025-11-29 09:00,9,5,0,2.0,761.8
2025-11-29 10:00,10,5,0,3.2,776.0
2025-11-29 11:00,11,5,0,3.9,800.4
2025-11-29 12:00,12,5,0,3.9,825.6
2025-11-29 13:00,13,5,0,3.9,845.9
2025-11-29 14:00,14,5,0,4.6,863.9
2025-11-29 15:00,15,5,0,4.8,904.4
2025-11-29 16:00,16,5,0,4.2,912.0
2025-11-29 17:00,17,5,0,4.1,888.1
2025-11-29 18:00,18,5,0,4.3,821.6
2025-11-29 19:00,19,5,0,3.4,752.3
2025-11-29 20:00,20,5,0,2.8,682.9
2025-11-29 21:00,21,5,0,1.9,614.9
2025-11-29 22:00,22,5,0,1.4,540.9
2025-11-29 23:00,23,5,0,0.7,484.8
2025-11-30 00:00,0,6,0,0.5,445.4
2025-11-30 01:00,1,6,0,-0.9,476.4
2025-11-30 02:00,2,6,0,-1.3,531.8
2025-11-30 03:00,3,6,0,-0.9,578.4
2025-11-30 04:00,4,6,0,-1.7,615.3
2025-11-30 05:00,5,6,0,-0.9,660.1
2025-11-30 06:00,6,6,0,-1.2,676.5
2025-11-30 07:00,7,6,0,0.1,693.1
2025-11-30 08:00,8,6,0,1.8,700.3
2025-11-30 09:00,9,6,0,2.4,733.5
2025-11-30 10:00,10,6,0,4.4,725.6
2025-11-30 11:00,11,6,0,4.8,740.9
2025-11-30 12:00,12,6,0,6.2,755.4
2025-11-30 13:00,13,6,0,6.6,816.5
2025-11-30 14:00,14,6,0,6.6,858.0
2025-11-30 15:00,15,6,0,5.8,886.2
2025-11-30 16:00,16,6,0,4.7,875.3
2025-11-30 17:00,17,6,0,4.6,843.5
2025-11-30 18:00,18,6,0,4.2,799.9
2025-11-30 19:00,19,6,0,5.1,724.0
2025-11-30 20:00,20,6,0,3.1,658.3
2025-11-30 21:00,21,6,0,2.3,574.3
2025-11-30 22:00,22,6,0,1.9,506.0
2025-11-30 23:00,23,6,0,1.0,496.4
2025-12-01 00:00,0,0,0,0.5,552.6
2025-12-01 01:00,1,0,0,-1.2,568.6
2025-12-01 02:00,2,0,0,-1.9,615.5
2025-12-01 03:00,3,0,0,-2.4,680.7
2025-12-01 04:00,4,0,0,-1.4,703.1
2025-12-01 05:00,5,0,0,-1.2,780.0
2025-12-01 06:00,6,0,0,-0.7,800.1
2025-12-01 07:00,7,0,0,0.3,827.8
2025-12-01 08:00,8,0,0,1.0,829.9
2025-12-01 09:00,9,0,0,1.7,833.6
2025-12-01 10:00,10,0,0,1.9,853.2
2025-12-01 11:00,11,0,0,3.9,875.2
2025-12-01 12:00,12,0,0,4.4,927.5
2025-12-01 13:00,13,0,0,6.1,952.8
2025-12-01 14:00,14,0,0,6.7,977.0
2025-12-01 15:00,15,0,0,7.3,1005.2
2025-12-01 16:00,16,0,0,7.5,1004.8
2025-12-01 17:00,17,0,0,7.9,973.2
2025-12-01 18:00,18,0,0,6.3,914.8
2025-12-01 19:00,19,0,0,6.8,825.5
2025-12-01 20:00,20,0,0,6.3,747.9
2025-12-01 21:00,21,0,0,4.5,674.8
2025-12-01 22:00,22,0,0,3.9,612.6
2025-12-01 23:00,23,0,0,2.4,574.9
2025-12-02 00:00,0,1,0,2.0,557.1
2025-12-02 01:00,1,1,0,1.0,573.0
2025-12-02 02:00,2,1,0,0.8,619.3
2025-12-02 03:00,3,1,0,1.0,661.5
2025-12-02 04:00,4,1,0,-0.3,730.0
2025-12-02 05:00,5,1,0,0.7,776.1
2025-12-02 06:00,6,1,0,1.3,813.7
2025-12-02 07:00,7,1,0,2.3,837.2
2025-12-02 08:00,8,1,0,3.2,846.6
2025-12-02 09:00,9,1,0,4.5,854.1
2025-12-02 10:00,10,1,0,5.7,865.9
2025-12-02 11:00,11,1,0,6.3,890.6
2025-12-02 12:00,12,1,0,7.0,927.8
2025-12-02 13:00,13,1,0,8.5,947.0
2025-12-02 14:00,14,1,0,8.8,997.3
2025-12-02 15:00,15,1,0,8.4,1034.2
2025-12-02 16:00,16,1,0,8.5,1035.0
2025-12-02 17:00,17,1,0,7.6,1001.9
2025-12-02 18:00,18,1,0,5.7,961.2
2025-12-02 19:00,19,1,0,6.9,878.5
2025-12-02 20:00,20,1,0,6.0,770.4
2025-12-02 21:00,21,1,0,4.8,676.9
2025-12-02 22:00,22,1,0,4.6,610.2
2025-12-02 23:00,23,1,0,4.9,540.2
2025-12-03 00:00,0,2,0,3.6,521.6
2025-12-03 01:00,1,2,0,3.0,554.2
2025-12-03 02:00,2,2,0,3.0,597.8
2025-12-03 03:00,3,2,0,2.2,651.2
2025-12-03 04:00,4,2,0,2.4,706.9
2025-12-03 05:00,5,2,0,3.6,742.5
2025-12-03 06:00,6,2,0,5.0,777.1
2025-12-03 07:00,7,2,0,6.3,799.2
2025-12-03 08:00,8,2,0,7.5,811.6
2025-12-03 09:00,9,2,0,8.7,815.3
2025-12-03 10:00,10,2,0,9.4,825.9
2025-12-03 11:00,11,2,0,10.0,852.0
2025-12-03 12:00,12,2,0,9.7,893.7
2025-12-03 13:00,13,2,0,10.6,941.8
2025-12-03 14:00,14,2,0,10.8,995.6
2025-12-03 15:00,15,2,0,10.7,1007.7
2025-12-03 16:00,16,2,0,10.2,1005.3
2025-12-03 17:00,17,2,0,10.0,987.1
2025-12-03 18:00,18,2,0,10.1,914.4
2025-12-03 19:00,19,2,0,8.9,847.1
2025-12-03 20:00,20,2,0,6.9,745.8
2025-12-03 21:00,21,2,0,5.4,666.5
2025-12-03 22:00,22,2,0,3.5,598.5
2025-12-03 23:00,23,2,0,1.7,544.2
2025-12-04 00:00,0,3,0,0.8,541.4
2025-12-04 01:00,1,3,0,0.6,557.1
2025-12-04 02:00,2,3,0,-0.7,590.4
2025-12-04 03:00,3,3,0,-0.3,663.0
2025-12-04 04:00,4,3,0,-0.4,729.1
2025-12-04 05:00,5,3,0,0.7,766.9
2025-12-04 06:00,6,3,0,1.6,797.8
2025-12-04 07:00,7,3,0,3.1,826.0
2025-12-04 08:00,8,3,0,4.9,837.0
2025-12-04 09:00,9,3,0,5.4,845.6
2025-12-04 10:00,10,3,0,7.0,844.3
2025-12-04 11:00,11,3,0,8.4,863.5
2025-12-04 12:00,12,3,0,9.6,897.1
2025-12-04 13:00,13,3,0,9.7,931.1
2025-12-04 14:00,14,3,0,9.5,977.5
2025-12-04 15:00,15,3,0,9.6,1001.3
2025-12-04 16:00,16,3,0,9.4,1016.9
2025-12-04 17:00,17,3,0,9.6,989.3
2025-12-04 18:00,18,3,0,9.0,921.8
2025-12-04 19:00,19,3,0,7.4,845.3
2025-12-04 20:00,20,3,0,6.6,747.5
2025-12-04 21:00,21,3,0,5.6,665.5
2025-12-04 22:00,22,3,0,4.3,579.3
2025-12-04 23:00,23,3,0,3.5,534.9
2025-12-05 00:00,0,4,0,2.5,532.2
2025-12-05 01:00,1,4,0,1.8,559.1
2025-12-05 02:00,2,4,0,0.7,603.1
2025-12-05 03:00,3,4,0,1.6,650.8
2025-12-05 04:00,4,4,0,1.9,707.6
2025-12-05 05:00,5,4,0,2.1,772.6
2025-12-05 06:00,6,4,0,2.0,807.2
2025-12-05 07:00,7,4,0,3.2,813.0
2025-12-05 08:00,8,4,0,4.2,831.7
2025-12-05 09:00,9,4,0,4.8,827.7
2025-12-05 10:00,10,4,0,5.9,830.8
2025-12-05 11:00,11,4,0,6.5,868.4
2025-12-05 12:00,12,4,0,7.8,895.8
2025-12-05 13:00,13,4,0,6.9,947.6
2025-12-05 14:00,14,4,0,7.4,980.0
2025-12-05 15:00,15,4,0,7.7,1002.6
2025-12-05 16:00,16,4,0,6.7,1013.6
2025-12-05 17:00,17,4,0,6.6,964.4
2025-12-05 18:00,18,4,0,5.5,892.6
2025-12-05 19:00,19,4,0,4.3,815.0
2025-12-05 20:00,20,4,0,3.5,724.1
2025-12-05 21:00,21,4,0,2.6,639.3
2025-12-05 22:00,22,4,0,1.5,563.0
2025-12-05 23:00,23,4,0,1.1,518.4
2025-12-06 00:00,0,5,0,0.4,467.5
2025-12-06 01:00,1,5,0,-0.5,487.2
2025-12-06 02:00,2,5,0,-0.3,531.5
2025-12-06 03:00,3,5,0,-0.6,599.8
2025-12-06 04:00,4,5,0,-1.8,657.9
2025-12-06 05:00,5,5,0,0.3,681.3
2025-12-06 06:00,6,5,0,0.4,737.8
2025-12-06 07:00,7,5,0,1.6,742.8
2025-12-06 08:00,8,5,0,2.3,739.5
2025-12-06 09:00,9,5,0,3.4,738.8
2025-12-06 10:00,10,5,0,4.6,745.0
2025-12-06 11:00,11,5,0,6.3,781.7
2025-12-06 12:00,12,5,0,7.9,792.1
2025-12-06 13:00,13,5,0,7.8,827.3
2025-12-06 14:00,14,5,0,9.0,839.1
2025-12-06 15:00,15,5,0,9.4,876.1
2025-12-06 16:00,16,5,0,9.8,886.5
2025-12-06 17:00,17,5,0,8.9,864.0
2025-12-06 18:00,18,5,0,8.0,803.1
2025-12-06 19:00,19,5,0,7.1,736.8
2025-12-06 20:00,20,5,0,6.4,650.9
2025-12-06 21:00,21,5,0,5.0,580.9
2025-12-06 22:00,22,5,0,4.1,516.9
2025-12-06 23:00,23,5,0,3.6,466.1
2025-12-07 00:00,0,6,0,2.8,444.6
2025-12-07 01:00,1,6,0,1.9,457.1
2025-12-07 02:00,2,6,0,1.1,502.9
2025-12-07 03:00,3,6,0,0.4,564.9
2025-12-07 04:00,4,6,0,0.9,614.3
2025-12-07 05:00,5,6,0,1.1,656.3
2025-12-07 06:00,6,6,0,1.4,674.7
2025-12-07 07:00,7,6,0,2.4,689.9
2025-12-07 08:00,8,6,0,3.6,700.8
2025-12-07 09:00,9,6,0,5.0,697.6
2025-12-07 10:00,10,6,0,4.7,722.4
2025-12-07 11:00,11,6,0,6.4,744.9
2025-12-07 12:00,12,6,0,7.7,757.0
2025-12-07 13:00,13,6,0,8.6,797.9
2025-12-07 14:00,14,6,0,8.5,829.2
2025-12-07 15:00,15,6,0,8.1,839.6
2025-12-07 16:00,16,6,0,7.3,856.0
2025-12-07 17:00,17,6,0,6.5,835.0
2025-12-07 18:00,18,6,0,5.9,787.7
2025-12-07 19:00,19,6,0,3.4,730.5
2025-12-07 20:00,20,6,0,2.1,671.5
2025-12-07 21:00,21,6,0,1.9,590.5
2025-12-07 22:00,22,6,0,0.4,538.0
2025-12-07 23:00,23,6,0,-0.9,495.8
2025-12-08 00:00,0,0,0,-1.1,558.7
2025-12-08 01:00,1,0,0,-2.0,565.5
2025-12-08 02:00,2,0,0,-2.1,597.3
2025-12-08 03:00,3,0,0,-2.5,654.2
2025-12-08 04:00,4,0,0,-2.1,731.1
2025-12-08 05:00,5,0,0,-2.3,780.5
2025-12-08 06:00,6,0,0,-1.7,814.6
2025-12-08 07:00,7,0,0,-0.3,822.9
2025-12-08 08:00,8,0,0,0.4,856.2
2025-12-08 09:00,9,0,0,2.3,846.2
2025-12-08 10:00,10,0,0,3.0,866.6
2025-12-08 11:00,11,0,0,4.2,880.8
2025-12-08 12:00,12,0,0,5.6,913.6
2025-12-08 13:00,13,0,0,6.9,953.0
2025-12-08 14:00,14,0,0,7.3,984.9
2025-12-08 15:00,15,0,0,7.4,1031.0
2025-12-08 16:00,16,0,0,6.6,1025.0
2025-12-08 17:00,17,0,0,6.5,993.9
2025-12-08 18:00,18,0,0,7.6,933.2
2025-12-08 19:00,19,0,0,6.4,860.7
2025-12-08 20:00,20,0,0,5.3,763.3
2025-12-08 21:00,21,0,0,4.2,670.0
2025-12-08 22:00,22,0,0,3.4,591.7
2025-12-08 23:00,23,0,0,1.9,531.5
2025-12-09 00:00,0,1,0,0.4,543.3
2025-12-09 01:00,1,1,0,0.9,565.8
2025-12-09 02:00,2,1,0,1.4,582.3
2025-12-09 03:00,3,1,0,1.9,631.2
2025-12-09 04:00,4,1,0,1.6,709.0
2025-12-09 05:00,5,1,0,1.9,740.7
2025-12-09 06:00,6,1,0,3.2,779.9
2025-12-09 07:00,7,1,0,3.8,813.0
2025-12-09 08:00,8,1,0,5.6,801.1
2025-12-09 09:00,9,1,0,6.1,819.3
2025-12-09 10:00,10,1,0,7.0,824.2
2025-12-09 11:00,11,1,0,8.2,860.7
2025-12-09 12:00,12,1,0,10.1,876.7
2025-12-09 13:00,13,1,0,9.9,923.9
2025-12-09 14:00,14,1,0,11.0,958.7
2025-12-09 15:00,15,1,0,10.0,1001.4
2025-12-09 16:00,16,1,0,9.3,1008.4
2025-12-09 17:00,17,1,0,8.1,975.0
2025-12-09 18:00,18,1,0,7.2,922.6
2025-12-09 19:00,19,1,0,6.4,834.6
2025-12-09 20:00,20,1,0,5.0,736.8
2025-12-09 21:00,21,1,0,4.3,648.6
2025-12-09 22:00,22,1,0,2.3,598.1
2025-12-09 23:00,23,1,0,0.8,549.1
2025-12-10 00:00,0,2,0,0.0,513.9
2025-12-10 01:00,1,2,0,-0.4,559.3
2025-12-10 02:00,2,2,0,-0.8,612.3
2025-12-10 03:00,3,2,0,-0.6,667.9
2025-12-10 04:00,4,2,0,0.4,719.3
2025-12-10 05:00,5,2,0,0.9,761.1
2025-12-10 06:00,6,2,0,2.5,796.6
2025-12-10 07:00,7,2,0,3.9,800.4
2025-12-10 08:00,8,2,0,4.4,813.4
2025-12-10 09:00,9,2,0,5.2,814.5
2025-12-10 10:00,10,2,0,5.6,826.4
2025-12-10 11:00,11,2,0,6.3,855.8
2025-12-10 12:00,12,2,0,7.2,889.3
2025-12-10 13:00,13,2,0,7.3,908.5
2025-12-10 14:00,14,2,0,6.6,970.7
2025-12-10 15:00,15,2,0,6.4,994.7
2025-12-10 16:00,16,2,0,6.4,974.6
2025-12-10 17:00,17,2,0,5.1,973.0
2025-12-10 18:00,18,2,0,4.8,920.8
2025-12-10 19:00,19,2,0,3.5,840.9
2025-12-10 20:00,20,2,0,2.4,745.7
2025-12-10 21:00,21,2,0,1.2,665.7
2025-12-10 22:00,22,2,0,-0.3,598.6
2025-12-10 23:00,23,2,0,-1.9,540.5
2025-12-11 00:00,0,3,0,-2.3,530.0
2025-12-11 01:00,1,3,0,-2.8,564.3
2025-12-11 02:00,2,3,0,-2.7,616.8
2025-12-11 03:00,3,3,0,-2.5,673.0
2025-12-11 04:00,4,3,0,-2.8,735.5
2025-12-11 05:00,5,3,0,-1.7,770.0
2025-12-11 06:00,6,3,0,-1.1,813.2
2025-12-11 07:00,7,3,0,-0.1,842.9
2025-12-11 08:00,8,3,0,2.0,838.9
2025-12-11 09:00,9,3,0,3.3,826.9
2025-12-11 10:00,10,3,0,4.4,849.7
2025-12-11 11:00,11,3,0,5.4,877.1
2025-12-11 12:00,12,3,0,6.4,906.5
2025-12-11 13:00,13,3,0,7.2,983.9
2025-12-11 14:00,14,3,0,6.8,998.3
2025-12-11 15:00,15,3,0,6.9,1030.3
2025-12-11 16:00,16,3,0,6.2,1023.7
2025-12-11 17:00,17,3,0,5.0,993.2
2025-12-11 18:00,18,3,0,5.6,930.0
2025-12-11 19:00,19,3,0,5.2,856.2
2025-12-11 20:00,20,3,0,3.9,741.2
2025-12-11 21:00,21,3,0,2.6,669.2
2025-12-11 22:00,22,3,0,0.9,586.9
2025-12-11 23:00,23,3,0,0.3,523.5
2025-12-12 00:00,0,4,0,-2.1,520.9
2025-12-12 01:00,1,4,0,-3.9,556.8
2025-12-12 02:00,2,4,0,-4.4,630.1
2025-12-12 03:00,3,4,0,-4.0,684.8
2025-12-12 04:00,4,4,0,-3.8,747.7
2025-12-12 05:00,5,4,0,-3.9,782.4
2025-12-12 06:00,6,4,0,-3.3,817.0
2025-12-12 07:00,7,4,0,-2.6,838.1
2025-12-12 08:00,8,4,0,-1.7,856.0
2025-12-12 09:00,9,4,0,0.2,860.3
2025-12-12 10:00,10,4,0,1.8,858.2
2025-12-12 11:00,11,4,0,3.0,886.8
2025-12-12 12:00,12,4,0,3.9,931.6
2025-12-12 13:00,13,4,0,4.7,971.9
2025-12-12 14:00,14,4,0,5.4,1009.6
2025-12-12 15:00,15,4,0,5.6,1032.7
2025-12-12 16:00,16,4,0,6.3,1025.1
2025-12-12 17:00,17,4,0,5.1,997.2
2025-12-12 18:00,18,4,0,4.4,927.3
2025-12-12 19:00,19,4,0,2.6,849.2
2025-12-12 20:00,20,4,0,2.5,766.6
2025-12-12 21:00,21,4,0,0.8,677.8
2025-12-12 22:00,22,4,0,0.3,599.0
2025-12-12 23:00,23,4,0,-0.3,562.3
2025-12-13 00:00,0,5,0,-1.6,516.7
2025-12-13 01:00,1,5,0,-1.8,531.7
2025-12-13 02:00,2,5,0,-2.1,570.3
2025-12-13 03:00,3,5,0,-2.1,616.3
2025-12-13 04:00,4,5,0,-2.0,665.3
2025-12-13 05:00,5,5,0,-1.8,710.8
2025-12-13 06:00,6,5,0,-1.9,755.2
2025-12-13 07:00,7,5,0,-0.3,781.6
2025-12-13 08:00,8,5,0,0.1,793.7
2025-12-13 09:00,9,5,0,1.5,798.6
2025-12-13 10:00,10,5,0,3.6,812.6
2025-12-13 11:00,11,5,0,4.2,844.4
2025-12-13 12:00,12,5,0,5.3,868.2
2025-12-13 13:00,13,5,0,6.7,882.7
2025-12-13 14:00,14,5,0,6.8,921.8
2025-12-13 15:00,15,5,0,7.4,940.2
2025-12-13 16:00,16,5,0,7.0,946.4
2025-12-13 17:00,17,5,0,6.6,913.9
2025-12-13 18:00,18,5,0,5.7,858.1
2025-12-13 19:00,19,5,0,4.4,769.1
2025-12-13 20:00,20,5,0,3.3,693.1
2025-12-13 21:00,21,5,0,2.3,607.5
2025-12-13 22:00,22,5,0,1.4,554.2
2025-12-13 23:00,23,5,0,0.8,526.2
2025-12-14 00:00,0,6,0,0.5,479.1
2025-12-14 01:00,1,6,0,-0.6,486.5
2025-12-14 02:00,2,6,0,-1.7,536.7
2025-12-14 03:00,3,6,0,-2.0,578.5
2025-12-14 04:00,4,6,0,-2.2,619.1
2025-12-14 05:00,5,6,0,-1.3,644.5
2025-12-14 06:00,6,6,0,-1.4,682.1
2025-12-14 07:00,7,6,0,-0.1,704.5
2025-12-14 08:00,8,6,0,0.5,711.1
2025-12-14 09:00,9,6,0,1.3,714.9
2025-12-14 10:00,10,6,0,2.2,738.7
2025-12-14 11:00,11,6,0,3.4,773.0
2025-12-14 12:00,12,6,0,4.1,802.8
2025-12-14 13:00,13,6,0,4.7,826.4
2025-12-14 14:00,14,6,0,4.9,866.1
2025-12-14 15:00,15,6,0,4.6,878.3
2025-12-14 16:00,16,6,0,4.3,890.3
2025-12-14 17:00,17,6,0,3.7,850.8
2025-12-14 18:00,18,6,0,2.5,800.2
2025-12-14 19:00,19,6,0,3.3,738.2
2025-12-14 20:00,20,6,0,2.5,653.9
2025-12-14 21:00,21,6,0,2.1,560.9
2025-12-14 22:00,22,6,0,1.1,501.4
2025-12-14 23:00,23,6,0,0.7,464.1
2025-12-15 00:00,0,0,0,-0.1,521.8
2025-12-15 01:00,1,0,0,-1.5,540.1
2025-12-15 02:00,2,0,0,-1.1,575.8
2025-12-15 03:00,3,0,0,-2.5,651.1
2025-12-15 04:00,4,0,0,-1.8,718.6
2025-12-15 05:00,5,0,0,-0.7,772.9
2025-12-15 06:00,6,0,0,-0.1,784.6
2025-12-15 07:00,7,0,0,0.6,806.9
2025-12-15 08:00,8,0,0,2.0,802.7
2025-12-15 09:00,9,0,0,3.2,812.5
2025-12-15 10:00,10,0,0,4.0,826.4
2025-12-15 11:00,11,0,0,3.9,865.2
2025-12-15 12:00,12,0,0,4.9,893.2
2025-12-15 13:00,13,0,0,5.8,936.4
2025-12-15 14:00,14,0,0,5.3,985.1
2025-12-15 15:00,15,0,0,5.0,1009.3
2025-12-15 16:00,16,0,0,4.2,1010.7
2025-12-15 17:00,17,0,0,3.4,991.5
2025-12-15 18:00,18,0,0,2.5,923.9
2025-12-15 19:00,19,0,0,1.3,849.6
2025-12-15 20:00,20,0,0,1.0,771.9
2025-12-15 21:00,21,0,0,0.2,688.9
2025-12-15 22:00,22,0,0,-0.9,617.7
2025-12-15 23:00,23,0,0,-2.3,582.1
2025-12-16 00:00,0,1,0,-3.7,580.6
2025-12-16 01:00,1,1,0,-4.2,592.8
2025-12-16 02:00,2,1,0,-3.5,613.0
2025-12-16 03:00,3,1,0,-3.2,676.4
2025-12-16 04:00,4,1,0,-3.5,757.7
2025-12-16 05:00,5,1,0,-2.8,802.9
2025-12-16 06:00,6,1,0,-1.8,834.5
2025-12-16 07:00,7,1,0,-1.0,847.0
2025-12-16 08:00,8,1,0,-0.0,851.0
2025-12-16 09:00,9,1,0,0.1,857.5
2025-12-16 10:00,10,1,0,0.7,877.6
2025-12-16 11:00,11,1,0,2.4,890.0
2025-12-16 12:00,12,1,0,2.8,909.6
2025-12-16 13:00,13,1,0,4.0,958.1
2025-12-16 14:00,14,1,0,4.9,979.3
2025-12-16 15:00,15,1,0,5.9,1017.9
2025-12-16 16:00,16,1,0,6.1,1022.0
2025-12-16 17:00,17,1,0,5.2,991.1
2025-12-16 18:00,18,1,0,4.3,923.5
2025-12-16 19:00,19,1,0,3.8,820.7
2025-12-16 20:00,20,1,0,3.0,728.5
2025-12-16 21:00,21,1,0,2.2,642.1
2025-12-16 22:00,22,1,0,1.3,567.0
2025-12-16 23:00,23,1,0,0.1,525.1
2025-12-17 00:00,0,2,0,-1.0,528.0
2025-12-17 01:00,1,2,0,-2.3,542.7
2025-12-17 02:00,2,2,0,-3.6,619.4
2025-12-17 03:00,3,2,0,-3.4,655.2
2025-12-17 04:00,4,2,0,-2.8,716.4
2025-12-17 05:00,5,2,0,-1.5,766.9
2025-12-17 06:00,6,2,0,-1.6,811.8
2025-12-17 07:00,7,2,0,-0.6,827.6
2025-12-17 08:00,8,2,0,-0.6,848.1
2025-12-17 09:00,9,2,0,0.3,857.6
2025-12-17 10:00,10,2,0,0.0,878.3
2025-12-17 11:00,11,2,0,1.8,876.6
2025-12-17 12:00,12,2,0,3.0,905.0
2025-12-17 13:00,13,2,0,3.3,939.4
2025-12-17 14:00,14,2,0,3.6,978.8
2025-12-17 15:00,15,2,0,3.5,1011.0
2025-12-17 16:00,16,2,0,4.2,996.3
2025-12-17 17:00,17,2,0,3.8,981.3
2025-12-17 18:00,18,2,0,3.1,914.0
2025-12-17 19:00,19,2,0,2.8,829.5
2025-12-17 20:00,20,2,0,1.2,741.5
2025-12-17 21:00,21,2,0,0.5,652.8
2025-12-17 22:00,22,2,0,-0.6,586.4
2025-12-17 23:00,23,2,0,-1.7,532.2
2025-12-18 00:00,0,3,0,-2.5,527.0
2025-12-18 01:00,1,3,0,-3.5,564.9
2025-12-18 02:00,2,3,0,-4.1,611.1
2025-12-18 03:00,3,3,0,-3.5,657.6
2025-12-18 04:00,4,3,0,-3.0,725.3
2025-12-18 05:00,5,3,0,-4.0,786.4
2025-12-18 06:00,6,3,0,-3.7,825.9
2025-12-18 07:00,7,3,0,-2.1,839.8
2025-12-18 08:00,8,3,0,-1.3,851.6
2025-12-18 09:00,9,3,0,0.1,859.9
2025-12-18 10:00,10,3,0,1.8,866.1
2025-12-18 11:00,11,3,0,3.4,885.8
2025-12-18 12:00,12,3,0,4.7,927.3
2025-12-18 13:00,13,3,0,5.5,968.7
2025-12-18 14:00,14,3,0,5.6,997.0
2025-12-18 15:00,15,3,0,5.6,1013.1
2025-12-18 16:00,16,3,0,6.9,989.2
2025-12-18 17:00,17,3,0,7.1,973.4
2025-12-18 18:00,18,3,0,7.2,890.6
2025-12-18 19:00,19,3,0,5.9,805.1
2025-12-18 20:00,20,3,0,4.7,712.8
2025-12-18 21:00,21,3,0,3.3,621.8
2025-12-18 22:00,22,3,0,1.8,561.8
2025-12-18 23:00,23,3,0,0.0,528.2
2025-12-19 00:00,0,4,0,-0.6,527.3
2025-12-19 01:00,1,4,0,-1.5,551.7
2025-12-19 02:00,2,4,0,-2.6,605.1
2025-12-19 03:00,3,4,0,-3.1,658.2
2025-12-19 04:00,4,4,0,-2.4,712.5
2025-12-19 05:00,5,4,0,-2.1,773.1
2025-12-19 06:00,6,4,0,-1.5,803.5
2025-12-19 07:00,7,4,0,-1.6,829.3
2025-12-19 08:00,8,4,0,-0.6,843.8
2025-12-19 09:00,9,4,0,1.2,831.5
2025-12-19 10:00,10,4,0,2.3,830.6
2025-12-19 11:00,11,4,0,3.6,847.8
2025-12-19 12:00,12,4,0,2.9,888.9
2025-12-19 13:00,13,4,0,3.6,930.4
2025-12-19 14:00,14,4,0,3.2,966.2
2025-12-19 15:00,15,4,0,3.3,995.5
2025-12-19 16:00,16,4,0,2.8,1003.6
2025-12-19 17:00,17,4,0,2.0,982.2
2025-12-19 18:00,18,4,0,1.1,950.7
2025-12-19 19:00,19,4,0,0.1,864.1
2025-12-19 20:00,20,4,0,-0.1,771.2
2025-12-19 21:00,21,4,0,-1.0,697.3
2025-12-19 22:00,22,4,0,-2.3,614.4
2025-12-19 23:00,23,4,0,-4.0,579.0
2025-12-20 00:00,0,5,0,-4.4,520.5
2025-12-20 01:00,1,5,0,-5.4,548.7
2025-12-20 02:00,2,5,0,-4.3,580.7
2025-12-20 03:00,3,5,0,-3.3,609.3
2025-12-20 04:00,4,5,0,-2.0,651.9
2025-12-20 05:00,5,5,0,-1.4,700.3
2025-12-20 06:00,6,5,0,-0.0,725.9
2025-12-20 07:00,7,5,0,-0.2,749.1
2025-12-20 08:00,8,5,0,1.1,757.4
2025-12-20 09:00,9,5,0,2.1,770.5
2025-12-20 10:00,10,5,0,3.1,783.4
2025-12-20 11:00,11,5,0,3.5,786.7
2025-12-20 12:00,12,5,0,4.4,825.4
2025-12-20 13:00,13,5,0,6.2,859.9
2025-12-20 14:00,14,5,0,7.0,899.0
2025-12-20 15:00,15,5,0,7.2,917.2
2025-12-20 16:00,16,5,0,7.4,900.9
2025-12-20 17:00,17,5,0,7.3,885.9
2025-12-20 18:00,18,5,0,6.0,819.8
2025-12-20 19:00,19,5,0,5.4,754.4
2025-12-20 20:00,20,5,0,5.1,664.8
2025-12-20 21:00,21,5,0,2.5,599.6
2025-12-20 22:00,22,5,0,0.6,531.1
2025-12-20 23:00,23,5,0,0.9,473.6
2025-12-21 00:00,0,6,0,0.5,437.0
2025-12-21 01:00,1,6,0,-0.5,480.7
2025-12-21 02:00,2,6,0,-1.7,524.9
2025-12-21 03:00,3,6,0,-1.8,565.8
2025-12-21 04:00,4,6,0,-1.7,609.1
2025-12-21 05:00,5,6,0,-0.3,659.9
2025-12-21 06:00,6,6,0,-0.7,678.3
2025-12-21 07:00,7,6,0,-0.3,691.9
2025-12-21 08:00,8,6,0,1.6,709.7
2025-12-21 09:00,9,6,0,3.6,695.7
2025-12-21 10:00,10,6,0,4.6,722.0
2025-12-21 11:00,11,6,0,5.2,727.5
2025-12-21 12:00,12,6,0,6.0,758.4
2025-12-21 13:00,13,6,0,6.6,787.4
2025-12-21 14:00,14,6,0,7.1,829.4
2025-12-21 15:00,15,6,0,7.1,848.9
2025-12-21 16:00,16,6,0,7.1,854.3
2025-12-21 17:00,17,6,0,6.4,842.6
2025-12-21 18:00,18,6,0,6.1,784.9
2025-12-21 19:00,19,6,0,5.7,708.2
2025-12-21 20:00,20,6,0,4.9,622.5
2025-12-21 21:00,21,6,0,4.0,545.6
2025-12-21 22:00,22,6,0,3.5,475.9
2025-12-21 23:00,23,6,0,2.6,438.0
2025-12-22 00:00,0,0,0,2.4,514.6
2025-12-22 01:00,1,0,0,0.8,545.4
2025-12-22 02:00,2,0,0,-0.2,591.1
2025-12-22 03:00,3,0,0,0.3,639.4
2025-12-22 04:00,4,0,0,1.0,709.3
2025-12-22 05:00,5,0,0,1.8,754.8
2025-12-22 06:00,6,0,0,2.9,789.5
2025-12-22 07:00,7,0,0,3.6,788.8
2025-12-22 08:00,8,0,0,5.0,802.9
2025-12-22 09:00,9,0,0,6.3,808.6
2025-12-22 10:00,10,0,0,6.3,818.2
2025-12-22 11:00,11,0,0,6.8,843.3
2025-12-22 12:00,12,0,0,7.6,885.6
2025-12-22 13:00,13,0,0,6.4,944.0
2025-12-22 14:00,14,0,0,7.2,964.3
2025-12-22 15:00,15,0,0,7.4,996.7
2025-12-22 16:00,16,0,0,6.8,1008.6
2025-12-22 17:00,17,0,0,6.1,978.4
2025-12-22 18:00,18,0,0,5.8,924.5
2025-12-22 19:00,19,0,0,5.4,841.7
2025-12-22 20:00,20,0,0,3.6,750.5
2025-12-22 21:00,21,0,0,2.9,653.1
2025-12-22 22:00,22,0,0,1.7,585.7
2025-12-22 23:00,23,0,0,0.6,541.9
2025-12-23 00:00,0,1,0,-0.9,526.3
2025-12-23 01:00,1,1,0,-1.3,559.7
2025-12-23 02:00,2,1,0,-2.6,592.0
2025-12-23 03:00,3,1,0,-2.8,651.1
2025-12-23 04:00,4,1,0,-2.5,720.8
2025-12-23 05:00,5,1,0,-3.2,766.0
2025-12-23 06:00,6,1,0,-2.1,808.8
2025-12-23 07:00,7,1,0,-0.4,813.2
2025-12-23 08:00,8,1,0,1.6,820.8
2025-12-23 09:00,9,1,0,3.0,816.1
2025-12-23 10:00,10,1,0,3.8,832.8
2025-12-23 11:00,11,1,0,4.2,879.9
2025-12-23 12:00,12,1,0,4.9,917.9
2025-12-23 13:00,13,1,0,5.8,955.9
2025-12-23 14:00,14,1,0,5.8,970.3
2025-12-23 15:00,15,1,0,6.1,1000.8
2025-12-23 16:00,16,1,0,6.5,1011.6
2025-12-23 17:00,17,1,0,6.2,964.2
2025-12-23 18:00,18,1,0,5.7,895.1
2025-12-23 19:00,19,1,0,5.1,826.8
2025-12-23 20:00,20,1,0,4.6,716.2
2025-12-23 21:00,21,1,0,4.1,630.7
2025-12-23 22:00,22,1,0,3.2,548.7
2025-12-23 23:00,23,1,0,1.8,508.4
2025-12-24 00:00,0,2,0,1.3,488.5
2025-12-24 01:00,1,2,0,0.8,511.1
2025-12-24 02:00,2,2,0,0.8,558.5
2025-12-24 03:00,3,2,0,1.5,604.2
2025-12-24 04:00,4,2,0,1.2,667.3
2025-12-24 05:00,5,2,0,1.4,714.6
2025-12-24 06:00,6,2,0,2.3,754.1
2025-12-24 07:00,7,2,0,3.0,787.7
2025-12-24 08:00,8,2,0,3.8,796.0
2025-12-24 09:00,9,2,0,5.4,799.7
2025-12-24 10:00,10,2,0,5.8,814.9
2025-12-24 11:00,11,2,0,6.1,826.2
2025-12-24 12:00,12,2,0,6.4,863.9
2025-12-24 13:00,13,2,0,7.6,915.6
2025-12-24 14:00,14,2,0,7.5,961.7
2025-12-24 15:00,15,2,0,7.7,984.5
2025-12-24 16:00,16,2,0,7.6,991.5
2025-12-24 17:00,17,2,0,6.6,964.8
2025-12-24 18:00,18,2,0,6.7,905.5
2025-12-24 19:00,19,2,0,6.0,817.3
2025-12-24 20:00,20,2,0,5.7,727.8
2025-12-24 21:00,21,2,0,4.6,647.3
2025-12-24 22:00,22,2,0,4.0,579.4
2025-12-24 23:00,23,2,0,2.9,539.5
2025-12-25 00:00,0,3,0,0.9,545.4
2025-12-25 01:00,1,3,0,0.7,551.6
2025-12-25 02:00,2,3,0,0.3,612.2
2025-12-25 03:00,3,3,0,0.1,651.3
2025-12-25 04:00,4,3,0,0.4,705.0
2025-12-25 05:00,5,3,0,1.0,763.3
2025-12-25 06:00,6,3,0,2.5,782.6
2025-12-25 07:00,7,3,0,3.3,797.9
2025-12-25 08:00,8,3,0,4.5,808.6
2025-12-25 09:00,9,3,0,6.4,817.7
2025-12-25 10:00,10,3,0,7.4,827.1
2025-12-25 11:00,11,3,0,8.6,854.3
2025-12-25 12:00,12,3,0,9.8,895.6
2025-12-25 13:00,13,3,0,9.6,938.5
2025-12-25 14:00,14,3,0,10.7,964.0
2025-12-25 15:00,15,3,0,10.0,990.6
2025-12-25 16:00,16,3,0,9.2,985.6
2025-12-25 17:00,17,3,0,8.5,955.0
2025-12-25 18:00,18,3,0,7.8,884.9
2025-12-25 19:00,19,3,0,6.9,812.0
2025-12-25 20:00,20,3,0,4.9,714.8
2025-12-25 21:00,21,3,0,3.8,644.8
2025-12-25 22:00,22,3,0,3.7,551.3
2025-12-25 23:00,23,3,0,2.8,498.8
2025-12-26 00:00,0,4,0,1.5,491.6
2025-12-26 01:00,1,4,0,0.9,496.8
2025-12-26 02:00,2,4,0,0.9,569.9
2025-12-26 03:00,3,4,0,0.9,608.3
2025-12-26 04:00,4,4,0,0.7,671.5
2025-12-26 05:00,5,4,0,2.3,723.2
2025-12-26 06:00,6,4,0,3.1,783.2
2025-12-26 07:00,7,4,0,4.0,806.5
2025-12-26 08:00,8,4,0,5.9,804.5
2025-12-26 09:00,9,4,0,7.1,810.8
2025-12-26 10:00,10,4,0,8.3,814.9
2025-12-26 11:00,11,4,0,9.5,844.5
2025-12-26 12:00,12,4,0,9.8,875.4
2025-12-26 13:00,13,4,0,10.4,902.9
2025-12-26 14:00,14,4,0,10.3,956.6
2025-12-26 15:00,15,4,0,10.1,958.6
2025-12-26 16:00,16,4,0,9.3,970.0
2025-12-26 17:00,17,4,0,8.7,954.5
2025-12-26 18:00,18,4,0,9.1,879.3
2025-12-26 19:00,19,4,0,7.6,790.3
2025-12-26 20:00,20,4,0,7.1,703.0
2025-12-26 21:00,21,4,0,6.5,598.8
2025-12-26 22:00,22,4,0,5.3,539.2
2025-12-26 23:00,23,4,0,3.4,513.1
2025-12-27 00:00,0,5,0,2.8,462.2
2025-12-27 01:00,1,5,0,1.8,490.0
2025-12-27 02:00,2,5,0,1.7,529.0
2025-12-27 03:00,3,5,0,1.1,581.0
2025-12-27 04:00,4,5,0,0.6,627.3
2025-12-27 05:00,5,5,0,-0.4,671.1
2025-12-27 06:00,6,5,0,0.2,686.9
2025-12-27 07:00,7,5,0,1.3,710.3
2025-12-27 08:00,8,5,0,2.6,730.6
2025-12-27 09:00,9,5,0,3.9,742.8
2025-12-27 10:00,10,5,0,4.0,751.1
2025-12-27 11:00,11,5,0,4.9,780.8
2025-12-27 12:00,12,5,0,6.7,797.7
2025-12-27 13:00,13,5,0,7.8,822.8
2025-12-27 14:00,14,5,0,8.0,848.9
2025-12-27 15:00,15,5,0,8.7,888.6
2025-12-27 16:00,16,5,0,9.3,885.9
2025-12-27 17:00,17,5,0,8.8,867.1
2025-12-27 18:00,18,5,0,7.2,823.5
2025-12-27 19:00,19,5,0,5.5,766.5
2025-12-27 20:00,20,5,0,4.8,676.0
2025-12-27 21:00,21,5,0,3.5,599.7
2025-12-27 22:00,22,5,0,2.4,509.0
2025-12-27 23:00,23,5,0,0.7,485.1
2025-12-28 00:00,0,6,0,-0.5,456.6
2025-12-28 01:00,1,6,0,-1.5,473.5
2025-12-28 02:00,2,6,0,-2.9,521.5
2025-12-28 03:00,3,6,0,-2.7,573.8
2025-12-28 04:00,4,6,0,-2.2,622.4
2025-12-28 05:00,5,6,0,-2.1,656.3
2025-12-28 06:00,6,6,0,-2.1,699.3
2025-12-28 07:00,7,6,0,-1.7,704.0
2025-12-28 08:00,8,6,0,-0.5,702.7
2025-12-28 09:00,9,6,0,-0.4,711.5
2025-12-28 10:00,10,6,0,1.2,710.2
2025-12-28 11:00,11,6,0,2.0,725.5
2025-12-28 12:00,12,6,0,2.5,764.1
2025-12-28 13:00,13,6,0,3.0,810.7
2025-12-28 14:00,14,6,0,4.0,834.8
2025-12-28 15:00,15,6,0,4.8,850.8
2025-12-28 16:00,16,6,0,4.9,851.3
2025-12-28 17:00,17,6,0,3.6,833.5
2025-12-28 18:00,18,6,0,3.3,778.5
2025-12-28 19:00,19,6,0,2.1,739.4
2025-12-28 20:00,20,6,0,0.2,670.3
2025-12-28 21:00,21,6,0,-1.2,609.4
2025-12-28 22:00,22,6,0,-3.0,554.4
2025-12-28 23:00,23,6,0,-3.6,512.2
2025-12-29 00:00,0,0,0,-3.7,566.9
2025-12-29 01:00,1,0,0,-4.1,581.6
2025-12-29 02:00,2,0,0,-3.3,628.2
2025-12-29 03:00,3,0,0,-3.6,688.1
2025-12-29 04:00,4,0,0,-3.1,751.9
2025-12-29 05:00,5,0,0,-3.1,775.5
2025-12-29 06:00,6,0,0,-2.6,803.5
2025-12-29 07:00,7,0,0,-1.3,830.7
2025-12-29 08:00,8,0,0,0.4,844.7
2025-12-29 09:00,9,0,0,0.9,845.0
2025-12-29 10:00,10,0,0,2.0,861.9
2025-12-29 11:00,11,0,0,3.4,863.6
2025-12-29 12:00,12,0,0,3.9,894.1
2025-12-29 13:00,13,0,0,5.0,933.6
2025-12-29 14:00,14,0,0,5.0,989.5
2025-12-29 15:00,15,0,0,5.4,994.8
2025-12-29 16:00,16,0,0,5.8,994.0
2025-12-29 17:00,17,0,0,5.3,963.2
2025-12-29 18:00,18,0,0,3.9,920.2
2025-12-29 19:00,19,0,0,3.4,832.0
2025-12-29 20:00,20,0,0,1.4,747.4
2025-12-29 21:00,21,0,0,-1.0,672.6
2025-12-29 22:00,22,0,0,-1.8,599.6
2025-12-29 23:00,23,0,0,-2.9,546.9
2025-12-30 00:00,0,1,0,-3.8,543.2
2025-12-30 01:00,1,1,0,-4.0,562.0
2025-12-30 02:00,2,1,0,-3.6,614.3
2025-12-30 03:00,3,1,0,-2.1,670.8
2025-12-30 04:00,4,1,0,-1.5,720.6
2025-12-30 05:00,5,1,0,-1.2,759.6
2025-12-30 06:00,6,1,0,-1.1,825.8
2025-12-30 07:00,7,1,0,-0.0,820.5
2025-12-30 08:00,8,1,0,0.5,811.0
2025-12-30 09:00,9,1,0,2.5,825.2
2025-12-30 10:00,10,1,0,3.5,841.9
2025-12-30 11:00,11,1,0,5.0,857.7
2025-12-30 12:00,12,1,0,5.8,884.3
2025-12-30 13:00,13,1,0,6.1,919.8
2025-12-30 14:00,14,1,0,5.4,972.1
2025-12-30 15:00,15,1,0,5.0,988.2
2025-12-30 16:00,16,1,0,4.7,999.4
2025-12-30 17:00,17,1,0,4.6,981.7
2025-12-30 18:00,18,1,0,2.8,930.9
2025-12-30 19:00,19,1,0,3.1,854.9
2025-12-30 20:00,20,1,0,2.8,753.2
2025-12-30 21:00,21,1,0,2.7,662.6
2025-12-30 22:00,22,1,0,1.0,586.1
2025-12-30 23:00,23,1,0,0.0,540.0
2025-12-31 00:00,0,2,0,-1.3,539.0
2025-12-31 01:00,1,2,0,-1.9,580.0
2025-12-31 02:00,2,2,0,-2.1,619.9
2025-12-31 03:00,3,2,0,-1.8,681.4
2025-12-31 04:00,4,2,0,-0.7,724.0
2025-12-31 05:00,5,2,0,-2.2,798.1
2025-12-31 06:00,6,2,0,-1.0,822.2
2025-12-31 07:00,7,2,0,-0.1,832.1
2025-12-31 08:00,8,2,0,0.3,834.7
2025-12-31 09:00,9,2,0,1.7,840.2
2025-12-31 10:00,10,2,0,3.1,840.2
2025-12-31 11:00,11,2,0,4.4,880.8
2025-12-31 12:00,12,2,0,4.4,919.5
2025-12-31 13:00,13,2,0,6.4,957.8
2025-12-31 14:00,14,2,0,7.4,987.6
2025-12-31 15:00,15,2,0,6.4,1026.7
2025-12-31 16:00,16,2,0,6.3,1025.7
2025-12-31 17:00,17,2,0,6.1,976.6
2025-12-31 18:00,18,2,0,6.6,910.7
2025-12-31 19:00,19,2,0,6.3,823.3
2025-12-31 20:00,20,2,0,6.2,726.9
2025-12-31 21:00,21,2,0,5.8,644.8
2025-12-31 22:00,22,2,0,4.8,556.5
2025-12-31 23:00,23,2,0,2.3,540.6
